{
"type": "FeatureCollection",
"name": "osm_nonresidential",
"crs": { "type": "name", "properties": { "name": "urn:ogc:def:crs:OGC:1.3:CRS84" } },
"features": [
{ "type": "Feature", "properties": { "osm_id": "w31982271", "kind": "cemetery" }, "geometry": { "type": "Polygon", "coordinates": [ [ [ 69.2730102, 41.3296587 ], [ 69.2730839, 41.3296659 ], [ 69.2731368, 41.3296747 ], [ 69.2732176, 41.329684 ], [ 69.2732591, 41.3294817 ], [ 69.2732366, 41.3294117 ], [ 69.2733224, 41.3293516 ], [ 69.2734491, 41.3293095 ], [ 69.2736785, 41.3292172 ], [ 69.2739131, 41.3294476 ], [ 69.2740724, 41.329551 ], [ 69.2744563, 41.3300048 ], [ 69.2746296, 41.330063 ], [ 69.2747815, 41.3301232 ], [ 69.2752855, 41.3303117 ], [ 69.2755946, 41.3303937 ], [ 69.2769202, 41.3319341 ], [ 69.2774244, 41.3326897 ], [ 69.2777773, 41.3332879 ], [ 69.277316, 41.3334468 ], [ 69.2770748, 41.3336375 ], [ 69.2768937, 41.3338419 ], [ 69.2767033, 41.3338852 ], [ 69.2766271, 41.3335929 ], [ 69.2763296, 41.3336508 ], [ 69.2760912, 41.3339282 ], [ 69.2756291, 41.3338224 ], [ 69.2752685, 41.3338395 ], [ 69.2752915, 41.3339342 ], [ 69.2739415, 41.3341021 ], [ 69.2738848, 41.3341108 ], [ 69.2738259, 41.3341178 ], [ 69.2736828, 41.334137 ], [ 69.2733819, 41.3337878 ], [ 69.2732945, 41.3336105 ], [ 69.2732619, 41.3334628 ], [ 69.2732414, 41.3330629 ], [ 69.2732791, 41.3327405 ], [ 69.2733951, 41.3324059 ], [ 69.2735302, 41.3320876 ], [ 69.2734664, 41.3317391 ], [ 69.273389, 41.3315146 ], [ 69.2732937, 41.3312365 ], [ 69.2733042, 41.3308191 ], [ 69.2733169, 41.3306612 ], [ 69.2733136, 41.3305076 ], [ 69.2732965, 41.3303566 ], [ 69.2732411, 41.3302093 ], [ 69.2731826, 41.3300644 ], [ 69.2730481, 41.3298266 ], [ 69.2730291, 41.3297425 ], [ 69.2730102, 41.3296587 ] ] ] } },
{ "type": "Feature", "properties": { "osm_id": "w32239120", "kind": "military" }, "geometry": { "type": "Polygon", "coordinates": [ [ [ 69.2773625, 41.3184767 ], [ 69.2779339, 41.3183489 ], [ 69.2780102, 41.3185389 ], [ 69.2785625, 41.3184257 ], [ 69.2787498, 41.3189145 ], [ 69.2785387, 41.3189478 ], [ 69.2790679, 41.320356 ], [ 69.2781561, 41.3204537 ], [ 69.2773625, 41.3184767 ] ] ] } },
{ "type": "Feature", "properties": { "osm_id": "w32294105", "kind": "industrial" }, "geometry": { "type": "Polygon", "coordinates": [ [ [ 69.2550515, 41.2625646 ], [ 69.2557024, 41.2629688 ], [ 69.2561551, 41.2632922 ], [ 69.2568637, 41.2637164 ], [ 69.2572958, 41.263965 ], [ 69.2570321, 41.2643727 ], [ 69.2572748, 41.2644614 ], [ 69.2573594, 41.2643306 ], [ 69.2577399, 41.2644697 ], [ 69.2578184, 41.2643484 ], [ 69.2578897, 41.264341 ], [ 69.2584449, 41.2646325 ], [ 69.258586, 41.2647686 ], [ 69.2586409, 41.2648316 ], [ 69.2587912, 41.2649162 ], [ 69.2604605, 41.265714 ], [ 69.2596621, 41.2666724 ], [ 69.2596414, 41.2666971 ], [ 69.2587931, 41.266366 ], [ 69.2582206, 41.2660937 ], [ 69.2579545, 41.2658966 ], [ 69.2577257, 41.265686 ], [ 69.2567304, 41.2646265 ], [ 69.2567314, 41.2645649 ], [ 69.255845, 41.2636111 ], [ 69.2557567, 41.2635162 ], [ 69.2557037, 41.263468 ], [ 69.255545, 41.263294 ], [ 69.2553657, 41.2630973 ], [ 69.2552101, 41.2629266 ], [ 69.2550362, 41.2626952 ], [ 69.2550515, 41.2625646 ] ] ] } },
{ "type": "Feature", "properties": { "osm_id": "w32458784", "kind": "industrial" }, "geometry": { "type": "Polygon", "coordinates": [ [ [ 69.2953739, 41.3535198 ], [ 69.2950545, 41.3542246 ], [ 69.2957236, 41.3543988 ], [ 69.2956147, 41.3547612 ], [ 69.2962414, 41.3549102 ], [ 69.2965814, 41.3553323 ], [ 69.2985491, 41.3552976 ], [ 69.2985158, 41.3544633 ], [ 69.2973456, 41.3544701 ], [ 69.2973322, 41.353851 ], [ 69.297304, 41.353848 ], [ 69.2972997, 41.3533649 ], [ 69.2968148, 41.3532684 ], [ 69.2966889, 41.3532426 ], [ 69.2966396, 41.3533682 ], [ 69.2957604, 41.3531737 ], [ 69.2958133, 41.3530388 ], [ 69.2956062, 41.352993 ], [ 69.2953739, 41.3535198 ] ] ] } },
{ "type": "Feature", "properties": { "osm_id": "w32458832", "kind": "industrial" }, "geometry": { "type": "Polygon", "coordinates": [ [ [ 69.2898322, 41.351882 ], [ 69.2900898, 41.3518804 ], [ 69.2900845, 41.3514049 ], [ 69.290084, 41.3513601 ], [ 69.2900829, 41.3513285 ], [ 69.2902299, 41.3513245 ], [ 69.2902296, 41.3512541 ], [ 69.2905294, 41.3512341 ], [ 69.2906699, 41.3512268 ], [ 69.2907716, 41.3512208 ], [ 69.290834, 41.3519313 ], [ 69.2908593, 41.3522187 ], [ 69.2898003, 41.3522382 ], [ 69.2897896, 41.3520832 ], [ 69.2898322, 41.351882 ] ] ] } },
{ "type": "Feature", "properties": { "osm_id": "w32458848", "kind": "industrial" }, "geometry": { "type": "Polygon", "coordinates": [ [ [ 69.3025673, 41.3561091 ], [ 69.3025939, 41.3560864 ], [ 69.3036626, 41.356238 ], [ 69.3039097, 41.3553268 ], [ 69.3039168, 41.3552784 ], [ 69.3040022, 41.3549316 ], [ 69.3040034, 41.3548926 ], [ 69.3085425, 41.3559269 ], [ 69.3083971, 41.3562306 ], [ 69.3076514, 41.356768 ], [ 69.3073756, 41.356621 ], [ 69.3062302, 41.3565934 ], [ 69.3050916, 41.3564517 ], [ 69.3047163, 41.3564371 ], [ 69.3037439, 41.3562924 ], [ 69.3035857, 41.3563143 ], [ 69.3034047, 41.3564977 ], [ 69.3033577, 41.3565126 ], [ 69.302729, 41.3563864 ], [ 69.3025673, 41.3561091 ] ] ] } },
{ "type": "Feature", "properties": { "osm_id": "w32458920", "kind": "industrial" }, "geometry": { "type": "Polygon", "coordinates": [ [ [ 69.3294709, 41.3657203 ], [ 69.32871, 41.3663072 ], [ 69.3269174, 41.3650982 ], [ 69.3261638, 41.3644955 ], [ 69.3268574, 41.3638872 ], [ 69.3294709, 41.3657203 ] ] ] } },
{ "type": "Feature", "properties": { "osm_id": "w32643867", "kind": "cemetery" }, "geometry": { "type": "Polygon", "coordinates": [ [ [ 69.2503852, 41.3473734 ], [ 69.2497251, 41.3461409 ], [ 69.2495814, 41.3461974 ], [ 69.2494322, 41.3459852 ], [ 69.2494118, 41.3459564 ], [ 69.2493451, 41.3459753 ], [ 69.2491031, 41.3456987 ], [ 69.2493697, 41.3455762 ], [ 69.2488322, 41.3448036 ], [ 69.2486938, 41.3448635 ], [ 69.2481595, 41.3441586 ], [ 69.2477697, 41.3442326 ], [ 69.247336, 41.3444966 ], [ 69.2472366, 41.3448049 ], [ 69.2471628, 41.3449412 ], [ 69.2467964, 41.3449925 ], [ 69.2467001, 41.3451905 ], [ 69.2467018, 41.3452041 ], [ 69.2468649, 41.3464915 ], [ 69.2469656, 41.3467537 ], [ 69.2470521, 41.3468283 ], [ 69.2472774, 41.3475818 ], [ 69.2474793, 41.3477295 ], [ 69.2480098, 41.3477411 ], [ 69.2484756, 41.3477625 ], [ 69.2500088, 41.3477298 ], [ 69.2504222, 41.3477319 ], [ 69.2504987, 41.3476535 ], [ 69.2503852, 41.3473734 ] ] ] } },
{ "type": "Feature", "properties": { "osm_id": "w33052704", "kind": "industrial" }, "geometry": { "type": "Polygon", "coordinates": [ [ [ 69.3074421, 41.3341893 ], [ 69.3092979, 41.3344447 ], [ 69.3100689, 41.3344297 ], [ 69.3105688, 41.3343169 ], [ 69.3111165, 41.3341384 ], [ 69.3110984, 41.3340536 ], [ 69.3112123, 41.3339885 ], [ 69.3114237, 41.3334365 ], [ 69.3117119, 41.3328238 ], [ 69.3119797, 41.3329013 ], [ 69.3120748, 41.3326527 ], [ 69.310858, 41.3323508 ], [ 69.3102112, 41.3321898 ], [ 69.3095714, 41.3339754 ], [ 69.3085261, 41.3337124 ], [ 69.3086807, 41.332732 ], [ 69.3064581, 41.332304 ], [ 69.305933, 41.3339445 ], [ 69.3074421, 41.3341893 ] ] ] } },
{ "type": "Feature", "properties": { "osm_id": "w33053220", "kind": "industrial" }, "geometry": { "type": "Polygon", "coordinates": [ [ [ 69.3112726, 41.3352236 ], [ 69.3087252, 41.33479 ], [ 69.3073347, 41.3345451 ], [ 69.306588, 41.3358792 ], [ 69.305558, 41.3355827 ], [ 69.3052147, 41.3362529 ], [ 69.3057898, 41.3367298 ], [ 69.30488, 41.3385278 ], [ 69.3071888, 41.3391852 ], [ 69.3077811, 41.3394043 ], [ 69.3082531, 41.3393076 ], [ 69.3090158, 41.3395456 ], [ 69.3092255, 41.3394406 ], [ 69.3098893, 41.3385602 ], [ 69.3102556, 41.3376457 ], [ 69.3105574, 41.3372285 ], [ 69.3112726, 41.3352236 ] ] ] } },
{ "type": "Feature", "properties": { "osm_id": "w33053432", "kind": "industrial" }, "geometry": { "type": "Polygon", "coordinates": [ [ [ 69.3093518, 41.3397007 ], [ 69.3083475, 41.3409251 ], [ 69.3078755, 41.3415244 ], [ 69.3070515, 41.3421817 ], [ 69.3059443, 41.3430581 ], [ 69.3040345, 41.3426213 ], [ 69.3044629, 41.3419657 ], [ 69.30437, 41.3417508 ], [ 69.3015306, 41.3402702 ], [ 69.3019703, 41.3397974 ], [ 69.3016528, 41.3396234 ], [ 69.3028372, 41.338457 ], [ 69.3026656, 41.3381283 ], [ 69.3029574, 41.337877 ], [ 69.3028413, 41.3376355 ], [ 69.3034809, 41.3362594 ], [ 69.3046568, 41.3360596 ], [ 69.3050087, 41.3360983 ], [ 69.3051718, 41.3362401 ], [ 69.3057297, 41.3367298 ], [ 69.3048113, 41.3385536 ], [ 69.3071974, 41.3392367 ], [ 69.3077811, 41.3394558 ], [ 69.3082445, 41.3393527 ], [ 69.3093518, 41.3397007 ] ] ] } },
{ "type": "Feature", "properties": { "osm_id": "w33055127", "kind": "industrial" }, "geometry": { "type": "Polygon", "coordinates": [ [ [ 69.3171738, 41.3356199 ], [ 69.3200455, 41.336046 ], [ 69.3207758, 41.3361756 ], [ 69.3205445, 41.3354932 ], [ 69.3205055, 41.3353736 ], [ 69.3202545, 41.3344952 ], [ 69.3196311, 41.3330909 ], [ 69.3192312, 41.3327392 ], [ 69.3190768, 41.3325438 ], [ 69.3188284, 41.3323588 ], [ 69.3181065, 41.3313485 ], [ 69.3175228, 41.331168 ], [ 69.3171023, 41.3311035 ], [ 69.3166989, 41.3310842 ], [ 69.3162096, 41.33111 ], [ 69.3157633, 41.3311873 ], [ 69.3153256, 41.3313033 ], [ 69.3148535, 41.3314902 ], [ 69.3144844, 41.3317029 ], [ 69.3148278, 41.3319092 ], [ 69.3151039, 41.331976 ], [ 69.3160153, 41.3322858 ], [ 69.316379, 41.3325673 ], [ 69.316535, 41.333371 ], [ 69.3170427, 41.334412 ], [ 69.3171738, 41.3356199 ] ] ] } },
{ "type": "Feature", "properties": { "osm_id": "w33055132", "kind": "industrial" }, "geometry": { "type": "Polygon", "coordinates": [ [ [ 69.324503, 41.3408166 ], [ 69.3262624, 41.3410913 ], [ 69.3270436, 41.3382195 ], [ 69.3254128, 41.3380069 ], [ 69.3255759, 41.3373173 ], [ 69.3248291, 41.3372142 ], [ 69.3248409, 41.3370524 ], [ 69.3240935, 41.3369287 ], [ 69.323898, 41.3374808 ], [ 69.3225279, 41.3373561 ], [ 69.3224649, 41.3377221 ], [ 69.3227139, 41.3391173 ], [ 69.3241423, 41.3406016 ], [ 69.324503, 41.3408166 ] ] ] } },
{ "type": "Feature", "properties": { "osm_id": "w33116533", "kind": "industrial" }, "geometry": { "type": "Polygon", "coordinates": [ [ [ 69.3047753, 41.3155049 ], [ 69.3051518, 41.3137863 ], [ 69.3053192, 41.3133846 ], [ 69.3030526, 41.3133269 ], [ 69.3030193, 41.3141152 ], [ 69.304347, 41.3144132 ], [ 69.3041852, 41.3146014 ], [ 69.3040605, 41.3154278 ], [ 69.3047753, 41.3155049 ] ] ] } },
{ "type": "Feature", "properties": { "osm_id": "w35004535", "kind": "industrial" }, "geometry": { "type": "Polygon", "coordinates": [ [ [ 69.2337274, 41.2634101 ], [ 69.23575, 41.2644819 ], [ 69.235437, 41.2647159 ], [ 69.2355296, 41.2647736 ], [ 69.2354429, 41.2648557 ], [ 69.2355333, 41.2649094 ], [ 69.2354598, 41.2649826 ], [ 69.235493, 41.2650058 ], [ 69.2353018, 41.265186 ], [ 69.2359851, 41.265561 ], [ 69.2365489, 41.2659159 ], [ 69.2368849, 41.2660634 ], [ 69.2360168, 41.2668521 ], [ 69.2355529, 41.2672437 ], [ 69.2351675, 41.2674887 ], [ 69.2350765, 41.2673786 ], [ 69.2344405, 41.2666234 ], [ 69.2344334, 41.2666149 ], [ 69.2342573, 41.2664058 ], [ 69.2342165, 41.2662442 ], [ 69.2341755, 41.2662504 ], [ 69.2341212, 41.266252 ], [ 69.2338326, 41.2658572 ], [ 69.2337232, 41.2656987 ], [ 69.2337068, 41.2656795 ], [ 69.233684, 41.2656865 ], [ 69.2336325, 41.2657024 ], [ 69.2334803, 41.265487 ], [ 69.2333424, 41.2652662 ], [ 69.2332416, 41.2650486 ], [ 69.2331717, 41.2647449 ], [ 69.2331592, 41.2643959 ], [ 69.2332063, 41.2642245 ], [ 69.2332253, 41.2641237 ], [ 69.2332284, 41.2641071 ], [ 69.2332865, 41.2639719 ], [ 69.2333512, 41.2638523 ], [ 69.2333573, 41.263841 ], [ 69.2334724, 41.2636942 ], [ 69.2337274, 41.2634101 ] ] ] } },
{ "type": "Feature", "properties": { "osm_id": "w46788905", "kind": "industrial" }, "geometry": { "type": "Polygon", "coordinates": [ [ [ 69.5879554, 41.4568994 ], [ 69.5875162, 41.4555933 ], [ 69.5869187, 41.4538416 ], [ 69.5869707, 41.4534018 ], [ 69.586518, 41.4520596 ], [ 69.5863458, 41.4518297 ], [ 69.5862264, 41.4514721 ], [ 69.5866921, 41.4513693 ], [ 69.587185, 41.4501978 ], [ 69.5849708, 41.4494261 ], [ 69.5849426, 41.4494444 ], [ 69.5834292, 41.4504253 ], [ 69.5832981, 41.450376 ], [ 69.5821273, 41.4494057 ], [ 69.5838769, 41.4482083 ], [ 69.5841647, 41.4481425 ], [ 69.5841804, 41.4480076 ], [ 69.5837546, 41.4477696 ], [ 69.5829402, 41.4481848 ], [ 69.5817823, 41.4483918 ], [ 69.580974, 41.4484107 ], [ 69.5803275, 41.4481098 ], [ 69.5798862, 41.447998 ], [ 69.5789651, 41.4474811 ], [ 69.5787598, 41.4473037 ], [ 69.5785486, 41.4470591 ], [ 69.5784832, 41.4470881 ], [ 69.5783442, 41.4469034 ], [ 69.5775479, 41.4462482 ], [ 69.5773612, 41.4460029 ], [ 69.5767341, 41.4451382 ], [ 69.5756995, 41.4442397 ], [ 69.5768344, 41.4435058 ], [ 69.5774579, 41.4439754 ], [ 69.5784596, 41.4453452 ], [ 69.5794051, 41.4447955 ], [ 69.5801726, 41.4453746 ], [ 69.5839589, 41.4475034 ], [ 69.5841397, 41.4473244 ], [ 69.5845544, 41.4475698 ], [ 69.5852385, 41.4467998 ], [ 69.5870496, 41.4464404 ], [ 69.5870829, 41.4465235 ], [ 69.5873782, 41.4464674 ], [ 69.5872535, 41.4460741 ], [ 69.5872104, 41.4455649 ], [ 69.5878163, 41.4454297 ], [ 69.5875546, 41.4446924 ], [ 69.5888235, 41.4444426 ], [ 69.5881326, 41.4425065 ], [ 69.587176, 41.4398261 ], [ 69.5882339, 41.4400398 ], [ 69.5902556, 41.4408099 ], [ 69.5917893, 41.4429292 ], [ 69.5896258, 41.4440592 ], [ 69.5899331, 41.4450148 ], [ 69.5927835, 41.4444627 ], [ 69.5934066, 41.4461546 ], [ 69.5940703, 41.4479566 ], [ 69.5942894, 41.448605 ], [ 69.59446, 41.4491093 ], [ 69.5946834, 41.4491549 ], [ 69.5952818, 41.4517837 ], [ 69.5944061, 41.4519851 ], [ 69.5934881, 41.4521765 ], [ 69.5941649, 41.4541517 ], [ 69.5939916, 41.4542042 ], [ 69.5942121, 41.454845 ], [ 69.5927465, 41.4551411 ], [ 69.5928907, 41.4555377 ], [ 69.5918079, 41.455759 ], [ 69.5919137, 41.4560532 ], [ 69.5879554, 41.4568994 ] ] ] } },
{ "type": "Feature", "properties": { "osm_id": "w46788908", "kind": "industrial" }, "geometry": { "type": "Polygon", "coordinates": [ [ [ 69.5872672, 41.4602781 ], [ 69.5871282, 41.4603209 ], [ 69.5868492, 41.4598158 ], [ 69.5866417, 41.4596515 ], [ 69.5864152, 41.4597718 ], [ 69.5863412, 41.4600273 ], [ 69.5827701, 41.4594595 ], [ 69.5825102, 41.4604083 ], [ 69.5817235, 41.4602686 ], [ 69.5811408, 41.4622214 ], [ 69.5798325, 41.4620111 ], [ 69.5797604, 41.4622626 ], [ 69.5793743, 41.4622093 ], [ 69.576895, 41.4618079 ], [ 69.5760639, 41.4616874 ], [ 69.573938, 41.4591161 ], [ 69.5723963, 41.4572374 ], [ 69.5708605, 41.455554 ], [ 69.5677252, 41.4537665 ], [ 69.5684824, 41.4531256 ], [ 69.5693249, 41.4535614 ], [ 69.5699296, 41.4529644 ], [ 69.5691208, 41.4524441 ], [ 69.5706446, 41.4510276 ], [ 69.5746198, 41.4471618 ], [ 69.5755989, 41.4470425 ], [ 69.5776233, 41.4484247 ], [ 69.5780013, 41.4489292 ], [ 69.5781596, 41.4488297 ], [ 69.5802647, 41.4506819 ], [ 69.5832683, 41.4532376 ], [ 69.5839134, 41.4537902 ], [ 69.5853481, 41.4557186 ], [ 69.585947, 41.4567548 ], [ 69.5865923, 41.4585634 ], [ 69.586635, 41.4585519 ], [ 69.5872672, 41.4602781 ] ] ] } },
{ "type": "Feature", "properties": { "osm_id": "w71882645", "kind": "industrial" }, "geometry": { "type": "Polygon", "coordinates": [ [ [ 69.2115513, 41.2869881 ], [ 69.2115642, 41.2865991 ], [ 69.2117126, 41.2866019 ], [ 69.2119512, 41.2866058 ], [ 69.2122261, 41.2866103 ], [ 69.212255, 41.2868524 ], [ 69.2122372, 41.2875056 ], [ 69.2120257, 41.2880809 ], [ 69.2115516, 41.2880021 ], [ 69.2113218, 41.2878848 ], [ 69.2113539, 41.2876423 ], [ 69.2113567, 41.2874437 ], [ 69.2112554, 41.287445 ], [ 69.2112579, 41.2873585 ], [ 69.2112656, 41.2870936 ], [ 69.2115427, 41.2870902 ], [ 69.2115475, 41.2870339 ], [ 69.2115513, 41.2869881 ] ] ] } },
{ "type": "Feature", "properties": { "osm_id": "w81236930", "kind": "industrial" }, "geometry": { "type": "Polygon", "coordinates": [ [ [ 69.2951022, 41.2956661 ], [ 69.2958101, 41.2949615 ], [ 69.2960436, 41.2946955 ], [ 69.296532, 41.2941132 ], [ 69.2971167, 41.2934462 ], [ 69.2971463, 41.2934126 ], [ 69.2952531, 41.2921689 ], [ 69.2946507, 41.2917722 ], [ 69.2912283, 41.289517 ], [ 69.2897132, 41.2885096 ], [ 69.2898346, 41.2884033 ], [ 69.2891878, 41.287463 ], [ 69.2888242, 41.2876032 ], [ 69.2888497, 41.2876405 ], [ 69.2887755, 41.2876762 ], [ 69.2884606, 41.2873369 ], [ 69.2882998, 41.2872485 ], [ 69.2881566, 41.2870713 ], [ 69.2869922, 41.2876706 ], [ 69.2867549, 41.2877522 ], [ 69.2858732, 41.2878453 ], [ 69.2859153, 41.2880948 ], [ 69.2860063, 41.2882015 ], [ 69.2856854, 41.2883636 ], [ 69.2855666, 41.2884236 ], [ 69.2854432, 41.288395 ], [ 69.2848299, 41.2884265 ], [ 69.284807, 41.2882275 ], [ 69.2846468, 41.2880077 ], [ 69.2834117, 41.2881206 ], [ 69.2834184, 41.2881871 ], [ 69.2834412, 41.2883191 ], [ 69.2841395, 41.288695 ], [ 69.284992, 41.2888058 ], [ 69.2852906, 41.2888006 ], [ 69.2854795, 41.2889021 ], [ 69.2863564, 41.2889311 ], [ 69.2872471, 41.289807 ], [ 69.2870889, 41.2899542 ], [ 69.2888369, 41.2911432 ], [ 69.2888094, 41.2911845 ], [ 69.290361, 41.2921961 ], [ 69.2903336, 41.2922229 ], [ 69.2903075, 41.2922456 ], [ 69.2907686, 41.2926202 ], [ 69.2912728, 41.293129 ], [ 69.2918644, 41.2935371 ], [ 69.2951022, 41.2956661 ] ] ] } },
{ "type": "Feature", "properties": { "osm_id": "w82881215", "kind": "industrial" }, "geometry": { "type": "Polygon", "coordinates": [ [ [ 69.2302718, 41.2506497 ], [ 69.2303488, 41.250071 ], [ 69.2307734, 41.2496532 ], [ 69.2308332, 41.2486479 ], [ 69.2311556, 41.2483546 ], [ 69.2311596, 41.2477482 ], [ 69.2312589, 41.2473659 ], [ 69.231605, 41.2470103 ], [ 69.2316563, 41.245648 ], [ 69.2328099, 41.2446984 ], [ 69.2338422, 41.2446439 ], [ 69.2341843, 41.2446259 ], [ 69.2344155, 41.2446251 ], [ 69.2344626, 41.2445375 ], [ 69.234515, 41.2444403 ], [ 69.2349134, 41.2444797 ], [ 69.2350757, 41.2446646 ], [ 69.2379706, 41.2447272 ], [ 69.238867, 41.2447971 ], [ 69.2392773, 41.2448343 ], [ 69.2394481, 41.2448974 ], [ 69.2394943, 41.2449629 ], [ 69.2394282, 41.2449928 ], [ 69.2393931, 41.2450351 ], [ 69.2393531, 41.2451085 ], [ 69.2393363, 41.2451535 ], [ 69.2393264, 41.2451985 ], [ 69.2393253, 41.2452361 ], [ 69.239338, 41.2452685 ], [ 69.2394968, 41.2455467 ], [ 69.2395379, 41.245646 ], [ 69.2395489, 41.2457767 ], [ 69.2395356, 41.2459697 ], [ 69.2395172, 41.246216 ], [ 69.2394459, 41.2471663 ], [ 69.2394161, 41.2480266 ], [ 69.2393862, 41.2489006 ], [ 69.2393501, 41.2493838 ], [ 69.2392958, 41.2498939 ], [ 69.2392817, 41.2504761 ], [ 69.2392769, 41.2507673 ], [ 69.2392656, 41.2510709 ], [ 69.2389889, 41.2538667 ], [ 69.2389638, 41.2541175 ], [ 69.2388758, 41.2548069 ], [ 69.2381505, 41.2546764 ], [ 69.2368154, 41.254885 ], [ 69.2355514, 41.2549005 ], [ 69.2355319, 41.2552885 ], [ 69.2345028, 41.255302 ], [ 69.234121, 41.2553048 ], [ 69.2341033, 41.2549192 ], [ 69.2331952, 41.2549057 ], [ 69.2322977, 41.2550553 ], [ 69.2317174, 41.2550367 ], [ 69.2296363, 41.2548363 ], [ 69.2301351, 41.2526062 ], [ 69.2302598, 41.2508213 ], [ 69.2302718, 41.2506497 ] ] ] } },
{ "type": "Feature", "properties": { "osm_id": "w83017594", "kind": "industrial" }, "geometry": { "type": "Polygon", "coordinates": [ [ [ 69.2161806, 41.2551464 ], [ 69.2165914, 41.25443 ], [ 69.2203163, 41.2561693 ], [ 69.2199701, 41.2567136 ], [ 69.2194763, 41.2565192 ], [ 69.2193922, 41.2564735 ], [ 69.2193123, 41.256567 ], [ 69.2189724, 41.256414 ], [ 69.2189541, 41.2563297 ], [ 69.2186953, 41.2562389 ], [ 69.2186601, 41.256268 ], [ 69.2161806, 41.2551464 ] ] ] } },
{ "type": "Feature", "properties": { "osm_id": "w83074915", "kind": "garages" }, "geometry": { "type": "Polygon", "coordinates": [ [ [ 69.2170143, 41.2180182 ], [ 69.2176354, 41.2182437 ], [ 69.2181512, 41.2174317 ], [ 69.2175452, 41.217191 ], [ 69.2170143, 41.2180182 ] ] ] } },
{ "type": "Feature", "properties": { "osm_id": "w84089939", "kind": "industrial" }, "geometry": { "type": "Polygon", "coordinates": [ [ [ 69.3377418, 41.2867168 ], [ 69.3380395, 41.2866391 ], [ 69.33817, 41.2865416 ], [ 69.3382828, 41.2862972 ], [ 69.338492, 41.2857652 ], [ 69.3393764, 41.2836332 ], [ 69.3384825, 41.2836231 ], [ 69.3377557, 41.2837967 ], [ 69.3374478, 41.2836522 ], [ 69.337366, 41.2837262 ], [ 69.3369793, 41.2836049 ], [ 69.3367795, 41.284005 ], [ 69.3372128, 41.2841199 ], [ 69.3371536, 41.2842517 ], [ 69.3372895, 41.2842827 ], [ 69.3372245, 41.2844937 ], [ 69.3374917, 41.2845576 ], [ 69.3369403, 41.2848214 ], [ 69.337483, 41.2860441 ], [ 69.3375546, 41.2864216 ], [ 69.3375804, 41.2864889 ], [ 69.3377418, 41.2867168 ] ] ] } },
{ "type": "Feature", "properties": { "osm_id": "w84098788", "kind": "industrial" }, "geometry": { "type": "Polygon", "coordinates": [ [ [ 69.3473948, 41.300121 ], [ 69.3502483, 41.3026521 ], [ 69.3503231, 41.3026031 ], [ 69.3514219, 41.3019112 ], [ 69.3504861, 41.3009666 ], [ 69.3500517, 41.300548 ], [ 69.3501222, 41.3004902 ], [ 69.3489043, 41.2992023 ], [ 69.3486141, 41.2993684 ], [ 69.3473948, 41.300121 ] ] ] } },
{ "type": "Feature", "properties": { "osm_id": "w84098867", "kind": "industrial" }, "geometry": { "type": "Polygon", "coordinates": [ [ [ 69.3111422, 41.2981589 ], [ 69.3111845, 41.2982453 ], [ 69.3112626, 41.2984046 ], [ 69.3115755, 41.2990433 ], [ 69.3117521, 41.2994037 ], [ 69.3126187, 41.3010229 ], [ 69.313439, 41.302482 ], [ 69.313969, 41.3023066 ], [ 69.3140316, 41.3024326 ], [ 69.3142072, 41.3023806 ], [ 69.3171552, 41.3014612 ], [ 69.3182661, 41.3011148 ], [ 69.3188505, 41.3012687 ], [ 69.3188704, 41.3026484 ], [ 69.3188758, 41.3030263 ], [ 69.3197864, 41.3030331 ], [ 69.3213498, 41.3029839 ], [ 69.3217464, 41.3029776 ], [ 69.3217513, 41.3035083 ], [ 69.3218346, 41.303507 ], [ 69.3219624, 41.303506 ], [ 69.322066, 41.3035048 ], [ 69.3220677, 41.3035322 ], [ 69.3228352, 41.3035203 ], [ 69.3244579, 41.3034961 ], [ 69.3269001, 41.3034213 ], [ 69.3284056, 41.3033838 ], [ 69.3310189, 41.3033537 ], [ 69.3317813, 41.3033342 ], [ 69.3317839, 41.303395 ], [ 69.3329336, 41.3033643 ], [ 69.3332133, 41.3034364 ], [ 69.3332947, 41.3050255 ], [ 69.3344629, 41.3050044 ], [ 69.334448, 41.3048304 ], [ 69.3348698, 41.3048351 ], [ 69.3348808, 41.3050986 ], [ 69.3348905, 41.3052916 ], [ 69.3356366, 41.3053849 ], [ 69.3356598, 41.3052767 ], [ 69.335924, 41.3052983 ], [ 69.335904, 41.3054117 ], [ 69.3366518, 41.3054864 ], [ 69.3388011, 41.3057012 ], [ 69.3391407, 41.3056041 ], [ 69.3392995, 41.3055329 ], [ 69.3398484, 41.3052995 ], [ 69.3393877, 41.3051035 ], [ 69.3387173, 41.3050159 ], [ 69.3377434, 41.3048886 ], [ 69.336681, 41.3040817 ], [ 69.3363923, 41.3038514 ], [ 69.3363625, 41.3034462 ], [ 69.3361447, 41.3010417 ], [ 69.3360527, 41.3004225 ], [ 69.3359806, 41.299469 ], [ 69.3361099, 41.2993969 ], [ 69.3360208, 41.2985507 ], [ 69.3354736, 41.2983365 ], [ 69.3355407, 41.2982475 ], [ 69.3355628, 41.2982101 ], [ 69.3347255, 41.2978973 ], [ 69.3342362, 41.2977134 ], [ 69.3337341, 41.2974847 ], [ 69.332922, 41.2970579 ], [ 69.3328835, 41.2970631 ], [ 69.3325144, 41.2969048 ], [ 69.3324835, 41.2969323 ], [ 69.3324296, 41.2969105 ], [ 69.3322238, 41.2968285 ], [ 69.3313151, 41.2965964 ], [ 69.3312736, 41.2966366 ], [ 69.3312484, 41.2966621 ], [ 69.3307219, 41.2964915 ], [ 69.3288771, 41.2960395 ], [ 69.3288116, 41.2961617 ], [ 69.3277695, 41.2959119 ], [ 69.3277368, 41.2961011 ], [ 69.3273063, 41.2961116 ], [ 69.327208, 41.296114 ], [ 69.327128, 41.296116 ], [ 69.3271362, 41.296047 ], [ 69.3272113, 41.2956477 ], [ 69.3259315, 41.2953524 ], [ 69.3256469, 41.2953455 ], [ 69.3256365, 41.2952716 ], [ 69.3247823, 41.2950611 ], [ 69.3243242, 41.295627 ], [ 69.322605, 41.2956863 ], [ 69.3225794, 41.2955876 ], [ 69.3218472, 41.2955915 ], [ 69.3218151, 41.2951102 ], [ 69.32143, 41.295114 ], [ 69.3214232, 41.2952553 ], [ 69.3212542, 41.2952583 ], [ 69.321221, 41.2946217 ], [ 69.31979, 41.2949049 ], [ 69.3195333, 41.2949886 ], [ 69.3190037, 41.2952377 ], [ 69.3188434, 41.2953365 ], [ 69.3184533, 41.295729 ], [ 69.3183801, 41.295674 ], [ 69.3182837, 41.2956419 ], [ 69.3182206, 41.2955729 ], [ 69.3164795, 41.2963894 ], [ 69.316705, 41.2966921 ], [ 69.3155022, 41.2970882 ], [ 69.315277, 41.297132 ], [ 69.3146359, 41.2971942 ], [ 69.3141108, 41.2973157 ], [ 69.3135246, 41.2976013 ], [ 69.3134792, 41.297556 ], [ 69.3134313, 41.2975403 ], [ 69.3133565, 41.2975241 ], [ 69.3133061, 41.2974667 ], [ 69.3129977, 41.2975948 ], [ 69.3128825, 41.2976632 ], [ 69.3124827, 41.2977997 ], [ 69.3112179, 41.2981365 ], [ 69.3111422, 41.2981589 ] ] ] } },
{ "type": "Feature", "properties": { "osm_id": "w84749586", "kind": "industrial" }, "geometry": { "type": "Polygon", "coordinates": [ [ [ 69.2992252, 41.2947263 ], [ 69.3002808, 41.2949707 ], [ 69.3023726, 41.2956101 ], [ 69.3024188, 41.2955371 ], [ 69.3024333, 41.2955123 ], [ 69.3051969, 41.2964432 ], [ 69.3054834, 41.2965097 ], [ 69.3058104, 41.2965749 ], [ 69.3060831, 41.2965821 ], [ 69.3060425, 41.2969627 ], [ 69.306039, 41.2969885 ], [ 69.3060336, 41.2970289 ], [ 69.3060305, 41.2970522 ], [ 69.3060831, 41.2972308 ], [ 69.3060928, 41.2972636 ], [ 69.3030311, 41.2981034 ], [ 69.3022413, 41.2983601 ], [ 69.3014903, 41.298489 ], [ 69.300817, 41.2985716 ], [ 69.3003691, 41.2985575 ], [ 69.2999507, 41.2985031 ], [ 69.2996938, 41.2984457 ], [ 69.2994346, 41.2983467 ], [ 69.2984826, 41.2979361 ], [ 69.2985363, 41.297877 ], [ 69.2978556, 41.297594 ], [ 69.298192, 41.2971601 ], [ 69.2979998, 41.2970921 ], [ 69.2982738, 41.2966621 ], [ 69.2983542, 41.2964528 ], [ 69.2984228, 41.2963192 ], [ 69.2976872, 41.2960679 ], [ 69.2976618, 41.2959627 ], [ 69.2968734, 41.2955919 ], [ 69.2968575, 41.2955844 ], [ 69.2971291, 41.2952559 ], [ 69.2970156, 41.2952024 ], [ 69.2970536, 41.2951334 ], [ 69.2971352, 41.2949984 ], [ 69.2971789, 41.2949118 ], [ 69.2972247, 41.2948433 ], [ 69.2972797, 41.2948689 ], [ 69.2977499, 41.2943106 ], [ 69.2983052, 41.2943676 ], [ 69.2992252, 41.2947263 ] ] ] } },
{ "type": "Feature", "properties": { "osm_id": "w85784421", "kind": "cemetery" }, "geometry": { "type": "Polygon", "coordinates": [ [ [ 69.3209555, 41.2386953 ], [ 69.3214467, 41.2387693 ], [ 69.3213146, 41.2392082 ], [ 69.3222781, 41.2392976 ], [ 69.3222888, 41.2393864 ], [ 69.322388, 41.2393803 ], [ 69.3224553, 41.2399566 ], [ 69.3223291, 41.2399668 ], [ 69.3219542, 41.2399987 ], [ 69.3212642, 41.2401191 ], [ 69.3199138, 41.2403961 ], [ 69.3201739, 41.2413993 ], [ 69.319586, 41.2412594 ], [ 69.3193503, 41.2411809 ], [ 69.3192122, 41.2412295 ], [ 69.3191251, 41.2413034 ], [ 69.3191358, 41.241485 ], [ 69.3190366, 41.2415818 ], [ 69.3188408, 41.2415233 ], [ 69.3186785, 41.2416695 ], [ 69.3184103, 41.2416614 ], [ 69.3184197, 41.2417421 ], [ 69.3176311, 41.2418016 ], [ 69.3173872, 41.2416631 ], [ 69.3181669, 41.2410292 ], [ 69.3185977, 41.2406813 ], [ 69.320106, 41.2393681 ], [ 69.3209555, 41.2386953 ] ] ] } },
{ "type": "Feature", "properties": { "osm_id": "w86483080", "kind": "industrial" }, "geometry": { "type": "Polygon", "coordinates": [ [ [ 69.3107823, 41.2550173 ], [ 69.311364, 41.2541344 ], [ 69.311771, 41.2533303 ], [ 69.3130299, 41.2537269 ], [ 69.3150085, 41.2543437 ], [ 69.3150609, 41.2543611 ], [ 69.3142706, 41.2558356 ], [ 69.3139056, 41.2557158 ], [ 69.3129207, 41.2561432 ], [ 69.3123943, 41.2558846 ], [ 69.3107823, 41.2550173 ] ] ] } },
{ "type": "Feature", "properties": { "osm_id": "w87498616", "kind": "industrial" }, "geometry": { "type": "Polygon", "coordinates": [ [ [ 69.3238539, 41.3075467 ], [ 69.3254136, 41.3070273 ], [ 69.3255027, 41.3072099 ], [ 69.32586, 41.3071813 ], [ 69.3267167, 41.3070515 ], [ 69.3271699, 41.3079501 ], [ 69.3268489, 41.3080501 ], [ 69.3270481, 41.3084285 ], [ 69.3269789, 41.3084519 ], [ 69.3269349, 41.3084668 ], [ 69.3263987, 41.3086451 ], [ 69.3250575, 41.3090254 ], [ 69.3247892, 41.3085682 ], [ 69.3244471, 41.3086909 ], [ 69.3238539, 41.3075467 ] ] ] } },
{ "type": "Feature", "properties": { "osm_id": "w87658706", "kind": "cemetery" }, "geometry": { "type": "Polygon", "coordinates": [ [ [ 69.3582738, 41.3489654 ], [ 69.3602898, 41.3501296 ], [ 69.3603465, 41.350172 ], [ 69.3603035, 41.3502542 ], [ 69.3579459, 41.3504069 ], [ 69.3551089, 41.3520843 ], [ 69.3532281, 41.3503808 ], [ 69.354728, 41.3494664 ], [ 69.3548615, 41.3494607 ], [ 69.3548736, 41.3495885 ], [ 69.355034, 41.3495641 ], [ 69.3552159, 41.3495554 ], [ 69.3560366, 41.3494849 ], [ 69.3563849, 41.349404 ], [ 69.3582738, 41.3489654 ] ] ] } },
{ "type": "Feature", "properties": { "osm_id": "w87695500", "kind": "military" }, "geometry": { "type": "Polygon", "coordinates": [ [ [ 69.2658681, 41.1941031 ], [ 69.2674128, 41.1927024 ], [ 69.2717872, 41.1953288 ], [ 69.2733492, 41.1958512 ], [ 69.2738843, 41.1963844 ], [ 69.2737107, 41.19707 ], [ 69.2732696, 41.1975978 ], [ 69.2728285, 41.1981256 ], [ 69.272091, 41.198637 ], [ 69.2705435, 41.1978209 ], [ 69.2691985, 41.196798 ], [ 69.2655366, 41.1944208 ], [ 69.2658681, 41.1941031 ] ] ] } },
{ "type": "Feature", "properties": { "osm_id": "w87695649", "kind": "industrial" }, "geometry": { "type": "Polygon", "coordinates": [ [ [ 69.3076157, 41.2233408 ], [ 69.3129609, 41.2247536 ], [ 69.3135322, 41.2240927 ], [ 69.3137127, 41.2238422 ], [ 69.3140613, 41.2233379 ], [ 69.3136119, 41.2231507 ], [ 69.3120461, 41.2225094 ], [ 69.3106618, 41.2217187 ], [ 69.3097974, 41.2212459 ], [ 69.3091313, 41.2208473 ], [ 69.3076157, 41.2233408 ] ] ] } },
{ "type": "Feature", "properties": { "osm_id": "w87717115", "kind": "industrial" }, "geometry": { "type": "Polygon", "coordinates": [ [ [ 69.3341797, 41.3506976 ], [ 69.3345846, 41.350448 ], [ 69.3347039, 41.3503812 ], [ 69.3350142, 41.350198 ], [ 69.3351421, 41.3501212 ], [ 69.335564, 41.3498507 ], [ 69.3362317, 41.3504657 ], [ 69.336139, 41.3505224 ], [ 69.3363102, 41.3506801 ], [ 69.3365952, 41.3505057 ], [ 69.3373359, 41.351188 ], [ 69.3366639, 41.3516198 ], [ 69.3361478, 41.3519173 ], [ 69.336023, 41.3519931 ], [ 69.335759, 41.3521547 ], [ 69.3352838, 41.3517174 ], [ 69.3341797, 41.3506976 ] ] ] } },
{ "type": "Feature", "properties": { "osm_id": "w87738628", "kind": "industrial" }, "geometry": { "type": "Polygon", "coordinates": [ [ [ 69.3495978, 41.304291 ], [ 69.350742, 41.3053536 ], [ 69.3506462, 41.3054556 ], [ 69.3511297, 41.3058318 ], [ 69.3520974, 41.3064269 ], [ 69.3527064, 41.3063234 ], [ 69.3538458, 41.306159 ], [ 69.3539916, 41.3060873 ], [ 69.3548482, 41.3057194 ], [ 69.3556165, 41.3053564 ], [ 69.355647, 41.3053427 ], [ 69.3551235, 41.3056037 ], [ 69.3553388, 41.3057928 ], [ 69.3564764, 41.3054776 ], [ 69.3562758, 41.3051839 ], [ 69.3573899, 41.3046363 ], [ 69.3573759, 41.3042701 ], [ 69.3567906, 41.3036117 ], [ 69.3585934, 41.302693 ], [ 69.356593, 41.3004216 ], [ 69.3564422, 41.3004987 ], [ 69.3566945, 41.3008064 ], [ 69.3566833, 41.3008107 ], [ 69.3565695, 41.3008676 ], [ 69.3564732, 41.3009116 ], [ 69.356343, 41.3009758 ], [ 69.3560579, 41.3006664 ], [ 69.3559199, 41.300735 ], [ 69.3558192, 41.3006156 ], [ 69.3557243, 41.3005041 ], [ 69.3533864, 41.3017341 ], [ 69.3520477, 41.3002158 ], [ 69.3505386, 41.300976 ], [ 69.3514759, 41.3019113 ], [ 69.3501818, 41.3027623 ], [ 69.3471685, 41.3000967 ], [ 69.3463969, 41.3006151 ], [ 69.346652, 41.3008 ], [ 69.3470285, 41.3011001 ], [ 69.3467222, 41.301317 ], [ 69.3470212, 41.3015853 ], [ 69.3470837, 41.3016621 ], [ 69.347127, 41.3017019 ], [ 69.3472633, 41.3018274 ], [ 69.3473158, 41.3018756 ], [ 69.3473671, 41.3019214 ], [ 69.3474481, 41.3019938 ], [ 69.3476374, 41.302163 ], [ 69.347889, 41.3023949 ], [ 69.3478135, 41.3024344 ], [ 69.3495347, 41.3043142 ], [ 69.3495978, 41.304291 ] ] ] } },
{ "type": "Feature", "properties": { "osm_id": "w87738653", "kind": "industrial" }, "geometry": { "type": "Polygon", "coordinates": [ [ [ 69.3431178, 41.3059361 ], [ 69.3441005, 41.3063168 ], [ 69.3473299, 41.3052617 ], [ 69.3463582, 41.3037031 ], [ 69.345305, 41.3040967 ], [ 69.3450004, 41.3042105 ], [ 69.3448768, 41.3043008 ], [ 69.344435, 41.3045083 ], [ 69.3440039, 41.3046948 ], [ 69.3439275, 41.3046163 ], [ 69.3435701, 41.3047522 ], [ 69.3434515, 41.3045961 ], [ 69.3426973, 41.3048499 ], [ 69.3426146, 41.3050332 ], [ 69.3427183, 41.3051977 ], [ 69.3426965, 41.3052789 ], [ 69.3431178, 41.3059361 ] ] ] } },
{ "type": "Feature", "properties": { "osm_id": "w87899021", "kind": "garages" }, "geometry": { "type": "Polygon", "coordinates": [ [ [ 69.32422, 41.3178513 ], [ 69.3243391, 41.3168731 ], [ 69.3249322, 41.3168576 ], [ 69.3248504, 41.3175019 ], [ 69.3244586, 41.3177875 ], [ 69.3244508, 41.3178645 ], [ 69.32422, 41.3178513 ] ] ] } },
{ "type": "Feature", "properties": { "osm_id": "w89008675", "kind": "industrial" }, "geometry": { "type": "Polygon", "coordinates": [ [ [ 69.3655641, 41.2551315 ], [ 69.3688537, 41.2536416 ], [ 69.3709399, 41.2542864 ], [ 69.3722126, 41.2553274 ], [ 69.3723988, 41.2555601 ], [ 69.3739153, 41.2576793 ], [ 69.3738161, 41.2578434 ], [ 69.3734689, 41.2578434 ], [ 69.3728738, 41.2577241 ], [ 69.3730027, 41.2574183 ], [ 69.3713263, 41.2571201 ], [ 69.371366, 41.2570455 ], [ 69.3710675, 41.2570353 ], [ 69.3712957, 41.256834 ], [ 69.3713713, 41.2567456 ], [ 69.3701966, 41.2563 ], [ 69.3689457, 41.2568665 ], [ 69.3688366, 41.2567472 ], [ 69.3683944, 41.2571034 ], [ 69.3681915, 41.2571523 ], [ 69.3669948, 41.2568001 ], [ 69.3670583, 41.2566722 ], [ 69.3672495, 41.2567345 ], [ 69.3677278, 41.2563208 ], [ 69.3675382, 41.2561489 ], [ 69.3673837, 41.2561714 ], [ 69.3669972, 41.2556943 ], [ 69.3662328, 41.2559888 ], [ 69.3661101, 41.2558733 ], [ 69.3655909, 41.2552345 ], [ 69.3655641, 41.2551315 ] ] ] } },
{ "type": "Feature", "properties": { "osm_id": "w89040467", "kind": "industrial" }, "geometry": { "type": "Polygon", "coordinates": [ [ [ 69.2330918, 41.2996339 ], [ 69.2331439, 41.2997064 ], [ 69.2332334, 41.2998309 ], [ 69.2347274, 41.3016473 ], [ 69.2360142, 41.3013371 ], [ 69.2358186, 41.3008461 ], [ 69.2368001, 41.3006246 ], [ 69.2366803, 41.3003998 ], [ 69.236299, 41.2996842 ], [ 69.2358808, 41.2989249 ], [ 69.2357451, 41.2989584 ], [ 69.235329, 41.2990609 ], [ 69.2346086, 41.2992454 ], [ 69.2330918, 41.2996339 ] ] ] } },
{ "type": "Feature", "properties": { "osm_id": "w95524428", "kind": "cemetery" }, "geometry": { "type": "Polygon", "coordinates": [ [ [ 69.3363396, 41.2911426 ], [ 69.3371397, 41.2904914 ], [ 69.3377584, 41.2901511 ], [ 69.3375289, 41.2894582 ], [ 69.3372005, 41.289535 ], [ 69.336163, 41.2899077 ], [ 69.3361974, 41.2899673 ], [ 69.3359171, 41.2900811 ], [ 69.3360056, 41.2901678 ], [ 69.3359634, 41.2902055 ], [ 69.3355889, 41.2904278 ], [ 69.3363396, 41.2911426 ] ] ] } },
{ "type": "Feature", "properties": { "osm_id": "w98577179", "kind": "military" }, "geometry": { "type": "Polygon", "coordinates": [ [ [ 69.3972532, 41.3326072 ], [ 69.3961642, 41.3320561 ], [ 69.39626, 41.3319685 ], [ 69.3958593, 41.331701 ], [ 69.3955428, 41.3313842 ], [ 69.3963561, 41.3311094 ], [ 69.4001256, 41.3298354 ], [ 69.402369, 41.331921 ], [ 69.3990122, 41.3323946 ], [ 69.3972532, 41.3326072 ] ] ] } },
{ "type": "Feature", "properties": { "osm_id": "w98695755", "kind": "industrial" }, "geometry": { "type": "Polygon", "coordinates": [ [ [ 69.3076623, 41.2488009 ], [ 69.307126, 41.2487889 ], [ 69.3065831, 41.2489774 ], [ 69.3065729, 41.2495184 ], [ 69.3076354, 41.2495309 ], [ 69.3076623, 41.2488009 ] ] ] } },
{ "type": "Feature", "properties": { "osm_id": "w99844966", "kind": "cemetery" }, "geometry": { "type": "Polygon", "coordinates": [ [ [ 69.317153, 41.3660179 ], [ 69.3172226, 41.3660714 ], [ 69.3173464, 41.3662328 ], [ 69.3176429, 41.3664259 ], [ 69.3186735, 41.3650874 ], [ 69.3187752, 41.3647206 ], [ 69.3175644, 41.3639879 ], [ 69.3171481, 41.3638954 ], [ 69.3171127, 41.3635214 ], [ 69.3170286, 41.3634213 ], [ 69.3171165, 41.3633181 ], [ 69.3168059, 41.3629245 ], [ 69.3167177, 41.3629506 ], [ 69.31651, 41.3627189 ], [ 69.3165503, 41.3626735 ], [ 69.3163315, 41.3622429 ], [ 69.3161892, 41.3622869 ], [ 69.3161407, 41.3622159 ], [ 69.316019, 41.3622564 ], [ 69.3160869, 41.3620459 ], [ 69.3160408, 41.3619006 ], [ 69.3159226, 41.3623699 ], [ 69.3154966, 41.3629049 ], [ 69.3154625, 41.3628929 ], [ 69.3149884, 41.3636591 ], [ 69.3147263, 41.3640654 ], [ 69.3139552, 41.3652905 ], [ 69.3140698, 41.3653379 ], [ 69.3143594, 41.3654577 ], [ 69.3145175, 41.365018 ], [ 69.3156633, 41.3654303 ], [ 69.3168818, 41.3659109 ], [ 69.317153, 41.3660179 ] ] ] } },
{ "type": "Feature", "properties": { "osm_id": "w102254951", "kind": "cemetery" }, "geometry": { "type": "Polygon", "coordinates": [ [ [ 69.2187693, 41.3074132 ], [ 69.2180681, 41.3070186 ], [ 69.2181675, 41.30692 ], [ 69.2183102, 41.306918 ], [ 69.2184627, 41.3069075 ], [ 69.2185743, 41.3068821 ], [ 69.2186418, 41.306859 ], [ 69.2187798, 41.3069659 ], [ 69.2186864, 41.3070799 ], [ 69.2189652, 41.3072511 ], [ 69.2192534, 41.3074128 ], [ 69.2196386, 41.3071142 ], [ 69.2197544, 41.306991 ], [ 69.2195501, 41.306681 ], [ 69.2194627, 41.306557 ], [ 69.2194468, 41.3064261 ], [ 69.2195729, 41.3063264 ], [ 69.2199738, 41.3061189 ], [ 69.2202408, 41.306143 ], [ 69.2207128, 41.3064332 ], [ 69.2210361, 41.3064846 ], [ 69.2211031, 41.3065591 ], [ 69.2208845, 41.3069833 ], [ 69.2207772, 41.3074064 ], [ 69.2206444, 41.3076693 ], [ 69.2208905, 41.307923 ], [ 69.2204628, 41.3081764 ], [ 69.2203662, 41.308116 ], [ 69.2202072, 41.3082475 ], [ 69.220072, 41.308143 ], [ 69.2198176, 41.3079862 ], [ 69.2193722, 41.3077417 ], [ 69.2187693, 41.3074132 ] ] ] } },
{ "type": "Feature", "properties": { "osm_id": "w102266590", "kind": "cemetery" }, "geometry": { "type": "Polygon", "coordinates": [ [ [ 69.1860655, 41.265344 ], [ 69.1853725, 41.2646298 ], [ 69.1859952, 41.2639974 ], [ 69.1862821, 41.2638418 ], [ 69.1866536, 41.2637886 ], [ 69.1872433, 41.2637297 ], [ 69.1873536, 41.263849 ], [ 69.1874555, 41.2638793 ], [ 69.1875824, 41.2640994 ], [ 69.1876212, 41.2641674 ], [ 69.1876842, 41.2641478 ], [ 69.1877465, 41.2642448 ], [ 69.1879374, 41.2641862 ], [ 69.1881973, 41.2647148 ], [ 69.1872747, 41.2649789 ], [ 69.1860655, 41.265344 ] ] ] } },
{ "type": "Feature", "properties": { "osm_id": "w102266779", "kind": "cemetery" }, "geometry": { "type": "Polygon", "coordinates": [ [ [ 69.1720339, 41.2402435 ], [ 69.1713019, 41.2401478 ], [ 69.1709518, 41.240052 ], [ 69.1708526, 41.2399849 ], [ 69.1707653, 41.2398836 ], [ 69.1707802, 41.2397948 ], [ 69.170835, 41.2396183 ], [ 69.171008, 41.2393339 ], [ 69.1712946, 41.2392409 ], [ 69.1714415, 41.2392318 ], [ 69.1717448, 41.2392823 ], [ 69.1720187, 41.2393277 ], [ 69.1722466, 41.2393565 ], [ 69.1723143, 41.2397262 ], [ 69.1722539, 41.2399098 ], [ 69.1721454, 41.2402516 ], [ 69.1720339, 41.2402435 ] ] ] } },
{ "type": "Feature", "properties": { "osm_id": "w102267268", "kind": "cemetery" }, "geometry": { "type": "Polygon", "coordinates": [ [ [ 69.1881919, 41.2368311 ], [ 69.1869173, 41.2357725 ], [ 69.1864942, 41.2354401 ], [ 69.185958, 41.2358732 ], [ 69.1857094, 41.2362726 ], [ 69.1862983, 41.2369845 ], [ 69.1866608, 41.2372122 ], [ 69.1872727, 41.2374667 ], [ 69.1876047, 41.2373704 ], [ 69.1880015, 41.237289 ], [ 69.1879666, 41.23693 ], [ 69.1881448, 41.2368884 ], [ 69.1881919, 41.2368311 ] ] ] } },
{ "type": "Feature", "properties": { "osm_id": "w102381395", "kind": "cemetery" }, "geometry": { "type": "Polygon", "coordinates": [ [ [ 69.2113532, 41.2756763 ], [ 69.211479, 41.2755993 ], [ 69.2115237, 41.2756505 ], [ 69.2116086, 41.2757477 ], [ 69.21239, 41.2753465 ], [ 69.2125382, 41.2752042 ], [ 69.2137191, 41.2751084 ], [ 69.2137523, 41.2751621 ], [ 69.2139021, 41.2751106 ], [ 69.2142452, 41.2755725 ], [ 69.2148157, 41.2763405 ], [ 69.2147472, 41.2763685 ], [ 69.2148811, 41.276553 ], [ 69.2149693, 41.2766778 ], [ 69.2142455, 41.2769911 ], [ 69.2144254, 41.2772397 ], [ 69.2146492, 41.2771215 ], [ 69.2147058, 41.2771821 ], [ 69.2142634, 41.2777119 ], [ 69.2142199, 41.277688 ], [ 69.2137372, 41.2774231 ], [ 69.2136514, 41.2774787 ], [ 69.2135075, 41.2775669 ], [ 69.2127752, 41.2779974 ], [ 69.2126332, 41.277865 ], [ 69.2110027, 41.2763439 ], [ 69.2107045, 41.2760657 ], [ 69.2113532, 41.2756763 ] ] ] } },
{ "type": "Feature", "properties": { "osm_id": "w102389177", "kind": "industrial" }, "geometry": { "type": "Polygon", "coordinates": [ [ [ 69.3111422, 41.2981589 ], [ 69.3109185, 41.2982164 ], [ 69.3108566, 41.2982314 ], [ 69.3108178, 41.2982411 ], [ 69.310246, 41.2983946 ], [ 69.3102296, 41.2983823 ], [ 69.3101999, 41.2983602 ], [ 69.309874, 41.2985543 ], [ 69.3096949, 41.2986538 ], [ 69.3093282, 41.2988787 ], [ 69.3092544, 41.2990117 ], [ 69.3090768, 41.2991565 ], [ 69.3093215, 41.2999044 ], [ 69.3095037, 41.2998469 ], [ 69.3095897, 41.2998198 ], [ 69.3095709, 41.2997553 ], [ 69.3111495, 41.2994365 ], [ 69.3111776, 41.2994309 ], [ 69.3112195, 41.299538 ], [ 69.3114858, 41.2994709 ], [ 69.3117521, 41.2994037 ], [ 69.3115755, 41.2990433 ], [ 69.3112626, 41.2984046 ], [ 69.3111845, 41.2982453 ], [ 69.3111422, 41.2981589 ] ] ] } },
{ "type": "Feature", "properties": { "osm_id": "w102389178", "kind": "industrial" }, "geometry": { "type": "Polygon", "coordinates": [ [ [ 69.3019967, 41.3019722 ], [ 69.3013806, 41.3015785 ], [ 69.3004666, 41.3009625 ], [ 69.3004297, 41.300452 ], [ 69.3004188, 41.3001645 ], [ 69.3004602, 41.3001478 ], [ 69.3018475, 41.2998685 ], [ 69.3020168, 41.299839 ], [ 69.3020739, 41.2998326 ], [ 69.3021946, 41.2998155 ], [ 69.3022515, 41.2997403 ], [ 69.3024626, 41.2997775 ], [ 69.302782, 41.2998351 ], [ 69.3027138, 41.3000763 ], [ 69.3025636, 41.300566 ], [ 69.3029257, 41.3006413 ], [ 69.3029313, 41.3011619 ], [ 69.3022927, 41.301243 ], [ 69.3023407, 41.3019707 ], [ 69.3019967, 41.3019722 ] ] ] } },
{ "type": "Feature", "properties": { "osm_id": "w102389961", "kind": "industrial" }, "geometry": { "type": "Polygon", "coordinates": [ [ [ 69.3005318, 41.2989664 ], [ 69.2995313, 41.2992525 ], [ 69.2994213, 41.2991135 ], [ 69.2987699, 41.2995091 ], [ 69.2989587, 41.2997579 ], [ 69.2990941, 41.3000917 ], [ 69.2986867, 41.3001088 ], [ 69.2987032, 41.300222 ], [ 69.2998272, 41.3001481 ], [ 69.3018434, 41.2997845 ], [ 69.3018085, 41.2995485 ], [ 69.3018054, 41.2993978 ], [ 69.3017981, 41.2993491 ], [ 69.301373, 41.2991999 ], [ 69.3010333, 41.2991356 ], [ 69.3006712, 41.2992525 ], [ 69.3005318, 41.2989664 ] ] ] } },
{ "type": "Feature", "properties": { "osm_id": "w102399738", "kind": "industrial" }, "geometry": { "type": "Polygon", "coordinates": [ [ [ 69.38476, 41.2771572 ], [ 69.3834261, 41.2761419 ], [ 69.3835874, 41.2759478 ], [ 69.3835202, 41.2758922 ], [ 69.3834313, 41.2757775 ], [ 69.3835945, 41.2756626 ], [ 69.3839034, 41.2756136 ], [ 69.3844847, 41.2756988 ], [ 69.3851477, 41.275824 ], [ 69.3881923, 41.2768164 ], [ 69.3896927, 41.2773904 ], [ 69.390325, 41.2779513 ], [ 69.3901909, 41.2781478 ], [ 69.3905303, 41.2781463 ], [ 69.3909036, 41.2780792 ], [ 69.3912628, 41.2780876 ], [ 69.3915449, 41.2782093 ], [ 69.3917998, 41.2785448 ], [ 69.3920652, 41.2788298 ], [ 69.3920278, 41.2791114 ], [ 69.3919978, 41.2794413 ], [ 69.3918588, 41.2797382 ], [ 69.3906597, 41.2801 ], [ 69.3902434, 41.280313 ], [ 69.3882383, 41.2796268 ], [ 69.3872563, 41.279281 ], [ 69.3865071, 41.2787106 ], [ 69.3856235, 41.2779274 ], [ 69.38476, 41.2771572 ] ] ] } },
{ "type": "Feature", "properties": { "osm_id": "w102776340", "kind": "industrial" }, "geometry": { "type": "Polygon", "coordinates": [ [ [ 69.3241865, 41.3094084 ], [ 69.3238754, 41.3088765 ], [ 69.3239719, 41.3087879 ], [ 69.3228132, 41.307176 ], [ 69.3219764, 41.3073775 ], [ 69.3219764, 41.3075709 ], [ 69.3212039, 41.3076193 ], [ 69.3212575, 41.3080867 ], [ 69.3210859, 41.3082721 ], [ 69.3207104, 41.3082962 ], [ 69.320346, 41.3087749 ], [ 69.3220814, 41.3092574 ], [ 69.3222231, 41.3094698 ], [ 69.3225036, 41.3093947 ], [ 69.3228539, 41.3098741 ], [ 69.3237466, 41.3095535 ], [ 69.3241865, 41.3094084 ] ] ] } },
{ "type": "Feature", "properties": { "osm_id": "w102782201", "kind": "cemetery" }, "geometry": { "type": "Polygon", "coordinates": [ [ [ 69.2313537, 41.305947 ], [ 69.2309005, 41.3053507 ], [ 69.2308093, 41.3050883 ], [ 69.2308858, 41.3045447 ], [ 69.2308656, 41.3041724 ], [ 69.2309247, 41.3040098 ], [ 69.2310078, 41.3038586 ], [ 69.2310394, 41.3035386 ], [ 69.2310182, 41.3033596 ], [ 69.2309937, 41.3031299 ], [ 69.2305511, 41.3031661 ], [ 69.230175, 41.3032219 ], [ 69.2300496, 41.3031737 ], [ 69.2299604, 41.3030688 ], [ 69.2295045, 41.3030708 ], [ 69.2294965, 41.3029982 ], [ 69.2293779, 41.3029671 ], [ 69.2292719, 41.3030245 ], [ 69.2290601, 41.3031053 ], [ 69.2290976, 41.3032416 ], [ 69.229295, 41.3034683 ], [ 69.229379, 41.3036828 ], [ 69.2294036, 41.3038906 ], [ 69.2294106, 41.30395 ], [ 69.2289794, 41.3039689 ], [ 69.2290881, 41.3044366 ], [ 69.2285932, 41.3045239 ], [ 69.2286016, 41.3045952 ], [ 69.2285483, 41.3045999 ], [ 69.2285857, 41.3048635 ], [ 69.2286336, 41.3048567 ], [ 69.2286649, 41.3051703 ], [ 69.2286671, 41.3052989 ], [ 69.2286615, 41.3053241 ], [ 69.2285536, 41.3053224 ], [ 69.228425, 41.3053204 ], [ 69.2282258, 41.3053289 ], [ 69.2281864, 41.305433 ], [ 69.2281234, 41.3056133 ], [ 69.2278029, 41.3058115 ], [ 69.227769, 41.3057846 ], [ 69.2276398, 41.305863 ], [ 69.2277061, 41.3059185 ], [ 69.2276847, 41.3059418 ], [ 69.2278294, 41.3060839 ], [ 69.228093, 41.3059457 ], [ 69.2281553, 41.3059713 ], [ 69.2282857, 41.3061987 ], [ 69.2286462, 41.3061367 ], [ 69.2287053, 41.306173 ], [ 69.2287956, 41.3061853 ], [ 69.2288646, 41.3061776 ], [ 69.2292397, 41.306176 ], [ 69.2294329, 41.3061704 ], [ 69.2295983, 41.3061664 ], [ 69.2296021, 41.3060637 ], [ 69.2296956, 41.3060619 ], [ 69.2296453, 41.3052973 ], [ 69.2296716, 41.3052974 ], [ 69.2300235, 41.3052993 ], [ 69.2302381, 41.3054003 ], [ 69.2302973, 41.3054282 ], [ 69.2302961, 41.3056212 ], [ 69.2303951, 41.3056207 ], [ 69.2303955, 41.3056581 ], [ 69.2305558, 41.3056549 ], [ 69.2305622, 41.3057437 ], [ 69.2306663, 41.3057394 ], [ 69.2306694, 41.3057831 ], [ 69.2305312, 41.3057887 ], [ 69.2305507, 41.3060588 ], [ 69.2306562, 41.3060589 ], [ 69.2307112, 41.3060587 ], [ 69.2312828, 41.306057 ], [ 69.2313638, 41.306054 ], [ 69.2313537, 41.305947 ] ] ] } },
{ "type": "Feature", "properties": { "osm_id": "w102782834", "kind": "industrial" }, "geometry": { "type": "Polygon", "coordinates": [ [ [ 69.3080132, 41.3004625 ], [ 69.3081906, 41.3004786 ], [ 69.3082094, 41.3007451 ], [ 69.3082979, 41.3009789 ], [ 69.307732, 41.3010675 ], [ 69.3061924, 41.3013073 ], [ 69.3061205, 41.301056 ], [ 69.3063328, 41.3010222 ], [ 69.3068264, 41.300861 ], [ 69.3075559, 41.300595 ], [ 69.3076525, 41.3006434 ], [ 69.3080132, 41.3004625 ] ] ] } },
{ "type": "Feature", "properties": { "osm_id": "w103130383", "kind": "industrial" }, "geometry": { "type": "Polygon", "coordinates": [ [ [ 69.3040198, 41.3033625 ], [ 69.3040781, 41.3033107 ], [ 69.3045679, 41.3029039 ], [ 69.3038575, 41.3024739 ], [ 69.3039469, 41.3023934 ], [ 69.3038138, 41.3023004 ], [ 69.3037189, 41.3020143 ], [ 69.3033112, 41.3020324 ], [ 69.3023407, 41.3019707 ], [ 69.3019967, 41.3019722 ], [ 69.3016973, 41.3017883 ], [ 69.3010416, 41.3025902 ], [ 69.3010918, 41.3026299 ], [ 69.3011534, 41.3026662 ], [ 69.3033486, 41.304044 ], [ 69.3034042, 41.3040782 ], [ 69.3039984, 41.3035044 ], [ 69.3041266, 41.3034102 ], [ 69.3040858, 41.303392 ], [ 69.3040198, 41.3033625 ] ] ] } },
{ "type": "Feature", "properties": { "osm_id": "w103393555", "kind": "industrial" }, "geometry": { "type": "Polygon", "coordinates": [ [ [ 69.1616208, 41.2621137 ], [ 69.1624494, 41.2628821 ], [ 69.1637245, 41.2620941 ], [ 69.1625064, 41.2609283 ], [ 69.1622308, 41.2610838 ], [ 69.1621901, 41.2610632 ], [ 69.1614309, 41.2615274 ], [ 69.1617131, 41.2617711 ], [ 69.1618195, 41.261701 ], [ 69.1620177, 41.2618594 ], [ 69.1616208, 41.2621137 ] ] ] } },
{ "type": "Feature", "properties": { "osm_id": "w103403667", "kind": "industrial" }, "geometry": { "type": "Polygon", "coordinates": [ [ [ 69.2611981, 41.2144608 ], [ 69.2628992, 41.212099 ], [ 69.2632245, 41.2116456 ], [ 69.2573557, 41.2111314 ], [ 69.2572615, 41.2117537 ], [ 69.2572262, 41.2119452 ], [ 69.257194, 41.2121197 ], [ 69.2570779, 41.2127488 ], [ 69.2579037, 41.2132732 ], [ 69.257958, 41.2132545 ], [ 69.2580691, 41.2132163 ], [ 69.2580947, 41.2132075 ], [ 69.2611981, 41.2144608 ] ] ] } },
{ "type": "Feature", "properties": { "osm_id": "w103769529", "kind": "industrial" }, "geometry": { "type": "Polygon", "coordinates": [ [ [ 69.3026939, 41.3665374 ], [ 69.3027643, 41.3665853 ], [ 69.3034089, 41.3669688 ], [ 69.3051823, 41.3659587 ], [ 69.3049237, 41.3657462 ], [ 69.3045164, 41.3654116 ], [ 69.3049032, 41.3651808 ], [ 69.3036561, 41.3639671 ], [ 69.3021541, 41.3648592 ], [ 69.3035262, 41.3660513 ], [ 69.3026939, 41.3665374 ] ] ] } },
{ "type": "Feature", "properties": { "osm_id": "w104109713", "kind": "industrial" }, "geometry": { "type": "Polygon", "coordinates": [ [ [ 69.3175987, 41.2440402 ], [ 69.3175963, 41.2441502 ], [ 69.3176606, 41.2442238 ], [ 69.3180574, 41.244328 ], [ 69.3191567, 41.24457 ], [ 69.3199684, 41.244684 ], [ 69.3209512, 41.2448243 ], [ 69.3218366, 41.2437105 ], [ 69.3191014, 41.2424077 ], [ 69.3188289, 41.2430235 ], [ 69.3185905, 41.2436042 ], [ 69.3182891, 41.2435751 ], [ 69.3175987, 41.2440402 ] ] ] } },
{ "type": "Feature", "properties": { "osm_id": "w104226952", "kind": "industrial" }, "geometry": { "type": "Polygon", "coordinates": [ [ [ 69.1237607, 41.2540198 ], [ 69.1247018, 41.2550077 ], [ 69.125238, 41.2555543 ], [ 69.1256448, 41.2663757 ], [ 69.1283921, 41.2662145 ], [ 69.1287162, 41.2664397 ], [ 69.1298102, 41.2659559 ], [ 69.1304378, 41.2662104 ], [ 69.1304948, 41.2661862 ], [ 69.1308921, 41.2656887 ], [ 69.1324453, 41.267123 ], [ 69.1338715, 41.2666163 ], [ 69.1358526, 41.2658456 ], [ 69.1357769, 41.2657135 ], [ 69.1363652, 41.2654768 ], [ 69.1368242, 41.2656071 ], [ 69.139949, 41.2642563 ], [ 69.1402114, 41.264081 ], [ 69.1404082, 41.2638465 ], [ 69.140665, 41.2637443 ], [ 69.1418405, 41.2637356 ], [ 69.1420228, 41.2637157 ], [ 69.1423322, 41.2635792 ], [ 69.1425667, 41.26344 ], [ 69.1426858, 41.2633464 ], [ 69.142717, 41.2632599 ], [ 69.1427274, 41.2631761 ], [ 69.1426687, 41.2631254 ], [ 69.1419553, 41.262743 ], [ 69.140508, 41.2620567 ], [ 69.1400345, 41.2618359 ], [ 69.1380943, 41.2609934 ], [ 69.135891, 41.2599534 ], [ 69.1353125, 41.2603333 ], [ 69.1348937, 41.2603126 ], [ 69.1340735, 41.259303 ], [ 69.1306685, 41.2556492 ], [ 69.1298645, 41.2555782 ], [ 69.1295777, 41.2554604 ], [ 69.1295398, 41.2554424 ], [ 69.1282436, 41.254413 ], [ 69.1268655, 41.2539912 ], [ 69.1267495, 41.2538838 ], [ 69.1266099, 41.2534485 ], [ 69.1267518, 41.2529611 ], [ 69.1267384, 41.2528397 ], [ 69.1245021, 41.2530693 ], [ 69.124511, 41.2533335 ], [ 69.1239378, 41.2540219 ], [ 69.1237999, 41.2539614 ], [ 69.1237607, 41.2540198 ] ] ] } },
{ "type": "Feature", "properties": { "osm_id": "w104227600", "kind": "cemetery" }, "geometry": { "type": "Polygon", "coordinates": [ [ [ 69.33644, 41.3726989 ], [ 69.3363892, 41.3726263 ], [ 69.3366947, 41.3723436 ], [ 69.3369713, 41.3723101 ], [ 69.3373143, 41.3725211 ], [ 69.3374132, 41.3727863 ], [ 69.3373231, 41.3732794 ], [ 69.3372038, 41.3734437 ], [ 69.3369914, 41.3733583 ], [ 69.33644, 41.3726989 ] ] ] } },
{ "type": "Feature", "properties": { "osm_id": "w104492507", "kind": "cemetery" }, "geometry": { "type": "Polygon", "coordinates": [ [ [ 69.169096, 41.2740195 ], [ 69.1704572, 41.2739523 ], [ 69.1708937, 41.2738054 ], [ 69.1714011, 41.2744459 ], [ 69.1711194, 41.2748411 ], [ 69.1710471, 41.2747959 ], [ 69.1704184, 41.2753609 ], [ 69.1698401, 41.2751718 ], [ 69.1697394, 41.2749735 ], [ 69.1694569, 41.2748398 ], [ 69.1695857, 41.2747088 ], [ 69.169096, 41.2740195 ] ] ] } },
{ "type": "Feature", "properties": { "osm_id": "w104964210", "kind": "cemetery" }, "geometry": { "type": "Polygon", "coordinates": [ [ [ 69.230154, 41.218887 ], [ 69.2305416, 41.2193989 ], [ 69.2307114, 41.2195799 ], [ 69.2308771, 41.2196659 ], [ 69.2313637, 41.2197833 ], [ 69.2316755, 41.218707 ], [ 69.2314009, 41.2184153 ], [ 69.2311329, 41.2182185 ], [ 69.2307511, 41.2182686 ], [ 69.2306563, 41.2182706 ], [ 69.2306314, 41.2183312 ], [ 69.2301276, 41.2184806 ], [ 69.2301202, 41.2186647 ], [ 69.230154, 41.218887 ] ] ] } },
{ "type": "Feature", "properties": { "osm_id": "w104964272", "kind": "cemetery" }, "geometry": { "type": "Polygon", "coordinates": [ [ [ 69.3131042, 41.258755 ], [ 69.3131531, 41.2585114 ], [ 69.3139724, 41.2573863 ], [ 69.3149118, 41.2577969 ], [ 69.3149575, 41.2577489 ], [ 69.3164154, 41.2586126 ], [ 69.3160745, 41.2591059 ], [ 69.3163414, 41.2593502 ], [ 69.3159863, 41.2596726 ], [ 69.3157042, 41.2594909 ], [ 69.3156733, 41.2594729 ], [ 69.3156424, 41.2594591 ], [ 69.3155658, 41.2594301 ], [ 69.3155234, 41.2593671 ], [ 69.3154994, 41.2593369 ], [ 69.3154736, 41.2593123 ], [ 69.315413, 41.2592876 ], [ 69.3153132, 41.2592658 ], [ 69.3150711, 41.2591291 ], [ 69.3149243, 41.2590196 ], [ 69.3150373, 41.2589298 ], [ 69.3143375, 41.2584664 ], [ 69.3140953, 41.258396 ], [ 69.3136752, 41.2589782 ], [ 69.3131042, 41.258755 ] ] ] } },
{ "type": "Feature", "properties": { "osm_id": "w104965507", "kind": "cemetery" }, "geometry": { "type": "Polygon", "coordinates": [ [ [ 69.2131447, 41.3420496 ], [ 69.2134027, 41.3427439 ], [ 69.213523, 41.343022 ], [ 69.2136177, 41.3431587 ], [ 69.2139703, 41.3430396 ], [ 69.2141485, 41.3432962 ], [ 69.2145067, 41.343081 ], [ 69.2147689, 41.3429901 ], [ 69.2150171, 41.3429715 ], [ 69.2150654, 41.3426708 ], [ 69.2150953, 41.3424744 ], [ 69.2152328, 41.3421681 ], [ 69.2154594, 41.3417886 ], [ 69.2154154, 41.3417167 ], [ 69.2152989, 41.3417576 ], [ 69.2150626, 41.3416124 ], [ 69.214957, 41.3416226 ], [ 69.2149535, 41.3416778 ], [ 69.2146181, 41.3416328 ], [ 69.2146109, 41.3415754 ], [ 69.2145408, 41.3415647 ], [ 69.2143511, 41.3416048 ], [ 69.2137591, 41.3419693 ], [ 69.213635, 41.3418674 ], [ 69.213301, 41.341966 ], [ 69.2131598, 41.341686 ], [ 69.2130123, 41.3417482 ], [ 69.2131447, 41.3420496 ] ] ] } },
{ "type": "Feature", "properties": { "osm_id": "w104965700", "kind": "cemetery" }, "geometry": { "type": "Polygon", "coordinates": [ [ [ 69.2285445, 41.3478532 ], [ 69.2292857, 41.3480125 ], [ 69.229783, 41.3480785 ], [ 69.2300011, 41.3481085 ], [ 69.2305151, 41.3481662 ], [ 69.2306214, 41.3478109 ], [ 69.2307409, 41.3478237 ], [ 69.2308603, 41.3478431 ], [ 69.2312164, 41.3478419 ], [ 69.2312155, 41.3476499 ], [ 69.2315053, 41.3476415 ], [ 69.2315147, 41.3470622 ], [ 69.2308388, 41.3470035 ], [ 69.2308184, 41.3469978 ], [ 69.2307187, 41.3465861 ], [ 69.2303958, 41.3465585 ], [ 69.2297536, 41.3464861 ], [ 69.2297025, 41.3466241 ], [ 69.2292899, 41.3465731 ], [ 69.2291054, 41.3465676 ], [ 69.2290554, 41.3467517 ], [ 69.2292356, 41.3467708 ], [ 69.2291951, 41.3469549 ], [ 69.2291625, 41.3469518 ], [ 69.2290689, 41.3473118 ], [ 69.2290564, 41.3473928 ], [ 69.2285271, 41.3473683 ], [ 69.2285508, 41.347525 ], [ 69.2285445, 41.3478532 ] ] ] } },
{ "type": "Feature", "properties": { "osm_id": "w104966541", "kind": "cemetery" }, "geometry": { "type": "Polygon", "coordinates": [ [ [ 69.2421749, 41.3691532 ], [ 69.2423089, 41.3687382 ], [ 69.2426862, 41.3686795 ], [ 69.2426886, 41.3683213 ], [ 69.2428693, 41.3682787 ], [ 69.242822, 41.3677209 ], [ 69.2439968, 41.3678593 ], [ 69.2439694, 41.3679476 ], [ 69.2436161, 41.3685402 ], [ 69.2437416, 41.3686003 ], [ 69.2439153, 41.3689202 ], [ 69.2439685, 41.3689023 ], [ 69.2441241, 41.3691206 ], [ 69.2441412, 41.3691993 ], [ 69.2441286, 41.3692991 ], [ 69.2440887, 41.3693798 ], [ 69.2440383, 41.3694605 ], [ 69.2437502, 41.3697444 ], [ 69.2428016, 41.3693788 ], [ 69.2421749, 41.3691532 ] ] ] } },
{ "type": "Feature", "properties": { "osm_id": "w104968394", "kind": "cemetery" }, "geometry": { "type": "Polygon", "coordinates": [ [ [ 69.2981381, 41.3691858 ], [ 69.2975803, 41.3694266 ], [ 69.2975474, 41.369892 ], [ 69.2974882, 41.3702562 ], [ 69.2974922, 41.370286 ], [ 69.2975009, 41.370315 ], [ 69.2975156, 41.3703426 ], [ 69.2975351, 41.3703684 ], [ 69.2981348, 41.3708335 ], [ 69.2981113, 41.3708488 ], [ 69.2986985, 41.3713199 ], [ 69.2989524, 41.3712472 ], [ 69.2988647, 41.3710313 ], [ 69.2996199, 41.3708687 ], [ 69.2996876, 41.3708368 ], [ 69.2995354, 41.370654 ], [ 69.2981381, 41.3691858 ] ] ] } },
{ "type": "Feature", "properties": { "osm_id": "w104969404", "kind": "cemetery" }, "geometry": { "type": "Polygon", "coordinates": [ [ [ 69.3520371, 41.3273704 ], [ 69.3519804, 41.3272734 ], [ 69.3521958, 41.3272538 ], [ 69.3524182, 41.3272692 ], [ 69.3526243, 41.3273122 ], [ 69.3527241, 41.3274087 ], [ 69.3527764, 41.327585 ], [ 69.352733, 41.3277021 ], [ 69.3526034, 41.3278032 ], [ 69.3524245, 41.3278486 ], [ 69.352193, 41.3279576 ], [ 69.3518816, 41.3280275 ], [ 69.3517816, 41.3279736 ], [ 69.3516629, 41.3278629 ], [ 69.3515172, 41.3277368 ], [ 69.3515661, 41.3276496 ], [ 69.3515867, 41.327622 ], [ 69.3515663, 41.3275914 ], [ 69.3516506, 41.3274968 ], [ 69.3520371, 41.3273704 ] ] ] } },
{ "type": "Feature", "properties": { "osm_id": "w104969652", "kind": "cemetery" }, "geometry": { "type": "Polygon", "coordinates": [ [ [ 69.3439774, 41.3130301 ], [ 69.3441416, 41.3131124 ], [ 69.3444265, 41.3131834 ], [ 69.3448942, 41.3133141 ], [ 69.3447318, 41.3134825 ], [ 69.3445028, 41.3136978 ], [ 69.344306, 41.3138953 ], [ 69.3445545, 41.3140171 ], [ 69.3447653, 41.3138584 ], [ 69.3449589, 41.3138057 ], [ 69.3452493, 41.3139232 ], [ 69.3454321, 41.3140732 ], [ 69.3452762, 41.3141746 ], [ 69.3451041, 41.3141705 ], [ 69.3448408, 41.3144141 ], [ 69.3447764, 41.3145114 ], [ 69.3445311, 41.3144679 ], [ 69.3443214, 41.3143396 ], [ 69.3441646, 41.3141227 ], [ 69.3439047, 41.313866 ], [ 69.3438481, 41.313652 ], [ 69.3439741, 41.3136664 ], [ 69.3439871, 41.3136379 ], [ 69.3440803, 41.3136434 ], [ 69.3440857, 41.3136218 ], [ 69.3442936, 41.313645 ], [ 69.3442828, 41.3136817 ], [ 69.3443526, 41.3137064 ], [ 69.3443901, 41.3136092 ], [ 69.3443734, 41.3135669 ], [ 69.344131, 41.3134629 ], [ 69.343946, 41.3134203 ], [ 69.3439255, 41.3134017 ], [ 69.3439774, 41.3130301 ] ] ] } },
{ "type": "Feature", "properties": { "osm_id": "w104969881", "kind": "cemetery" }, "geometry": { "type": "Polygon", "coordinates": [ [ [ 69.3093618, 41.2775976 ], [ 69.3095005, 41.2774403 ], [ 69.3096043, 41.2773304 ], [ 69.309704, 41.2773846 ], [ 69.3097618, 41.277416 ], [ 69.3111516, 41.2780499 ], [ 69.3120919, 41.2784382 ], [ 69.3121803, 41.2784747 ], [ 69.3125227, 41.2786162 ], [ 69.3127243, 41.2786994 ], [ 69.3126691, 41.2787699 ], [ 69.3123979, 41.2791371 ], [ 69.311632, 41.2787968 ], [ 69.3106781, 41.2782857 ], [ 69.3104378, 41.2781786 ], [ 69.3104769, 41.278124 ], [ 69.3093618, 41.2775976 ] ] ] } },
{ "type": "Feature", "properties": { "osm_id": "w104970444", "kind": "cemetery" }, "geometry": { "type": "Polygon", "coordinates": [ [ [ 69.2681635, 41.2218323 ], [ 69.2670113, 41.2209635 ], [ 69.2670252, 41.2208522 ], [ 69.2673873, 41.2205577 ], [ 69.2678391, 41.2201908 ], [ 69.2686109, 41.2206967 ], [ 69.2692724, 41.2201552 ], [ 69.2693979, 41.2200649 ], [ 69.2698909, 41.2196886 ], [ 69.2724096, 41.2217134 ], [ 69.2722318, 41.2219254 ], [ 69.2718362, 41.2217304 ], [ 69.271538, 41.2219025 ], [ 69.2710054, 41.2217237 ], [ 69.2706624, 41.2219934 ], [ 69.2705944, 41.2221647 ], [ 69.2703643, 41.2222577 ], [ 69.2695495, 41.2228341 ], [ 69.2681635, 41.2218323 ] ] ] } },
{ "type": "Feature", "properties": { "osm_id": "w104970649", "kind": "cemetery" }, "geometry": { "type": "Polygon", "coordinates": [ [ [ 69.1555441, 41.249278 ], [ 69.1555674, 41.2490317 ], [ 69.1555331, 41.2487669 ], [ 69.1554993, 41.2483643 ], [ 69.155452, 41.247978 ], [ 69.1561368, 41.2480421 ], [ 69.156215, 41.2486087 ], [ 69.1568116, 41.2486378 ], [ 69.1568315, 41.2486965 ], [ 69.1570662, 41.2486289 ], [ 69.1573972, 41.2492714 ], [ 69.1575118, 41.2498583 ], [ 69.1575577, 41.2500536 ], [ 69.1572444, 41.2502321 ], [ 69.157237, 41.2502363 ], [ 69.1567113, 41.2501159 ], [ 69.1564338, 41.2498185 ], [ 69.1561955, 41.2499285 ], [ 69.1555441, 41.249278 ] ] ] } },
{ "type": "Feature", "properties": { "osm_id": "w105244991", "kind": "cemetery" }, "geometry": { "type": "Polygon", "coordinates": [ [ [ 69.1820229, 41.2916353 ], [ 69.1820449, 41.292216 ], [ 69.1828369, 41.2926142 ], [ 69.1831669, 41.292664 ], [ 69.1838129, 41.2930915 ], [ 69.184034, 41.2930824 ], [ 69.1841403, 41.2933701 ], [ 69.1847181, 41.2933413 ], [ 69.1847568, 41.2929383 ], [ 69.1845212, 41.2928243 ], [ 69.1844263, 41.2927792 ], [ 69.184363, 41.2926917 ], [ 69.1843666, 41.2925883 ], [ 69.1844193, 41.2924849 ], [ 69.1847827, 41.2919785 ], [ 69.185369, 41.2915436 ], [ 69.1857996, 41.2917679 ], [ 69.1861634, 41.291488 ], [ 69.1862493, 41.2913736 ], [ 69.1860874, 41.2911566 ], [ 69.1859895, 41.2910744 ], [ 69.1859498, 41.2910287 ], [ 69.1859223, 41.2909785 ], [ 69.1859232, 41.2908598 ], [ 69.1858965, 41.2907389 ], [ 69.1858604, 41.2906834 ], [ 69.1858135, 41.2906337 ], [ 69.1857027, 41.2905373 ], [ 69.1856013, 41.2904263 ], [ 69.1855416, 41.2903758 ], [ 69.185474, 41.2903362 ], [ 69.1853931, 41.290303 ], [ 69.1853083, 41.2902837 ], [ 69.1851382, 41.2902683 ], [ 69.1851215, 41.2903276 ], [ 69.1848993, 41.2903159 ], [ 69.1848886, 41.2903255 ], [ 69.1845453, 41.2903008 ], [ 69.1844932, 41.2905432 ], [ 69.1835262, 41.2904639 ], [ 69.1835484, 41.2901124 ], [ 69.183435, 41.2901165 ], [ 69.1833855, 41.2901276 ], [ 69.1833051, 41.2901988 ], [ 69.1832381, 41.2902842 ], [ 69.1832756, 41.2903479 ], [ 69.1833975, 41.2904186 ], [ 69.1834865, 41.290514 ], [ 69.1835676, 41.2906085 ], [ 69.1834128, 41.2907546 ], [ 69.1831573, 41.2909686 ], [ 69.1830907, 41.2910449 ], [ 69.1831402, 41.2911146 ], [ 69.1831819, 41.2912529 ], [ 69.1830652, 41.2913849 ], [ 69.1828152, 41.2914917 ], [ 69.1825819, 41.2914917 ], [ 69.1823153, 41.291498 ], [ 69.1820229, 41.2916353 ] ] ] } },
{ "type": "Feature", "properties": { "osm_id": "w105245516", "kind": "industrial" }, "geometry": { "type": "Polygon", "coordinates": [ [ [ 69.3310055, 41.2755229 ], [ 69.3328914, 41.2766857 ], [ 69.3346785, 41.2750436 ], [ 69.3348791, 41.2748584 ], [ 69.334985, 41.274762 ], [ 69.3301386, 41.2717308 ], [ 69.3281759, 41.2705052 ], [ 69.3276432, 41.2710507 ], [ 69.3278647, 41.2712248 ], [ 69.3262215, 41.2727182 ], [ 69.3251993, 41.2736375 ], [ 69.3265226, 41.2744421 ], [ 69.3298574, 41.2765318 ], [ 69.3310055, 41.2755229 ] ] ] } },
{ "type": "Feature", "properties": { "osm_id": "w105245861", "kind": "cemetery" }, "geometry": { "type": "Polygon", "coordinates": [ [ [ 69.3939625, 41.3571067 ], [ 69.3939427, 41.3570935 ], [ 69.3938112, 41.3564301 ], [ 69.3938204, 41.3564149 ], [ 69.3938421, 41.356411 ], [ 69.3944053, 41.3566536 ], [ 69.394474, 41.3566666 ], [ 69.3945046, 41.3566616 ], [ 69.3945783, 41.3565841 ], [ 69.3947225, 41.3564087 ], [ 69.3947338, 41.3563993 ], [ 69.3947607, 41.3563996 ], [ 69.3948659, 41.3564309 ], [ 69.3951376, 41.3565569 ], [ 69.3951541, 41.3565747 ], [ 69.3951778, 41.3566083 ], [ 69.3951776, 41.3568227 ], [ 69.3951275, 41.3572169 ], [ 69.3950799, 41.3572475 ], [ 69.3950328, 41.3572505 ], [ 69.3949914, 41.3572394 ], [ 69.3949404, 41.3571992 ], [ 69.3949168, 41.3571885 ], [ 69.3948975, 41.357177 ], [ 69.3948606, 41.3571695 ], [ 69.3947978, 41.3571716 ], [ 69.3947366, 41.357169 ], [ 69.3946705, 41.3571414 ], [ 69.3945335, 41.3570506 ], [ 69.3944523, 41.3569707 ], [ 69.3944265, 41.3569585 ], [ 69.3943718, 41.3569556 ], [ 69.3942203, 41.3569394 ], [ 69.3941919, 41.3569441 ], [ 69.393999, 41.3571025 ], [ 69.3939625, 41.3571067 ] ] ] } },
{ "type": "Feature", "properties": { "osm_id": "w105460681", "kind": "cemetery" }, "geometry": { "type": "Polygon", "coordinates": [ [ [ 69.2154134, 41.3636063 ], [ 69.2154434, 41.3636824 ], [ 69.2155475, 41.3639409 ], [ 69.2156087, 41.3640998 ], [ 69.2160137, 41.3651093 ], [ 69.2169272, 41.3650549 ], [ 69.2175292, 41.3650491 ], [ 69.2175335, 41.3648255 ], [ 69.2179034, 41.364824 ], [ 69.2179268, 41.3649874 ], [ 69.2182336, 41.3649781 ], [ 69.2181056, 41.3645037 ], [ 69.218364, 41.3644736 ], [ 69.2185304, 41.3644778 ], [ 69.2186791, 41.3645198 ], [ 69.2187327, 41.3645117 ], [ 69.218778, 41.3644909 ], [ 69.2188227, 41.3644253 ], [ 69.2188041, 41.3642687 ], [ 69.2183318, 41.3642841 ], [ 69.2178758, 41.3642423 ], [ 69.2173777, 41.3643008 ], [ 69.2171503, 41.3642816 ], [ 69.2166449, 41.3632472 ], [ 69.2161155, 41.3634058 ], [ 69.2161337, 41.3634365 ], [ 69.2160626, 41.3634617 ], [ 69.2160404, 41.3634295 ], [ 69.2156533, 41.3635377 ], [ 69.2154134, 41.3636063 ] ] ] } },
{ "type": "Feature", "properties": { "osm_id": "w105461902", "kind": "cemetery" }, "geometry": { "type": "Polygon", "coordinates": [ [ [ 69.3779551, 41.3395025 ], [ 69.3779052, 41.3400031 ], [ 69.3782245, 41.3400485 ], [ 69.3788254, 41.3405191 ], [ 69.379152, 41.3406412 ], [ 69.3795528, 41.3406077 ], [ 69.379744, 41.3405395 ], [ 69.3802858, 41.3401083 ], [ 69.3801678, 41.3398075 ], [ 69.3800474, 41.3395834 ], [ 69.3799383, 41.3394302 ], [ 69.3797936, 41.3392648 ], [ 69.3797847, 41.3392573 ], [ 69.3796828, 41.3391706 ], [ 69.3794856, 41.3389647 ], [ 69.3791654, 41.3386065 ], [ 69.3790581, 41.3385266 ], [ 69.3789703, 41.3385173 ], [ 69.3787317, 41.3388864 ], [ 69.3785682, 41.3389603 ], [ 69.3783228, 41.3390258 ], [ 69.3782061, 41.3390761 ], [ 69.3781044, 41.3391916 ], [ 69.377983, 41.3393818 ], [ 69.3779551, 41.3395025 ] ] ] } },
{ "type": "Feature", "properties": { "osm_id": "w105695590", "kind": "cemetery" }, "geometry": { "type": "Polygon", "coordinates": [ [ [ 69.278915, 41.3563606 ], [ 69.279343, 41.3568531 ], [ 69.2800215, 41.3565403 ], [ 69.280187, 41.3563541 ], [ 69.2803602, 41.3557811 ], [ 69.2805669, 41.3556561 ], [ 69.2808057, 41.3555552 ], [ 69.2809763, 41.3555255 ], [ 69.2810321, 41.355489 ], [ 69.2818858, 41.3555537 ], [ 69.2820169, 41.3555358 ], [ 69.2826423, 41.3551921 ], [ 69.2828479, 41.3551409 ], [ 69.2830293, 41.3549384 ], [ 69.283121, 41.3547981 ], [ 69.2830706, 41.3546421 ], [ 69.2824782, 41.3545344 ], [ 69.2821099, 41.3544041 ], [ 69.2820488, 41.3542895 ], [ 69.2816886, 41.3539625 ], [ 69.2812382, 41.3538948 ], [ 69.2811533, 41.3539083 ], [ 69.2811211, 41.3539161 ], [ 69.2805477, 41.3540487 ], [ 69.2802622, 41.3541584 ], [ 69.2802385, 41.3543748 ], [ 69.2798536, 41.3543775 ], [ 69.2793198, 41.3544298 ], [ 69.2788236, 41.3544193 ], [ 69.2788296, 41.3541691 ], [ 69.2787464, 41.3541492 ], [ 69.2788001, 41.354045 ], [ 69.2785273, 41.3540001 ], [ 69.2784886, 41.35387 ], [ 69.2782122, 41.3540904 ], [ 69.2780229, 41.3543981 ], [ 69.2779955, 41.3545995 ], [ 69.2781021, 41.3546512 ], [ 69.2781629, 41.3551427 ], [ 69.2782216, 41.3553031 ], [ 69.2783401, 41.3554567 ], [ 69.2791945, 41.3561494 ], [ 69.278915, 41.3563606 ] ] ] } },
{ "type": "Feature", "properties": { "osm_id": "w105707198", "kind": "industrial" }, "geometry": { "type": "Polygon", "coordinates": [ [ [ 69.3647192, 41.3786471 ], [ 69.3650255, 41.3785558 ], [ 69.3667164, 41.3775511 ], [ 69.3674816, 41.3773552 ], [ 69.3685493, 41.3774919 ], [ 69.3690346, 41.3777435 ], [ 69.3695879, 41.3780159 ], [ 69.3698921, 41.3777339 ], [ 69.3708934, 41.3782003 ], [ 69.371362, 41.3776777 ], [ 69.3722081, 41.3780122 ], [ 69.3724505, 41.3780327 ], [ 69.373708, 41.3787254 ], [ 69.3723486, 41.3802368 ], [ 69.3719186, 41.3800576 ], [ 69.3713807, 41.3806992 ], [ 69.3734033, 41.3816918 ], [ 69.3735032, 41.3818808 ], [ 69.373736, 41.3821082 ], [ 69.374238, 41.3824819 ], [ 69.3743075, 41.3827067 ], [ 69.3734533, 41.383567 ], [ 69.3733786, 41.3835815 ], [ 69.3729739, 41.3839411 ], [ 69.3715486, 41.3849242 ], [ 69.3709701, 41.3865467 ], [ 69.3706797, 41.38667 ], [ 69.3701049, 41.3865682 ], [ 69.3702765, 41.3860025 ], [ 69.369694, 41.3858427 ], [ 69.3692462, 41.3863598 ], [ 69.3683768, 41.385892 ], [ 69.3672345, 41.3852544 ], [ 69.3660519, 41.3863374 ], [ 69.3644124, 41.3854467 ], [ 69.363942, 41.3846775 ], [ 69.3640226, 41.3837059 ], [ 69.3652783, 41.3818514 ], [ 69.365643, 41.3812334 ], [ 69.3656962, 41.3804781 ], [ 69.3654835, 41.3797743 ], [ 69.3649624, 41.3789917 ], [ 69.3645794, 41.3788071 ], [ 69.3647192, 41.3786471 ] ] ] } },
{ "type": "Feature", "properties": { "osm_id": "w106617300", "kind": "cemetery" }, "geometry": { "type": "Polygon", "coordinates": [ [ [ 69.2640759, 41.2083203 ], [ 69.2641009, 41.2082781 ], [ 69.2642927, 41.2083417 ], [ 69.2644, 41.2083336 ], [ 69.2646756, 41.2084052 ], [ 69.2649499, 41.2084935 ], [ 69.265373, 41.2086529 ], [ 69.2654259, 41.2086887 ], [ 69.2655899, 41.2087204 ], [ 69.2656645, 41.2086237 ], [ 69.265733, 41.2082775 ], [ 69.2654021, 41.2080823 ], [ 69.2641424, 41.2072855 ], [ 69.263851, 41.2071499 ], [ 69.2634995, 41.2069593 ], [ 69.2632449, 41.2067928 ], [ 69.2628867, 41.2065683 ], [ 69.2627575, 41.2064903 ], [ 69.2623643, 41.2062641 ], [ 69.2617495, 41.2059035 ], [ 69.2616373, 41.2058403 ], [ 69.2615573, 41.2058043 ], [ 69.2611479, 41.2060918 ], [ 69.2613575, 41.2061646 ], [ 69.2614012, 41.2062489 ], [ 69.261402, 41.2062525 ], [ 69.2614357, 41.2063987 ], [ 69.2621657, 41.2071959 ], [ 69.2630643, 41.2079154 ], [ 69.2635591, 41.2081863 ], [ 69.2635994, 41.20815 ], [ 69.2640759, 41.2083203 ] ] ] } },
{ "type": "Feature", "properties": { "osm_id": "w106877389", "kind": "industrial" }, "geometry": { "type": "Polygon", "coordinates": [ [ [ 69.3204561, 41.2477787 ], [ 69.3202476, 41.2480883 ], [ 69.3194872, 41.2484185 ], [ 69.3179175, 41.2491542 ], [ 69.3176574, 41.2492785 ], [ 69.3167024, 41.2486263 ], [ 69.317234, 41.2478037 ], [ 69.3178109, 41.2468677 ], [ 69.3204561, 41.2477787 ] ] ] } },
{ "type": "Feature", "properties": { "osm_id": "w107160544", "kind": "cemetery" }, "geometry": { "type": "Polygon", "coordinates": [ [ [ 69.3881148, 41.3020066 ], [ 69.3880741, 41.3021722 ], [ 69.3882688, 41.3024791 ], [ 69.3883387, 41.302537 ], [ 69.388574, 41.3025841 ], [ 69.3887814, 41.3026267 ], [ 69.3889021, 41.3026604 ], [ 69.3890099, 41.302702 ], [ 69.3891468, 41.3026781 ], [ 69.3894524, 41.3022914 ], [ 69.3892797, 41.3016504 ], [ 69.3890088, 41.3016089 ], [ 69.3888956, 41.30165 ], [ 69.3887771, 41.3016405 ], [ 69.3884091, 41.301657 ], [ 69.3882677, 41.3017497 ], [ 69.3881148, 41.3020066 ] ] ] } },
{ "type": "Feature", "properties": { "osm_id": "w107174397", "kind": "cemetery" }, "geometry": { "type": "Polygon", "coordinates": [ [ [ 69.3782483, 41.2119084 ], [ 69.3783651, 41.211834 ], [ 69.3785173, 41.2116025 ], [ 69.3785033, 41.2114158 ], [ 69.3788647, 41.2113439 ], [ 69.3794339, 41.2110879 ], [ 69.3797596, 41.2117927 ], [ 69.3798726, 41.2125677 ], [ 69.3804645, 41.2145827 ], [ 69.3796021, 41.2138068 ], [ 69.3793779, 41.2137404 ], [ 69.3791775, 41.2136565 ], [ 69.3787855, 41.2135011 ], [ 69.3783944, 41.2133527 ], [ 69.3782307, 41.213272 ], [ 69.3780184, 41.2130593 ], [ 69.377893, 41.2128529 ], [ 69.3778863, 41.2125266 ], [ 69.378005, 41.2122599 ], [ 69.3781744, 41.2119946 ], [ 69.3782483, 41.2119084 ] ] ] } },
{ "type": "Feature", "properties": { "osm_id": "w107269105", "kind": "industrial" }, "geometry": { "type": "Polygon", "coordinates": [ [ [ 69.1897312, 41.2162037 ], [ 69.1897551, 41.2162326 ], [ 69.1899547, 41.216474 ], [ 69.1904674, 41.21624 ], [ 69.1915633, 41.2157185 ], [ 69.1904263, 41.2143134 ], [ 69.1887708, 41.2151123 ], [ 69.1892282, 41.2156145 ], [ 69.1894153, 41.2158247 ], [ 69.1897312, 41.2162037 ] ] ] } },
{ "type": "Feature", "properties": { "osm_id": "w107420908", "kind": "military" }, "geometry": { "type": "Polygon", "coordinates": [ [ [ 69.353156, 41.2823107 ], [ 69.3537145, 41.2814362 ], [ 69.3546007, 41.2817671 ], [ 69.3549169, 41.2818851 ], [ 69.3551932, 41.2819883 ], [ 69.3560285, 41.2823002 ], [ 69.3563425, 41.2817946 ], [ 69.3567299, 41.2811751 ], [ 69.3573133, 41.2813741 ], [ 69.3573911, 41.2814006 ], [ 69.357446, 41.2813165 ], [ 69.3575608, 41.2813444 ], [ 69.3590169, 41.281865 ], [ 69.3582973, 41.2829556 ], [ 69.3582313, 41.2829333 ], [ 69.358183, 41.2830113 ], [ 69.3580139, 41.2832843 ], [ 69.3571884, 41.2829829 ], [ 69.3566051, 41.28277 ], [ 69.3565501, 41.2828788 ], [ 69.3564914, 41.282995 ], [ 69.3561784, 41.2828572 ], [ 69.3557719, 41.2826859 ], [ 69.3555572, 41.2830047 ], [ 69.355291, 41.2831167 ], [ 69.3542032, 41.2827145 ], [ 69.3533889, 41.2824127 ], [ 69.353156, 41.2823107 ] ] ] } },
{ "type": "Feature", "properties": { "osm_id": "w108208840", "kind": "industrial" }, "geometry": { "type": "Polygon", "coordinates": [ [ [ 69.3650057, 41.319435 ], [ 69.3646818, 41.3192095 ], [ 69.3644476, 41.319319 ], [ 69.3637573, 41.3189464 ], [ 69.3632012, 41.3199947 ], [ 69.3631373, 41.3201151 ], [ 69.3644086, 41.3217487 ], [ 69.3673054, 41.3204293 ], [ 69.366541, 41.3199056 ], [ 69.3663383, 41.3200335 ], [ 69.3652762, 41.3192387 ], [ 69.3650057, 41.319435 ] ] ] } },
{ "type": "Feature", "properties": { "osm_id": "w109204221", "kind": "garages" }, "geometry": { "type": "Polygon", "coordinates": [ [ [ 69.2240392, 41.2119972 ], [ 69.2247884, 41.2123102 ], [ 69.2249836, 41.2120458 ], [ 69.2242345, 41.2117328 ], [ 69.2240392, 41.2119972 ] ] ] } },
{ "type": "Feature", "properties": { "osm_id": "w109827534", "kind": "industrial" }, "geometry": { "type": "Polygon", "coordinates": [ [ [ 69.2363176, 41.1689803 ], [ 69.2379891, 41.1681421 ], [ 69.2384977, 41.1688106 ], [ 69.2386487, 41.1690244 ], [ 69.2391097, 41.1698238 ], [ 69.2393428, 41.170298 ], [ 69.2395764, 41.170688 ], [ 69.2394899, 41.170762 ], [ 69.239225, 41.1709596 ], [ 69.2391042, 41.1709198 ], [ 69.2386953, 41.1707639 ], [ 69.2382725, 41.1706202 ], [ 69.2381185, 41.1705016 ], [ 69.2375791, 41.1700861 ], [ 69.2376174, 41.1700589 ], [ 69.237429, 41.1699106 ], [ 69.2368027, 41.1693995 ], [ 69.2363176, 41.1689803 ] ] ] } },
{ "type": "Feature", "properties": { "osm_id": "w110751949", "kind": "garages" }, "geometry": { "type": "Polygon", "coordinates": [ [ [ 69.3447349, 41.2996498 ], [ 69.3448732, 41.2996171 ], [ 69.3447338, 41.299248 ], [ 69.3445917, 41.2992823 ], [ 69.3447349, 41.2996498 ] ] ] } },
{ "type": "Feature", "properties": { "osm_id": "w111029808", "kind": "garages" }, "geometry": { "type": "Polygon", "coordinates": [ [ [ 69.341572, 41.2896574 ], [ 69.3414425, 41.2896917 ], [ 69.3419142, 41.2906951 ], [ 69.3420436, 41.2906607 ], [ 69.341572, 41.2896574 ] ] ] } },
{ "type": "Feature", "properties": { "osm_id": "w113227021", "kind": "industrial" }, "geometry": { "type": "Polygon", "coordinates": [ [ [ 69.5444201, 41.1912837 ], [ 69.5444896, 41.1897768 ], [ 69.5454283, 41.1897663 ], [ 69.5457829, 41.1912994 ], [ 69.5444201, 41.1912837 ] ] ] } },
{ "type": "Feature", "properties": { "osm_id": "w114823641", "kind": "industrial" }, "geometry": { "type": "Polygon", "coordinates": [ [ [ 69.2686818, 41.3768109 ], [ 69.2687053, 41.3767905 ], [ 69.2688861, 41.3766333 ], [ 69.2699053, 41.3756968 ], [ 69.2700975, 41.3755202 ], [ 69.2701875, 41.3754349 ], [ 69.2702812, 41.3753512 ], [ 69.2702897, 41.3753436 ], [ 69.2663415, 41.3730169 ], [ 69.266334, 41.3730257 ], [ 69.266318, 41.3730445 ], [ 69.2655732, 41.3739106 ], [ 69.2647167, 41.3749773 ], [ 69.2686818, 41.3768109 ] ] ] } },
{ "type": "Feature", "properties": { "osm_id": "w115955545", "kind": "industrial" }, "geometry": { "type": "Polygon", "coordinates": [ [ [ 69.1958396, 41.3266869 ], [ 69.1956107, 41.3264154 ], [ 69.1955938, 41.3264234 ], [ 69.1953211, 41.3261031 ], [ 69.194978, 41.3255795 ], [ 69.1949624, 41.325444 ], [ 69.1949075, 41.3253321 ], [ 69.1948839, 41.324378 ], [ 69.1947741, 41.3238552 ], [ 69.1947473, 41.323418 ], [ 69.1947921, 41.3230423 ], [ 69.1951797, 41.3230196 ], [ 69.1951921, 41.3225416 ], [ 69.1983321, 41.3224973 ], [ 69.1985132, 41.3224951 ], [ 69.1992892, 41.3224821 ], [ 69.1995726, 41.322445 ], [ 69.1996146, 41.3225673 ], [ 69.1997311, 41.3225562 ], [ 69.1999386, 41.3231172 ], [ 69.2000798, 41.3230937 ], [ 69.2001425, 41.3232468 ], [ 69.2001893, 41.3232656 ], [ 69.200273, 41.323288 ], [ 69.2003778, 41.3235648 ], [ 69.2004719, 41.3242127 ], [ 69.2002837, 41.3242363 ], [ 69.2003151, 41.324996 ], [ 69.1986967, 41.3260071 ], [ 69.1982995, 41.32628 ], [ 69.1981113, 41.326174 ], [ 69.1978488, 41.3262532 ], [ 69.1974251, 41.3262497 ], [ 69.1974257, 41.3262133 ], [ 69.1968132, 41.3262548 ], [ 69.1958396, 41.3266869 ] ] ] } },
{ "type": "Feature", "properties": { "osm_id": "w118464990", "kind": "military" }, "geometry": { "type": "Polygon", "coordinates": [ [ [ 69.1844083, 41.2671669 ], [ 69.1855429, 41.2678161 ], [ 69.1861817, 41.2671933 ], [ 69.1850715, 41.266582 ], [ 69.1848867, 41.266745 ], [ 69.184452, 41.2671284 ], [ 69.1844083, 41.2671669 ] ] ] } },
{ "type": "Feature", "properties": { "osm_id": "w120778239", "kind": "garages" }, "geometry": { "type": "Polygon", "coordinates": [ [ [ 69.3078697, 41.314312 ], [ 69.3076003, 41.3138158 ], [ 69.3075231, 41.3131712 ], [ 69.3076347, 41.3130938 ], [ 69.3074843, 41.3128372 ], [ 69.3073671, 41.3126372 ], [ 69.3067414, 41.3128874 ], [ 69.3066725, 41.3129242 ], [ 69.3067107, 41.312936 ], [ 69.306998, 41.3130722 ], [ 69.3061871, 41.3139312 ], [ 69.3063758, 41.3142661 ], [ 69.3065394, 41.3145372 ], [ 69.3066489, 41.3147455 ], [ 69.3078697, 41.314312 ] ] ] } },
{ "type": "Feature", "properties": { "osm_id": "w124067258", "kind": "industrial" }, "geometry": { "type": "Polygon", "coordinates": [ [ [ 69.2341469, 41.2159344 ], [ 69.2343109, 41.2160039 ], [ 69.2346663, 41.2161545 ], [ 69.2347987, 41.2162106 ], [ 69.2321664, 41.2198929 ], [ 69.2313637, 41.2197833 ], [ 69.2316755, 41.218707 ], [ 69.2314009, 41.2184153 ], [ 69.2311329, 41.2182185 ], [ 69.2307511, 41.2182686 ], [ 69.2306563, 41.2182706 ], [ 69.2306314, 41.2183312 ], [ 69.2301276, 41.2184806 ], [ 69.2301202, 41.2186647 ], [ 69.230154, 41.218887 ], [ 69.2305416, 41.2193989 ], [ 69.2307114, 41.2195799 ], [ 69.2308771, 41.2196659 ], [ 69.2308521, 41.2197661 ], [ 69.2303171, 41.2196398 ], [ 69.228459, 41.2192252 ], [ 69.2284499, 41.2187553 ], [ 69.2284248, 41.2187275 ], [ 69.228547, 41.2181994 ], [ 69.2286676, 41.2180102 ], [ 69.2287337, 41.2180412 ], [ 69.2290296, 41.2175431 ], [ 69.2310265, 41.2146329 ], [ 69.2331191, 41.215511 ], [ 69.2341469, 41.2159344 ] ] ] } },
{ "type": "Feature", "properties": { "osm_id": "w127932534", "kind": "cemetery" }, "geometry": { "type": "Polygon", "coordinates": [ [ [ 69.4425745, 41.1203017 ], [ 69.4425627, 41.1202794 ], [ 69.4425461, 41.1202262 ], [ 69.442567, 41.1201755 ], [ 69.442651, 41.1200569 ], [ 69.4428797, 41.1198178 ], [ 69.443601, 41.1195609 ], [ 69.4443612, 41.1192773 ], [ 69.4463436, 41.1189423 ], [ 69.4477357, 41.1188087 ], [ 69.4478403, 41.1186397 ], [ 69.4478559, 41.1184231 ], [ 69.4476706, 41.1180492 ], [ 69.4478143, 41.117904 ], [ 69.4494067, 41.1168703 ], [ 69.4497514, 41.1167404 ], [ 69.4528491, 41.1158972 ], [ 69.4540239, 41.1208465 ], [ 69.454492, 41.1227477 ], [ 69.4545841, 41.1229121 ], [ 69.4542904, 41.1230324 ], [ 69.4542409, 41.1231841 ], [ 69.4532963, 41.1236977 ], [ 69.4527827, 41.1239672 ], [ 69.4524396, 41.1242839 ], [ 69.4521778, 41.1246349 ], [ 69.4517877, 41.1251471 ], [ 69.451665, 41.1252383 ], [ 69.4514381, 41.1252967 ], [ 69.4509959, 41.1253674 ], [ 69.4506687, 41.1253674 ], [ 69.4499684, 41.1255693 ], [ 69.4492199, 41.1258802 ], [ 69.4490272, 41.1259206 ], [ 69.4487518, 41.126001 ], [ 69.4483781, 41.1261476 ], [ 69.4481623, 41.126312 ], [ 69.4479487, 41.1263935 ], [ 69.4473389, 41.1264019 ], [ 69.4467275, 41.1265363 ], [ 69.4451834, 41.1243748 ], [ 69.4426629, 41.1246195 ], [ 69.4421272, 41.1240744 ], [ 69.4419573, 41.1239135 ], [ 69.4416537, 41.123705 ], [ 69.4423051, 41.1232006 ], [ 69.4436553, 41.1230018 ], [ 69.4425745, 41.1203017 ] ] ] } },
{ "type": "Feature", "properties": { "osm_id": "w129105545", "kind": "cemetery" }, "geometry": { "type": "Polygon", "coordinates": [ [ [ 69.3578277, 41.2437177 ], [ 69.3581646, 41.2434012 ], [ 69.3593764, 41.2437419 ], [ 69.3593552, 41.2441489 ], [ 69.3585475, 41.2439973 ], [ 69.3580148, 41.243867 ], [ 69.3578277, 41.2437177 ] ] ] } },
{ "type": "Feature", "properties": { "osm_id": "w129105714", "kind": "cemetery" }, "geometry": { "type": "Polygon", "coordinates": [ [ [ 69.3374466, 41.2512304 ], [ 69.3371985, 41.2511302 ], [ 69.3374188, 41.2507611 ], [ 69.3375958, 41.250497 ], [ 69.3376849, 41.2504275 ], [ 69.3385523, 41.2509489 ], [ 69.3395383, 41.2499764 ], [ 69.3396096, 41.2499721 ], [ 69.3398829, 41.2501251 ], [ 69.3399424, 41.2500605 ], [ 69.3403161, 41.2502396 ], [ 69.338501, 41.2519168 ], [ 69.3373966, 41.2514505 ], [ 69.3375277, 41.251272 ], [ 69.3374466, 41.2512304 ] ] ] } },
{ "type": "Feature", "properties": { "osm_id": "w129105720", "kind": "cemetery" }, "geometry": { "type": "Polygon", "coordinates": [ [ [ 69.3404111, 41.2451376 ], [ 69.3402582, 41.2453755 ], [ 69.3404297, 41.2458416 ], [ 69.3402317, 41.2461227 ], [ 69.340234, 41.2461831 ], [ 69.3401369, 41.2462654 ], [ 69.3400231, 41.246539 ], [ 69.3401, 41.2466279 ], [ 69.3400669, 41.2466943 ], [ 69.3400004, 41.2467551 ], [ 69.3399119, 41.2471758 ], [ 69.3399572, 41.2473381 ], [ 69.3402604, 41.2474731 ], [ 69.3408209, 41.2475926 ], [ 69.341144, 41.2475299 ], [ 69.3414895, 41.2474461 ], [ 69.3415317, 41.2474166 ], [ 69.3417128, 41.2474935 ], [ 69.3419842, 41.2473537 ], [ 69.3418053, 41.2470929 ], [ 69.3420153, 41.2467084 ], [ 69.3421773, 41.2465211 ], [ 69.3423115, 41.2464506 ], [ 69.3424941, 41.2464312 ], [ 69.342642, 41.2465111 ], [ 69.3427214, 41.2464346 ], [ 69.3412425, 41.2455544 ], [ 69.3404111, 41.2451376 ] ] ] } },
{ "type": "Feature", "properties": { "osm_id": "w131833049", "kind": "cemetery" }, "geometry": { "type": "Polygon", "coordinates": [ [ [ 69.4083618, 41.1892332 ], [ 69.4091439, 41.1901998 ], [ 69.4104892, 41.1895691 ], [ 69.4097012, 41.188621 ], [ 69.4083618, 41.1892332 ] ] ] } },
{ "type": "Feature", "properties": { "osm_id": "w131833051", "kind": "cemetery" }, "geometry": { "type": "Polygon", "coordinates": [ [ [ 69.4007057, 41.211632 ], [ 69.4008762, 41.2112594 ], [ 69.4009942, 41.2111505 ], [ 69.4011701, 41.211093 ], [ 69.4014501, 41.2111908 ], [ 69.401764, 41.2113512 ], [ 69.4019785, 41.2115036 ], [ 69.4020049, 41.2117612 ], [ 69.4019864, 41.2122527 ], [ 69.401543, 41.2122896 ], [ 69.4015092, 41.2123934 ], [ 69.4012529, 41.2122909 ], [ 69.4010371, 41.2121533 ], [ 69.4008308, 41.2119775 ], [ 69.4007018, 41.2118305 ], [ 69.4007057, 41.211632 ] ] ] } },
{ "type": "Feature", "properties": { "osm_id": "w131837283", "kind": "cemetery" }, "geometry": { "type": "Polygon", "coordinates": [ [ [ 69.4932298, 41.2043432 ], [ 69.4939354, 41.2038754 ], [ 69.4942652, 41.2038307 ], [ 69.4950253, 41.2042496 ], [ 69.4955359, 41.204637 ], [ 69.4960465, 41.2050521 ], [ 69.4951842, 41.2056844 ], [ 69.4937633, 41.2053439 ], [ 69.4932815, 41.205136 ], [ 69.4932298, 41.2043432 ] ] ] } },
{ "type": "Feature", "properties": { "osm_id": "w132191005", "kind": "cemetery" }, "geometry": { "type": "Polygon", "coordinates": [ [ [ 69.2437747, 41.1246534 ], [ 69.2434487, 41.1246863 ], [ 69.2436628, 41.1254848 ], [ 69.2440338, 41.1252189 ], [ 69.2444614, 41.1251293 ], [ 69.2447202, 41.1250165 ], [ 69.244574, 41.1244781 ], [ 69.2443116, 41.1243912 ], [ 69.2441141, 41.124446 ], [ 69.2437747, 41.1246534 ] ] ] } },
{ "type": "Feature", "properties": { "osm_id": "w132191006", "kind": "cemetery" }, "geometry": { "type": "Polygon", "coordinates": [ [ [ 69.24024, 41.1217441 ], [ 69.2403307, 41.1220146 ], [ 69.2405998, 41.1220637 ], [ 69.240843, 41.1222076 ], [ 69.2411289, 41.1229777 ], [ 69.2414334, 41.1230448 ], [ 69.2416634, 41.1227339 ], [ 69.2416071, 41.1223783 ], [ 69.2415772, 41.1220749 ], [ 69.2419969, 41.1218887 ], [ 69.242236, 41.121613 ], [ 69.2401858, 41.1216663 ], [ 69.24024, 41.1217441 ] ] ] } },
{ "type": "Feature", "properties": { "osm_id": "w132198888", "kind": "cemetery" }, "geometry": { "type": "Polygon", "coordinates": [ [ [ 69.2846867, 41.2490199 ], [ 69.2845753, 41.2493255 ], [ 69.2842602, 41.2498874 ], [ 69.284189, 41.2507568 ], [ 69.2844877, 41.2507856 ], [ 69.2845057, 41.2508502 ], [ 69.284514, 41.2512249 ], [ 69.2841735, 41.2512171 ], [ 69.2842037, 41.2525365 ], [ 69.2849836, 41.2525006 ], [ 69.2864442, 41.2524006 ], [ 69.2862163, 41.2509225 ], [ 69.285978, 41.2496274 ], [ 69.285956, 41.2491955 ], [ 69.2851321, 41.2490476 ], [ 69.2846867, 41.2490199 ] ] ] } },
{ "type": "Feature", "properties": { "osm_id": "w132408732", "kind": "cemetery" }, "geometry": { "type": "Polygon", "coordinates": [ [ [ 69.3576077, 41.2690728 ], [ 69.3571877, 41.2689828 ], [ 69.3570425, 41.2687363 ], [ 69.3566069, 41.2687011 ], [ 69.3561557, 41.2685681 ], [ 69.3560313, 41.2684664 ], [ 69.3556476, 41.2679812 ], [ 69.3554142, 41.2678443 ], [ 69.3553831, 41.2679265 ], [ 69.3551889, 41.2690781 ], [ 69.3562465, 41.2692921 ], [ 69.356216, 41.2694862 ], [ 69.3565299, 41.2695538 ], [ 69.356513, 41.2696407 ], [ 69.3571785, 41.2696741 ], [ 69.3571883, 41.269614 ], [ 69.3573546, 41.269618 ], [ 69.3573654, 41.2695757 ], [ 69.3575478, 41.2695818 ], [ 69.3575746, 41.2692491 ], [ 69.3582505, 41.2693721 ], [ 69.3585321, 41.2692794 ], [ 69.3581378, 41.2690132 ], [ 69.3576077, 41.2690728 ] ] ] } },
{ "type": "Feature", "properties": { "osm_id": "w132409440", "kind": "cemetery" }, "geometry": { "type": "Polygon", "coordinates": [ [ [ 69.1453972, 41.3007824 ], [ 69.1451087, 41.3010044 ], [ 69.145917, 41.301688 ], [ 69.1462087, 41.3020886 ], [ 69.1464955, 41.3025234 ], [ 69.1470323, 41.3035495 ], [ 69.1472952, 41.303483 ], [ 69.1475374, 41.3033339 ], [ 69.1477867, 41.303233 ], [ 69.1484178, 41.3032352 ], [ 69.1488775, 41.3033133 ], [ 69.1490523, 41.3037258 ], [ 69.1492027, 41.3038894 ], [ 69.1495023, 41.3040931 ], [ 69.1505747, 41.3044442 ], [ 69.1506827, 41.3040722 ], [ 69.1507337, 41.3037161 ], [ 69.1507094, 41.3034376 ], [ 69.1508756, 41.3034202 ], [ 69.15056, 41.3012911 ], [ 69.1503505, 41.300411 ], [ 69.15023, 41.3002854 ], [ 69.1502947, 41.2998913 ], [ 69.1489132, 41.3000343 ], [ 69.1473385, 41.2999117 ], [ 69.1462518, 41.3003398 ], [ 69.1453972, 41.3007824 ] ] ] } },
{ "type": "Feature", "properties": { "osm_id": "w132410381", "kind": "cemetery" }, "geometry": { "type": "Polygon", "coordinates": [ [ [ 69.199256, 41.3675605 ], [ 69.1994305, 41.3678937 ], [ 69.1996677, 41.3681604 ], [ 69.2000407, 41.3683735 ], [ 69.2000952, 41.3684046 ], [ 69.2014164, 41.3675145 ], [ 69.2010287, 41.366819 ], [ 69.200263, 41.3668411 ], [ 69.1998559, 41.3670427 ], [ 69.1996473, 41.3671382 ], [ 69.1992278, 41.3672913 ], [ 69.199256, 41.3675605 ] ] ] } },
{ "type": "Feature", "properties": { "osm_id": "w132418526", "kind": "cemetery" }, "geometry": { "type": "Polygon", "coordinates": [ [ [ 69.5561885, 41.4251518 ], [ 69.5574718, 41.4271115 ], [ 69.5572335, 41.4272541 ], [ 69.5556392, 41.4277744 ], [ 69.5551801, 41.4274409 ], [ 69.556852, 41.4267597 ], [ 69.5560458, 41.4260689 ], [ 69.5559769, 41.4259274 ], [ 69.5556682, 41.4256281 ], [ 69.5561885, 41.4251518 ] ] ] } },
{ "type": "Feature", "properties": { "osm_id": "w132516191", "kind": "cemetery" }, "geometry": { "type": "Polygon", "coordinates": [ [ [ 69.2680269, 41.3800316 ], [ 69.2681233, 41.3798443 ], [ 69.2682016, 41.3796222 ], [ 69.2682748, 41.379227 ], [ 69.2683088, 41.379008 ], [ 69.2684706, 41.3787067 ], [ 69.2686858, 41.3784075 ], [ 69.2687669, 41.37845 ], [ 69.2690454, 41.3784292 ], [ 69.269109, 41.3783722 ], [ 69.2699522, 41.3787735 ], [ 69.2699455, 41.3788213 ], [ 69.2700232, 41.3789048 ], [ 69.2701393, 41.3798171 ], [ 69.2701722, 41.3799834 ], [ 69.270135, 41.3802333 ], [ 69.2700562, 41.3804623 ], [ 69.2695369, 41.3816993 ], [ 69.2694716, 41.3817816 ], [ 69.2690967, 41.3818828 ], [ 69.2688804, 41.3819418 ], [ 69.2685874, 41.3820189 ], [ 69.2683883, 41.3823123 ], [ 69.2682149, 41.3824726 ], [ 69.2680821, 41.3826242 ], [ 69.2678054, 41.3830131 ], [ 69.2677585, 41.3830647 ], [ 69.2677081, 41.3831012 ], [ 69.2676813, 41.3831175 ], [ 69.2676209, 41.3831163 ], [ 69.2668645, 41.3830043 ], [ 69.2668276, 41.3826519 ], [ 69.2667438, 41.3826595 ], [ 69.2667406, 41.3825489 ], [ 69.266666, 41.3820789 ], [ 69.266659, 41.3819269 ], [ 69.266864, 41.3814115 ], [ 69.2670609, 41.3811242 ], [ 69.2677934, 41.3803171 ], [ 69.2680269, 41.3800316 ] ] ] } },
{ "type": "Feature", "properties": { "osm_id": "w132698546", "kind": "cemetery" }, "geometry": { "type": "Polygon", "coordinates": [ [ [ 69.1990457, 41.2579177 ], [ 69.1989997, 41.2577731 ], [ 69.1990077, 41.2577105 ], [ 69.1993015, 41.2575845 ], [ 69.2000296, 41.2571689 ], [ 69.2001074, 41.2571951 ], [ 69.2002014, 41.2572367 ], [ 69.2005429, 41.2573612 ], [ 69.2004414, 41.2574927 ], [ 69.2006638, 41.2575874 ], [ 69.2003515, 41.2579372 ], [ 69.1997323, 41.258486 ], [ 69.1995013, 41.2582913 ], [ 69.1990457, 41.2579177 ] ] ] } },
{ "type": "Feature", "properties": { "osm_id": "w132733492", "kind": "industrial" }, "geometry": { "type": "Polygon", "coordinates": [ [ [ 69.3214276, 41.272132 ], [ 69.3216092, 41.2724184 ], [ 69.3218988, 41.2725237 ], [ 69.3223506, 41.2725709 ], [ 69.3228163, 41.2725735 ], [ 69.324823, 41.272235 ], [ 69.3264302, 41.2717038 ], [ 69.3263008, 41.2715091 ], [ 69.325891, 41.2715693 ], [ 69.3258137, 41.2710767 ], [ 69.3259902, 41.2707565 ], [ 69.3249397, 41.2704605 ], [ 69.3253084, 41.2697211 ], [ 69.3247991, 41.2695842 ], [ 69.3244893, 41.2701512 ], [ 69.3240493, 41.2700244 ], [ 69.3242693, 41.2696467 ], [ 69.3241857, 41.2696211 ], [ 69.3239352, 41.2699919 ], [ 69.3231755, 41.2710728 ], [ 69.3229154, 41.2712784 ], [ 69.3224632, 41.2715354 ], [ 69.3220668, 41.271713 ], [ 69.3214502, 41.2718571 ], [ 69.3213966, 41.2719095 ], [ 69.3213968, 41.2720383 ], [ 69.3214276, 41.272132 ] ] ] } },
{ "type": "Feature", "properties": { "osm_id": "w132737247", "kind": "military" }, "geometry": { "type": "Polygon", "coordinates": [ [ [ 69.169804, 41.2626961 ], [ 69.1713931, 41.2643288 ], [ 69.1701603, 41.264999 ], [ 69.1702021, 41.2650389 ], [ 69.1686278, 41.2659614 ], [ 69.1668458, 41.2643453 ], [ 69.1669924, 41.2642574 ], [ 69.1673247, 41.2640581 ], [ 69.1673889, 41.264127 ], [ 69.1681428, 41.2636719 ], [ 69.1680962, 41.2636254 ], [ 69.169804, 41.2626961 ] ] ] } },
{ "type": "Feature", "properties": { "osm_id": "w132738133", "kind": "military" }, "geometry": { "type": "Polygon", "coordinates": [ [ [ 69.2789553, 41.2754702 ], [ 69.2782554, 41.2758115 ], [ 69.2790931, 41.2764781 ], [ 69.2799333, 41.2769933 ], [ 69.2802046, 41.2768273 ], [ 69.2789553, 41.2754702 ] ] ] } },
{ "type": "Feature", "properties": { "osm_id": "w132741303", "kind": "industrial" }, "geometry": { "type": "Polygon", "coordinates": [ [ [ 69.3250819, 41.2879979 ], [ 69.3243903, 41.2872537 ], [ 69.3239655, 41.2868884 ], [ 69.3230086, 41.2858744 ], [ 69.3226305, 41.2853928 ], [ 69.3222447, 41.2850442 ], [ 69.3222664, 41.2849413 ], [ 69.3219329, 41.2847551 ], [ 69.3213264, 41.2854025 ], [ 69.3205518, 41.2850016 ], [ 69.3202742, 41.2851241 ], [ 69.3199398, 41.2847828 ], [ 69.3198371, 41.284727 ], [ 69.3194787, 41.2849049 ], [ 69.3186217, 41.2853933 ], [ 69.3184964, 41.2855972 ], [ 69.3185971, 41.2858095 ], [ 69.3187976, 41.2861437 ], [ 69.3190042, 41.286488 ], [ 69.3198448, 41.2875386 ], [ 69.3210701, 41.2890082 ], [ 69.3214571, 41.2892725 ], [ 69.3216574, 41.2890811 ], [ 69.3217563, 41.2890683 ], [ 69.3219353, 41.2891372 ], [ 69.3222599, 41.2886384 ], [ 69.322597, 41.2885175 ], [ 69.3227608, 41.2885088 ], [ 69.3237034, 41.2887836 ], [ 69.3247258, 41.2896876 ], [ 69.3248842, 41.2895647 ], [ 69.3257333, 41.2902082 ], [ 69.3256877, 41.2902351 ], [ 69.3260842, 41.29058 ], [ 69.3264957, 41.2902953 ], [ 69.3261826, 41.2900347 ], [ 69.3261987, 41.290022 ], [ 69.3260991, 41.2899542 ], [ 69.3258705, 41.2897656 ], [ 69.3257638, 41.2896761 ], [ 69.3263891, 41.2892846 ], [ 69.3258637, 41.2888309 ], [ 69.325443, 41.28835 ], [ 69.3253087, 41.288219 ], [ 69.3250819, 41.2879979 ] ] ] } },
{ "type": "Feature", "properties": { "osm_id": "w132741304", "kind": "military" }, "geometry": { "type": "Polygon", "coordinates": [ [ [ 69.383407, 41.3313662 ], [ 69.3886188, 41.3287436 ], [ 69.3902382, 41.3305678 ], [ 69.3917422, 41.3300433 ], [ 69.39372, 41.3310688 ], [ 69.3936561, 41.3312399 ], [ 69.3937931, 41.3315368 ], [ 69.3937813, 41.3318163 ], [ 69.3946367, 41.3328279 ], [ 69.3929336, 41.3336339 ], [ 69.391472, 41.3343257 ], [ 69.3911735, 41.3348883 ], [ 69.3909709, 41.3349606 ], [ 69.3905443, 41.3347999 ], [ 69.3902588, 41.3349441 ], [ 69.3896618, 41.3343031 ], [ 69.3894741, 41.3343757 ], [ 69.3889054, 41.3336423 ], [ 69.3877826, 41.3342534 ], [ 69.3873987, 41.3339881 ], [ 69.3868628, 41.3342287 ], [ 69.3859542, 41.3346787 ], [ 69.3857477, 41.3344146 ], [ 69.3855875, 41.33422 ], [ 69.3842444, 41.3325403 ], [ 69.3841544, 41.3323569 ], [ 69.3838648, 41.3319539 ], [ 69.383407, 41.3313662 ] ] ] } },
{ "type": "Feature", "properties": { "osm_id": "w132759759", "kind": "industrial" }, "geometry": { "type": "Polygon", "coordinates": [ [ [ 69.3653294, 41.3756171 ], [ 69.3649662, 41.3770661 ], [ 69.3685564, 41.3774648 ], [ 69.3695879, 41.3780159 ], [ 69.3698925, 41.3777245 ], [ 69.3703374, 41.3773781 ], [ 69.3708506, 41.377168 ], [ 69.3708004, 41.3770939 ], [ 69.3710778, 41.3770218 ], [ 69.3725967, 41.3765031 ], [ 69.3725174, 41.3764085 ], [ 69.3723268, 41.3764358 ], [ 69.3720612, 41.3764157 ], [ 69.3666961, 41.3757724 ], [ 69.3655963, 41.375213 ], [ 69.3652337, 41.3749524 ], [ 69.3651938, 41.3749734 ], [ 69.3653294, 41.3756171 ] ] ] } },
{ "type": "Feature", "properties": { "osm_id": "w133039463", "kind": "industrial" }, "geometry": { "type": "Polygon", "coordinates": [ [ [ 69.3888222, 41.3719699 ], [ 69.3892943, 41.3725012 ], [ 69.3896687, 41.3723169 ], [ 69.3892192, 41.3717686 ], [ 69.3888222, 41.3719699 ] ] ] } },
{ "type": "Feature", "properties": { "osm_id": "w133188957", "kind": "cemetery" }, "geometry": { "type": "Polygon", "coordinates": [ [ [ 69.4224764, 41.377753 ], [ 69.4226802, 41.3773501 ], [ 69.4229158, 41.3772206 ], [ 69.4236737, 41.3777722 ], [ 69.4234507, 41.3779712 ], [ 69.4233553, 41.3780217 ], [ 69.4229731, 41.3780217 ], [ 69.4225082, 41.3778921 ], [ 69.4224764, 41.377753 ] ] ] } },
{ "type": "Feature", "properties": { "osm_id": "w134209371", "kind": "military" }, "geometry": { "type": "Polygon", "coordinates": [ [ [ 69.1262182, 41.1943932 ], [ 69.1264078, 41.1953837 ], [ 69.1270403, 41.1961308 ], [ 69.1276308, 41.1969103 ], [ 69.1281799, 41.1976528 ], [ 69.1286763, 41.1982886 ], [ 69.1295352, 41.1991222 ], [ 69.1305171, 41.1999484 ], [ 69.1308427, 41.1999148 ], [ 69.1309106, 41.1999032 ], [ 69.1322133, 41.1996804 ], [ 69.1333272, 41.2004382 ], [ 69.1336762, 41.2005758 ], [ 69.1350681, 41.1993661 ], [ 69.1350857, 41.1993508 ], [ 69.1343013, 41.1988602 ], [ 69.134689, 41.198659 ], [ 69.1343961, 41.1982457 ], [ 69.1345835, 41.1981296 ], [ 69.1361441, 41.1971625 ], [ 69.1354532, 41.1961213 ], [ 69.1358103, 41.1958399 ], [ 69.1358242, 41.1957106 ], [ 69.1357687, 41.1955677 ], [ 69.1356131, 41.1953325 ], [ 69.1351059, 41.1948633 ], [ 69.1344363, 41.1952022 ], [ 69.1331633, 41.1945563 ], [ 69.1331129, 41.1945867 ], [ 69.1317652, 41.1953341 ], [ 69.1316414, 41.1952141 ], [ 69.1314751, 41.1952504 ], [ 69.1314214, 41.1951777 ], [ 69.1310239, 41.1953772 ], [ 69.1292819, 41.1935797 ], [ 69.1299841, 41.1931827 ], [ 69.1292757, 41.1924005 ], [ 69.1292579, 41.1922189 ], [ 69.1285471, 41.1914247 ], [ 69.1280258, 41.1912229 ], [ 69.1269317, 41.1923744 ], [ 69.1263227, 41.1931053 ], [ 69.1262182, 41.1943932 ] ] ] } },
{ "type": "Feature", "properties": { "osm_id": "w134209372", "kind": "military" }, "geometry": { "type": "Polygon", "coordinates": [ [ [ 69.1292579, 41.1922189 ], [ 69.129477, 41.1922899 ], [ 69.1306247, 41.1921784 ], [ 69.1307022, 41.1922001 ], [ 69.131306, 41.1927603 ], [ 69.1314311, 41.1928415 ], [ 69.132861, 41.192832 ], [ 69.1329711, 41.1928536 ], [ 69.1333164, 41.1930828 ], [ 69.1335353, 41.1937032 ], [ 69.1331421, 41.1942326 ], [ 69.1331622, 41.1943583 ], [ 69.133254, 41.1944998 ], [ 69.1332061, 41.1945313 ], [ 69.1331633, 41.1945563 ], [ 69.1331129, 41.1945867 ], [ 69.1317652, 41.1953341 ], [ 69.1316414, 41.1952141 ], [ 69.1314751, 41.1952504 ], [ 69.1314214, 41.1951777 ], [ 69.1310239, 41.1953772 ], [ 69.1292819, 41.1935797 ], [ 69.1299841, 41.1931827 ], [ 69.1292757, 41.1924005 ], [ 69.1292579, 41.1922189 ] ] ] } },
{ "type": "Feature", "properties": { "osm_id": "w134213722", "kind": "industrial" }, "geometry": { "type": "Polygon", "coordinates": [ [ [ 69.1394648, 41.2146286 ], [ 69.1391001, 41.2143454 ], [ 69.1391518, 41.2142249 ], [ 69.140816, 41.2119876 ], [ 69.1409297, 41.2118951 ], [ 69.1401013, 41.2111209 ], [ 69.1401421, 41.2110176 ], [ 69.1406327, 41.2101425 ], [ 69.1424611, 41.2089095 ], [ 69.1431345, 41.2092355 ], [ 69.1434485, 41.2093494 ], [ 69.1439226, 41.2089563 ], [ 69.1455581, 41.2090102 ], [ 69.1472246, 41.210448 ], [ 69.1470648, 41.2105419 ], [ 69.1459823, 41.2111391 ], [ 69.1516062, 41.215969 ], [ 69.1538367, 41.2180482 ], [ 69.1561287, 41.2199233 ], [ 69.1573331, 41.2208177 ], [ 69.157867, 41.2211472 ], [ 69.1589497, 41.2211907 ], [ 69.1592566, 41.2210674 ], [ 69.1597154, 41.2211115 ], [ 69.1601363, 41.2210411 ], [ 69.1629116, 41.2215117 ], [ 69.1631094, 41.2219452 ], [ 69.163527, 41.2228605 ], [ 69.1635624, 41.2229381 ], [ 69.162991, 41.223519 ], [ 69.1614224, 41.224541 ], [ 69.1618914, 41.2249564 ], [ 69.1625904, 41.2254738 ], [ 69.1633672, 41.2264429 ], [ 69.1616625, 41.2279108 ], [ 69.1618729, 41.2282947 ], [ 69.1619665, 41.2288302 ], [ 69.1621046, 41.2291633 ], [ 69.1608981, 41.2299502 ], [ 69.1597316, 41.2299411 ], [ 69.1586033, 41.2295606 ], [ 69.1585823, 41.2295535 ], [ 69.1581028, 41.2299223 ], [ 69.1574364, 41.2301782 ], [ 69.1566934, 41.2301399 ], [ 69.155584, 41.2288998 ], [ 69.1542531, 41.2277139 ], [ 69.1532382, 41.2269278 ], [ 69.1520193, 41.2258248 ], [ 69.1494907, 41.2237291 ], [ 69.148867, 41.2230982 ], [ 69.1394648, 41.2146286 ] ] ] } },
{ "type": "Feature", "properties": { "osm_id": "w134228086", "kind": "military" }, "geometry": { "type": "Polygon", "coordinates": [ [ [ 69.1373039, 41.2014006 ], [ 69.1353661, 41.2024043 ], [ 69.1356003, 41.2024714 ], [ 69.1356486, 41.2025299 ], [ 69.1355772, 41.2026932 ], [ 69.1362029, 41.2031035 ], [ 69.1372707, 41.2020796 ], [ 69.1377345, 41.2018282 ], [ 69.1374775, 41.2015162 ], [ 69.1374578, 41.2014906 ], [ 69.1374055, 41.2015148 ], [ 69.1373039, 41.2014006 ] ] ] } },
{ "type": "Feature", "properties": { "osm_id": "w134239500", "kind": "cemetery" }, "geometry": { "type": "Polygon", "coordinates": [ [ [ 69.3629911, 41.2983447 ], [ 69.3655528, 41.2985075 ], [ 69.3659602, 41.2974168 ], [ 69.365702, 41.2973075 ], [ 69.3655472, 41.2975089 ], [ 69.3650422, 41.2973057 ], [ 69.3651707, 41.2970765 ], [ 69.3651314, 41.2970608 ], [ 69.3643903, 41.2967646 ], [ 69.364167, 41.2970923 ], [ 69.3635014, 41.2968253 ], [ 69.3633342, 41.2971429 ], [ 69.3630981, 41.2971036 ], [ 69.3629608, 41.2974469 ], [ 69.3629911, 41.2983447 ] ] ] } },
{ "type": "Feature", "properties": { "osm_id": "w134521486", "kind": "cemetery" }, "geometry": { "type": "Polygon", "coordinates": [ [ [ 69.4816426, 41.4315823 ], [ 69.4818613, 41.4316959 ], [ 69.4822755, 41.4317963 ], [ 69.4823982, 41.432002 ], [ 69.4823233, 41.4321776 ], [ 69.4820545, 41.4322591 ], [ 69.4818198, 41.4322051 ], [ 69.4806147, 41.4316149 ], [ 69.4811207, 41.4314093 ], [ 69.4813175, 41.4313582 ], [ 69.4816426, 41.4315823 ] ] ] } },
{ "type": "Feature", "properties": { "osm_id": "w135147202", "kind": "cemetery" }, "geometry": { "type": "Polygon", "coordinates": [ [ [ 69.2219016, 41.2519945 ], [ 69.2217369, 41.2520916 ], [ 69.2216089, 41.2521595 ], [ 69.2214808, 41.2522055 ], [ 69.2205549, 41.2523934 ], [ 69.2205647, 41.2525001 ], [ 69.2213076, 41.2525485 ], [ 69.2213747, 41.2526473 ], [ 69.2217851, 41.2528772 ], [ 69.2222008, 41.2530062 ], [ 69.2225575, 41.2527663 ], [ 69.2227684, 41.2525893 ], [ 69.2231426, 41.2529027 ], [ 69.2233107, 41.2531184 ], [ 69.223462, 41.2532135 ], [ 69.2235167, 41.2529598 ], [ 69.2237772, 41.2529756 ], [ 69.2239159, 41.2525728 ], [ 69.2240966, 41.2520368 ], [ 69.2237142, 41.2519385 ], [ 69.2237518, 41.2517491 ], [ 69.2231418, 41.2516481 ], [ 69.2231496, 41.2515423 ], [ 69.2227665, 41.2514823 ], [ 69.2226957, 41.2516438 ], [ 69.2224281, 41.2516276 ], [ 69.2219016, 41.2519945 ] ] ] } },
{ "type": "Feature", "properties": { "osm_id": "w135961044", "kind": "industrial" }, "geometry": { "type": "Polygon", "coordinates": [ [ [ 69.2579447, 41.3718922 ], [ 69.2570106, 41.371398 ], [ 69.2562273, 41.3711296 ], [ 69.2548399, 41.3708875 ], [ 69.2545969, 41.3707173 ], [ 69.2566542, 41.3691855 ], [ 69.2592137, 41.3671066 ], [ 69.2583389, 41.3664015 ], [ 69.2593382, 41.3655955 ], [ 69.2600017, 41.3656303 ], [ 69.2614714, 41.3648012 ], [ 69.2633292, 41.3658967 ], [ 69.2589482, 41.3696161 ], [ 69.2587571, 41.3695138 ], [ 69.258706, 41.3695856 ], [ 69.2586503, 41.3696556 ], [ 69.2589998, 41.369796 ], [ 69.2600987, 41.3701816 ], [ 69.2597761, 41.3704505 ], [ 69.2579447, 41.3718922 ] ] ] } },
{ "type": "Feature", "properties": { "osm_id": "w135977097", "kind": "cemetery" }, "geometry": { "type": "Polygon", "coordinates": [ [ [ 69.2374826, 41.2112914 ], [ 69.2375011, 41.2111987 ], [ 69.2378493, 41.2110945 ], [ 69.2380011, 41.2110994 ], [ 69.2382862, 41.2112724 ], [ 69.2385018, 41.2115275 ], [ 69.2385221, 41.211628 ], [ 69.2384637, 41.2118322 ], [ 69.2383828, 41.2118465 ], [ 69.2380887, 41.2117992 ], [ 69.2379201, 41.2117083 ], [ 69.237558, 41.2114399 ], [ 69.2375057, 41.2113733 ], [ 69.2374826, 41.2112914 ] ] ] } },
{ "type": "Feature", "properties": { "osm_id": "w136160131", "kind": "industrial" }, "geometry": { "type": "Polygon", "coordinates": [ [ [ 69.3595009, 41.3258894 ], [ 69.3580159, 41.3244727 ], [ 69.3587892, 41.3240196 ], [ 69.3579659, 41.3233048 ], [ 69.3580027, 41.3232824 ], [ 69.3589672, 41.3226958 ], [ 69.3601843, 41.3238532 ], [ 69.3611859, 41.3248293 ], [ 69.3595009, 41.3258894 ] ] ] } },
{ "type": "Feature", "properties": { "osm_id": "w136485189", "kind": "cemetery" }, "geometry": { "type": "Polygon", "coordinates": [ [ [ 69.5400417, 41.4512168 ], [ 69.5420172, 41.4497305 ], [ 69.5427926, 41.4490898 ], [ 69.5447756, 41.4474436 ], [ 69.5453778, 41.4473867 ], [ 69.5456643, 41.4471614 ], [ 69.5458793, 41.447288 ], [ 69.5460653, 41.4473996 ], [ 69.5466488, 41.4477347 ], [ 69.5473812, 41.4481835 ], [ 69.545188, 41.4500927 ], [ 69.5439441, 41.4511644 ], [ 69.5443329, 41.4514877 ], [ 69.544558, 41.4515446 ], [ 69.5443072, 41.4522698 ], [ 69.5441154, 41.4529677 ], [ 69.5428963, 41.4524154 ], [ 69.5432175, 41.4519461 ], [ 69.5400417, 41.4512168 ] ] ] } },
{ "type": "Feature", "properties": { "osm_id": "w136593405", "kind": "industrial" }, "geometry": { "type": "Polygon", "coordinates": [ [ [ 69.2326579, 41.230774 ], [ 69.2340184, 41.2307895 ], [ 69.2342917, 41.23084 ], [ 69.235074, 41.227468 ], [ 69.2351513, 41.2274484 ], [ 69.2354102, 41.2264725 ], [ 69.2358751, 41.2245545 ], [ 69.2358168, 41.2245434 ], [ 69.2348965, 41.224369 ], [ 69.234835, 41.2243573 ], [ 69.2342128, 41.2249655 ], [ 69.2340402, 41.2249501 ], [ 69.2336391, 41.226623 ], [ 69.2336302, 41.2266601 ], [ 69.233537, 41.226941 ], [ 69.2335839, 41.2269555 ], [ 69.2326579, 41.230774 ] ] ] } },
{ "type": "Feature", "properties": { "osm_id": "w137377220", "kind": "industrial" }, "geometry": { "type": "Polygon", "coordinates": [ [ [ 69.2125681, 41.2499408 ], [ 69.2137909, 41.2490771 ], [ 69.2150217, 41.2500355 ], [ 69.215325, 41.2502678 ], [ 69.2155313, 41.2505356 ], [ 69.2153509, 41.2508756 ], [ 69.2149782, 41.2512961 ], [ 69.2149521, 41.2514555 ], [ 69.2150184, 41.2519926 ], [ 69.2148667, 41.2520678 ], [ 69.2128773, 41.2505723 ], [ 69.213125, 41.2503859 ], [ 69.2125681, 41.2499408 ] ] ] } },
{ "type": "Feature", "properties": { "osm_id": "w138913313", "kind": "garages" }, "geometry": { "type": "Polygon", "coordinates": [ [ [ 69.192377, 41.2789679 ], [ 69.1924162, 41.278942 ], [ 69.1925072, 41.2788818 ], [ 69.1929082, 41.2790617 ], [ 69.1931681, 41.2788943 ], [ 69.1932012, 41.278873 ], [ 69.1935625, 41.2786229 ], [ 69.1929311, 41.2781467 ], [ 69.1924797, 41.278439 ], [ 69.1919106, 41.2786314 ], [ 69.1918613, 41.2786481 ], [ 69.192377, 41.2789679 ] ] ] } },
{ "type": "Feature", "properties": { "osm_id": "w139809659", "kind": "industrial" }, "geometry": { "type": "Polygon", "coordinates": [ [ [ 69.2419149, 41.2700227 ], [ 69.2413216, 41.2700282 ], [ 69.240589, 41.270058 ], [ 69.24051, 41.2699426 ], [ 69.2404384, 41.2698469 ], [ 69.239914, 41.2700532 ], [ 69.2398989, 41.2702619 ], [ 69.2397648, 41.2704711 ], [ 69.2406595, 41.2707877 ], [ 69.2411739, 41.2709524 ], [ 69.2413243, 41.2709583 ], [ 69.241322, 41.2707004 ], [ 69.2413736, 41.2707036 ], [ 69.2420154, 41.2707439 ], [ 69.2420225, 41.2708616 ], [ 69.2422854, 41.2708603 ], [ 69.2423653, 41.2708673 ], [ 69.2423832, 41.2706838 ], [ 69.2423713, 41.2706669 ], [ 69.2423114, 41.270582 ], [ 69.2423651, 41.2705627 ], [ 69.242481, 41.2705336 ], [ 69.2420803, 41.2696569 ], [ 69.2418174, 41.2697588 ], [ 69.2419149, 41.2700227 ] ] ] } },
{ "type": "Feature", "properties": { "osm_id": "w139816659", "kind": "industrial" }, "geometry": { "type": "Polygon", "coordinates": [ [ [ 69.2446263, 41.354775 ], [ 69.2446577, 41.3547758 ], [ 69.2447252, 41.3547733 ], [ 69.2450119, 41.3547558 ], [ 69.2450442, 41.3547356 ], [ 69.2461381, 41.3546367 ], [ 69.2461198, 41.3542928 ], [ 69.2468598, 41.3541433 ], [ 69.2469977, 41.3545406 ], [ 69.2474815, 41.3544437 ], [ 69.2475372, 41.3545847 ], [ 69.2480891, 41.3544835 ], [ 69.2479272, 41.354048 ], [ 69.2487884, 41.3538831 ], [ 69.2489405, 41.354339 ], [ 69.249705, 41.3541863 ], [ 69.2497534, 41.3543579 ], [ 69.2502892, 41.3543272 ], [ 69.251169, 41.3541346 ], [ 69.2513879, 41.3540506 ], [ 69.2513537, 41.3532893 ], [ 69.2512086, 41.3522782 ], [ 69.2504903, 41.3517124 ], [ 69.2504404, 41.3514908 ], [ 69.2503634, 41.3513385 ], [ 69.2500079, 41.3513839 ], [ 69.2500153, 41.3514822 ], [ 69.2489369, 41.3515336 ], [ 69.2488578, 41.3508106 ], [ 69.2481977, 41.3508725 ], [ 69.2482558, 41.3514489 ], [ 69.2462697, 41.3516396 ], [ 69.2462086, 41.3513696 ], [ 69.2459638, 41.3513936 ], [ 69.2459343, 41.351447 ], [ 69.2453469, 41.3514887 ], [ 69.2453258, 41.3511082 ], [ 69.2446536, 41.3511822 ], [ 69.2447097, 41.3517554 ], [ 69.2447598, 41.3520822 ], [ 69.2447687, 41.3523533 ], [ 69.2438165, 41.3524729 ], [ 69.243481, 41.3524919 ], [ 69.2431489, 41.3525 ], [ 69.2425718, 41.3525202 ], [ 69.2422748, 41.3525331 ], [ 69.2423092, 41.3542595 ], [ 69.2427613, 41.3541339 ], [ 69.2433681, 41.3538843 ], [ 69.2443376, 41.3547191 ], [ 69.2446263, 41.354775 ] ] ] } },
{ "type": "Feature", "properties": { "osm_id": "w140365066", "kind": "military" }, "geometry": { "type": "Polygon", "coordinates": [ [ [ 69.2205647, 41.3586752 ], [ 69.2211196, 41.3584804 ], [ 69.2213332, 41.3588492 ], [ 69.2210265, 41.3589608 ], [ 69.2207198, 41.3589089 ], [ 69.2206276, 41.3587699 ], [ 69.2205647, 41.3586752 ] ] ] } },
{ "type": "Feature", "properties": { "osm_id": "w142356347", "kind": "military" }, "geometry": { "type": "Polygon", "coordinates": [ [ [ 69.3690175, 41.2523683 ], [ 69.3700272, 41.2515678 ], [ 69.3715263, 41.2526083 ], [ 69.3715776, 41.2526392 ], [ 69.3716391, 41.2526762 ], [ 69.3729303, 41.2535417 ], [ 69.3717349, 41.2545208 ], [ 69.3690175, 41.2523683 ] ] ] } },
{ "type": "Feature", "properties": { "osm_id": "w143357325", "kind": "military" }, "geometry": { "type": "Polygon", "coordinates": [ [ [ 69.2517999, 41.3519433 ], [ 69.252491, 41.351897 ], [ 69.2524951, 41.3519321 ], [ 69.2525415, 41.3522969 ], [ 69.2525495, 41.3523642 ], [ 69.2518555, 41.3524108 ], [ 69.2517999, 41.3519433 ] ] ] } },
{ "type": "Feature", "properties": { "osm_id": "w143357334", "kind": "industrial" }, "geometry": { "type": "Polygon", "coordinates": [ [ [ 69.2398352, 41.3567898 ], [ 69.2398279, 41.3578214 ], [ 69.239286, 41.3578343 ], [ 69.2393834, 41.3603179 ], [ 69.2392811, 41.3610604 ], [ 69.2418626, 41.3615844 ], [ 69.2419755, 41.3615258 ], [ 69.2421908, 41.3603385 ], [ 69.2412683, 41.3603397 ], [ 69.2412126, 41.3598151 ], [ 69.2412284, 41.3593892 ], [ 69.2414106, 41.359382 ], [ 69.2414491, 41.3588973 ], [ 69.2416725, 41.3585766 ], [ 69.2417828, 41.3584432 ], [ 69.2417752, 41.3578432 ], [ 69.2413495, 41.3577682 ], [ 69.2411419, 41.3574727 ], [ 69.2411765, 41.3567295 ], [ 69.2398352, 41.3567898 ] ] ] } },
{ "type": "Feature", "properties": { "osm_id": "w144371240", "kind": "industrial" }, "geometry": { "type": "Polygon", "coordinates": [ [ [ 69.2542285, 41.2721779 ], [ 69.2559559, 41.2721941 ], [ 69.2560227, 41.2721965 ], [ 69.2567228, 41.2722518 ], [ 69.2566962, 41.2719844 ], [ 69.2568678, 41.271936 ], [ 69.2568678, 41.2717989 ], [ 69.2574579, 41.2718231 ], [ 69.2574129, 41.2725126 ], [ 69.2572197, 41.2738108 ], [ 69.2569322, 41.2739519 ], [ 69.253971, 41.2736374 ], [ 69.2541298, 41.2730206 ], [ 69.2542285, 41.2721779 ] ] ] } },
{ "type": "Feature", "properties": { "osm_id": "w144371242", "kind": "industrial" }, "geometry": { "type": "Polygon", "coordinates": [ [ [ 69.2527309, 41.272074 ], [ 69.253485, 41.2725569 ], [ 69.2541298, 41.2730206 ], [ 69.2542285, 41.2721779 ], [ 69.2540783, 41.2722263 ], [ 69.2540676, 41.2723553 ], [ 69.2536706, 41.2722989 ], [ 69.2528368, 41.2719453 ], [ 69.2527309, 41.272074 ] ] ] } },
{ "type": "Feature", "properties": { "osm_id": "w144371243", "kind": "industrial" }, "geometry": { "type": "Polygon", "coordinates": [ [ [ 69.2458579, 41.2719723 ], [ 69.245917, 41.2719772 ], [ 69.2511874, 41.2724531 ], [ 69.2512545, 41.2715449 ], [ 69.2512566, 41.2713635 ], [ 69.250452, 41.2712587 ], [ 69.2505594, 41.2709331 ], [ 69.2504299, 41.2708221 ], [ 69.2502609, 41.2707781 ], [ 69.2472282, 41.2705567 ], [ 69.2471435, 41.2711179 ], [ 69.2465657, 41.2712069 ], [ 69.2458914, 41.2712304 ], [ 69.2458579, 41.2719723 ] ] ] } },
{ "type": "Feature", "properties": { "osm_id": "w145115616", "kind": "industrial" }, "geometry": { "type": "Polygon", "coordinates": [ [ [ 69.2550848, 41.2744213 ], [ 69.2552115, 41.2739952 ], [ 69.2568109, 41.2741824 ], [ 69.2570501, 41.2743492 ], [ 69.2572893, 41.2745159 ], [ 69.2572762, 41.2746021 ], [ 69.2571544, 41.275402 ], [ 69.2569895, 41.2759925 ], [ 69.2551775, 41.275802 ], [ 69.2550997, 41.2749287 ], [ 69.2550848, 41.2744213 ] ] ] } },
{ "type": "Feature", "properties": { "osm_id": "w145117448", "kind": "industrial" }, "geometry": { "type": "Polygon", "coordinates": [ [ [ 69.2466056, 41.2720897 ], [ 69.2463763, 41.2737243 ], [ 69.2456365, 41.273663 ], [ 69.2454714, 41.2750467 ], [ 69.2456849, 41.2750602 ], [ 69.245537, 41.2762774 ], [ 69.2473599, 41.2764438 ], [ 69.2494893, 41.2766383 ], [ 69.2494853, 41.276988 ], [ 69.24941, 41.2774927 ], [ 69.2504886, 41.2775827 ], [ 69.2504692, 41.2776951 ], [ 69.251931, 41.2778193 ], [ 69.2519347, 41.2779905 ], [ 69.2523353, 41.2779638 ], [ 69.2527366, 41.2779808 ], [ 69.2526824, 41.278423 ], [ 69.2525197, 41.2790198 ], [ 69.2522205, 41.2789504 ], [ 69.2520802, 41.2793274 ], [ 69.2520196, 41.2794953 ], [ 69.2532065, 41.2798538 ], [ 69.2552509, 41.2804123 ], [ 69.2553228, 41.2802612 ], [ 69.2554407, 41.2800135 ], [ 69.2555407, 41.2798036 ], [ 69.2554683, 41.279772 ], [ 69.2557233, 41.2779322 ], [ 69.2552803, 41.2778187 ], [ 69.2554532, 41.2773493 ], [ 69.2548871, 41.2773599 ], [ 69.2548822, 41.2763834 ], [ 69.2556665, 41.27643 ], [ 69.255825, 41.2759394 ], [ 69.2558358, 41.2758844 ], [ 69.2569932, 41.2759999 ], [ 69.257166, 41.2753998 ], [ 69.2572478, 41.2746043 ], [ 69.2578988, 41.274586 ], [ 69.2579067, 41.2745362 ], [ 69.2580239, 41.2745426 ], [ 69.258061, 41.2743138 ], [ 69.2580789, 41.2742036 ], [ 69.2581236, 41.2739282 ], [ 69.2577872, 41.2738988 ], [ 69.2573784, 41.2738493 ], [ 69.2575322, 41.2732051 ], [ 69.2575732, 41.2725741 ], [ 69.2589266, 41.2727551 ], [ 69.2589676, 41.2726184 ], [ 69.2588138, 41.2725047 ], [ 69.2587749, 41.2723698 ], [ 69.2587292, 41.2721482 ], [ 69.258721, 41.2714527 ], [ 69.2584637, 41.2711267 ], [ 69.257993, 41.2709225 ], [ 69.2574876, 41.2707573 ], [ 69.2569147, 41.2707051 ], [ 69.2563375, 41.2706887 ], [ 69.2556294, 41.2707471 ], [ 69.2555804, 41.2709603 ], [ 69.2512582, 41.2709122 ], [ 69.2505637, 41.2709949 ], [ 69.2504938, 41.2712384 ], [ 69.2513223, 41.2713277 ], [ 69.2511985, 41.2724602 ], [ 69.2466056, 41.2720897 ] ] ] } },
{ "type": "Feature", "properties": { "osm_id": "w147395767", "kind": "cemetery" }, "geometry": { "type": "Polygon", "coordinates": [ [ [ 69.5499993, 41.4438221 ], [ 69.5501728, 41.4438275 ], [ 69.5503142, 41.4438761 ], [ 69.5502502, 41.4441449 ], [ 69.5504502, 41.4442535 ], [ 69.5506729, 41.4443278 ], [ 69.5508486, 41.4442837 ], [ 69.5512197, 41.443857 ], [ 69.5511898, 41.4437582 ], [ 69.5510127, 41.4435757 ], [ 69.5505882, 41.4432992 ], [ 69.5505917, 41.443173 ], [ 69.5504562, 41.4431166 ], [ 69.5502065, 41.443267 ], [ 69.5501244, 41.4433555 ], [ 69.5501137, 41.443479 ], [ 69.5500531, 41.4436374 ], [ 69.5500497, 41.4436974 ], [ 69.5499993, 41.4438221 ] ] ] } },
{ "type": "Feature", "properties": { "osm_id": "w147464980", "kind": "military" }, "geometry": { "type": "Polygon", "coordinates": [ [ [ 69.2785664, 41.2904099 ], [ 69.2784985, 41.2903156 ], [ 69.2788061, 41.2901103 ], [ 69.2799587, 41.2896539 ], [ 69.2800859, 41.2898284 ], [ 69.2802605, 41.2897433 ], [ 69.2803193, 41.2896931 ], [ 69.2803945, 41.2896289 ], [ 69.2810264, 41.289284 ], [ 69.2807557, 41.2890135 ], [ 69.2806313, 41.2889281 ], [ 69.2803213, 41.2887681 ], [ 69.2801481, 41.2886191 ], [ 69.2802374, 41.2880124 ], [ 69.280027, 41.287822 ], [ 69.2797854, 41.2877002 ], [ 69.2794681, 41.2876499 ], [ 69.2774363, 41.2867332 ], [ 69.2775954, 41.2865458 ], [ 69.2767913, 41.2860055 ], [ 69.2760891, 41.2858759 ], [ 69.2756062, 41.2864703 ], [ 69.2766331, 41.2870192 ], [ 69.2760668, 41.2876261 ], [ 69.2758057, 41.2875484 ], [ 69.2753481, 41.2880735 ], [ 69.2748692, 41.2884963 ], [ 69.2757578, 41.2891418 ], [ 69.2761715, 41.2894617 ], [ 69.276468, 41.2896825 ], [ 69.277868, 41.2896753 ], [ 69.2781084, 41.2897713 ], [ 69.2778507, 41.2901006 ], [ 69.2779949, 41.2901666 ], [ 69.2779383, 41.2902531 ], [ 69.2783972, 41.2903893 ], [ 69.2784855, 41.2904031 ], [ 69.2785542, 41.2904139 ], [ 69.2785664, 41.2904099 ] ] ] } },
{ "type": "Feature", "properties": { "osm_id": "w149998710", "kind": "garages" }, "geometry": { "type": "Polygon", "coordinates": [ [ [ 69.2099774, 41.3619317 ], [ 69.2102011, 41.3618856 ], [ 69.2103615, 41.3620335 ], [ 69.2107886, 41.3619113 ], [ 69.2110257, 41.3623556 ], [ 69.210312, 41.3626361 ], [ 69.2099774, 41.3619317 ] ] ] } },
{ "type": "Feature", "properties": { "osm_id": "w150733547", "kind": "industrial" }, "geometry": { "type": "Polygon", "coordinates": [ [ [ 69.3021256, 41.289362 ], [ 69.3022802, 41.2894029 ], [ 69.3022425, 41.2894756 ], [ 69.3023972, 41.2895305 ], [ 69.3025633, 41.2895866 ], [ 69.302717, 41.2896708 ], [ 69.3029461, 41.289798 ], [ 69.3027717, 41.2902202 ], [ 69.3027303, 41.2902493 ], [ 69.302367, 41.2901488 ], [ 69.3021821, 41.2901014 ], [ 69.302183, 41.2900428 ], [ 69.3018272, 41.2899138 ], [ 69.3021256, 41.289362 ] ] ] } },
{ "type": "Feature", "properties": { "osm_id": "w152194436", "kind": "industrial" }, "geometry": { "type": "Polygon", "coordinates": [ [ [ 69.065214, 41.1271839 ], [ 69.0644503, 41.1265216 ], [ 69.063216, 41.1272119 ], [ 69.0638311, 41.1274793 ], [ 69.063926, 41.1276815 ], [ 69.0640457, 41.1277934 ], [ 69.0641407, 41.1278618 ], [ 69.065214, 41.1271839 ] ] ] } },
{ "type": "Feature", "properties": { "osm_id": "w152194437", "kind": "industrial" }, "geometry": { "type": "Polygon", "coordinates": [ [ [ 69.0722191, 41.1301716 ], [ 69.0731108, 41.1296151 ], [ 69.0735318, 41.1292357 ], [ 69.0714121, 41.127533 ], [ 69.0712106, 41.1276935 ], [ 69.0713245, 41.127909 ], [ 69.0722191, 41.1301716 ] ] ] } },
{ "type": "Feature", "properties": { "osm_id": "w152626951", "kind": "industrial" }, "geometry": { "type": "Polygon", "coordinates": [ [ [ 69.1506461, 41.2998026 ], [ 69.1503696, 41.29754 ], [ 69.1487469, 41.2980169 ], [ 69.1488327, 41.2992846 ], [ 69.1488352, 41.2998798 ], [ 69.1503417, 41.2998381 ], [ 69.1506461, 41.2998026 ] ] ] } },
{ "type": "Feature", "properties": { "osm_id": "w153336038", "kind": "cemetery" }, "geometry": { "type": "Polygon", "coordinates": [ [ [ 69.3911912, 41.228996 ], [ 69.391167, 41.2293494 ], [ 69.3916626, 41.2296382 ], [ 69.3919802, 41.2295529 ], [ 69.3931481, 41.2290397 ], [ 69.393308, 41.2289657 ], [ 69.3933441, 41.2287933 ], [ 69.3932056, 41.2284067 ], [ 69.3933766, 41.2280662 ], [ 69.39327, 41.2279846 ], [ 69.3928584, 41.2280447 ], [ 69.3927583, 41.2278465 ], [ 69.3927513, 41.227819 ], [ 69.3923155, 41.2276772 ], [ 69.3921732, 41.2278408 ], [ 69.3911989, 41.228961 ], [ 69.3911912, 41.228996 ] ] ] } },
{ "type": "Feature", "properties": { "osm_id": "w155104575", "kind": "industrial" }, "geometry": { "type": "Polygon", "coordinates": [ [ [ 69.3130285, 41.2248321 ], [ 69.3141876, 41.2233106 ], [ 69.3150851, 41.2237068 ], [ 69.3165841, 41.2242584 ], [ 69.3171605, 41.2244817 ], [ 69.3175736, 41.2246023 ], [ 69.3174559, 41.2247554 ], [ 69.3168887, 41.2252732 ], [ 69.3165874, 41.2256101 ], [ 69.3162044, 41.2256691 ], [ 69.3135045, 41.2250289 ], [ 69.3130285, 41.2248321 ] ] ] } },
{ "type": "Feature", "properties": { "osm_id": "w161797948", "kind": "cemetery" }, "geometry": { "type": "Polygon", "coordinates": [ [ [ 69.2349048, 41.2713841 ], [ 69.2341807, 41.2708697 ], [ 69.2340069, 41.2709504 ], [ 69.233892, 41.2710061 ], [ 69.2332768, 41.2712491 ], [ 69.2329463, 41.2714245 ], [ 69.2324466, 41.2717506 ], [ 69.2324325, 41.2717598 ], [ 69.2325957, 41.2719381 ], [ 69.2329979, 41.2722911 ], [ 69.2339067, 41.2731627 ], [ 69.2340005, 41.2732473 ], [ 69.2346269, 41.272887 ], [ 69.2350752, 41.2725883 ], [ 69.2355637, 41.2722684 ], [ 69.2353305, 41.2720393 ], [ 69.2352421, 41.2717553 ], [ 69.2349048, 41.2713841 ] ] ] } },
{ "type": "Feature", "properties": { "osm_id": "w164775775", "kind": "cemetery" }, "geometry": { "type": "Polygon", "coordinates": [ [ [ 69.3467958, 41.2287074 ], [ 69.3487877, 41.2261372 ], [ 69.3501031, 41.2267658 ], [ 69.3504251, 41.2269912 ], [ 69.3499646, 41.227556 ], [ 69.350536, 41.2278801 ], [ 69.3484627, 41.2299895 ], [ 69.3477944, 41.2294941 ], [ 69.3467958, 41.2287074 ] ] ] } },
{ "type": "Feature", "properties": { "osm_id": "w164815928", "kind": "industrial" }, "geometry": { "type": "Polygon", "coordinates": [ [ [ 69.2461149, 41.2697391 ], [ 69.2470296, 41.2698132 ], [ 69.2474777, 41.2701297 ], [ 69.2472241, 41.2703983 ], [ 69.2460186, 41.2703699 ], [ 69.2461149, 41.2697391 ] ] ] } },
{ "type": "Feature", "properties": { "osm_id": "w164889470", "kind": "garages" }, "geometry": { "type": "Polygon", "coordinates": [ [ [ 69.2509854, 41.2970932 ], [ 69.2510574, 41.2970983 ], [ 69.2511995, 41.2965038 ], [ 69.2511298, 41.2964715 ], [ 69.2509854, 41.2970932 ] ] ] } },
{ "type": "Feature", "properties": { "osm_id": "w164983166", "kind": "cemetery" }, "geometry": { "type": "Polygon", "coordinates": [ [ [ 69.2966365, 41.2077771 ], [ 69.2970113, 41.2075782 ], [ 69.2973658, 41.2075553 ], [ 69.2981154, 41.2077695 ], [ 69.2977204, 41.2083815 ], [ 69.2972342, 41.2081979 ], [ 69.2967175, 41.2079301 ], [ 69.2966365, 41.2077771 ] ] ] } },
{ "type": "Feature", "properties": { "osm_id": "w165487411", "kind": "industrial" }, "geometry": { "type": "Polygon", "coordinates": [ [ [ 69.3104626, 41.2211184 ], [ 69.3114621, 41.220116 ], [ 69.3128743, 41.2209086 ], [ 69.3129841, 41.2207852 ], [ 69.3139873, 41.221166 ], [ 69.3149075, 41.2201636 ], [ 69.3175694, 41.2213743 ], [ 69.3178725, 41.2215171 ], [ 69.3187176, 41.2220367 ], [ 69.3190626, 41.2224322 ], [ 69.3202114, 41.2236172 ], [ 69.3199715, 41.2237804 ], [ 69.3180556, 41.224583 ], [ 69.3122403, 41.2222081 ], [ 69.3104626, 41.2211184 ] ] ] } },
{ "type": "Feature", "properties": { "osm_id": "w165502271", "kind": "garages" }, "geometry": { "type": "Polygon", "coordinates": [ [ [ 69.2215043, 41.358653 ], [ 69.2217396, 41.3585635 ], [ 69.2211606, 41.3576325 ], [ 69.2207105, 41.356953 ], [ 69.2206395, 41.3569795 ], [ 69.2204585, 41.357047 ], [ 69.2209124, 41.3577321 ], [ 69.2215043, 41.358653 ] ] ] } },
{ "type": "Feature", "properties": { "osm_id": "w165516204", "kind": "industrial" }, "geometry": { "type": "Polygon", "coordinates": [ [ [ 69.3169226, 41.278832 ], [ 69.3174589, 41.2790676 ], [ 69.3175602, 41.278903 ], [ 69.3176905, 41.2789653 ], [ 69.318198, 41.2781307 ], [ 69.3185415, 41.2776645 ], [ 69.3192056, 41.2768083 ], [ 69.3201846, 41.2772884 ], [ 69.3218289, 41.2783102 ], [ 69.3209968, 41.2794777 ], [ 69.3195591, 41.281311 ], [ 69.3189414, 41.2810597 ], [ 69.3170046, 41.2802716 ], [ 69.3169743, 41.2800418 ], [ 69.3165687, 41.279853 ], [ 69.3166595, 41.2793731 ], [ 69.3169226, 41.278832 ] ] ] } },
{ "type": "Feature", "properties": { "osm_id": "w165522047", "kind": "industrial" }, "geometry": { "type": "Polygon", "coordinates": [ [ [ 69.3153672, 41.2741656 ], [ 69.3155504, 41.2738794 ], [ 69.3165124, 41.2723374 ], [ 69.3171698, 41.2716082 ], [ 69.3200675, 41.2734301 ], [ 69.3200216, 41.2734619 ], [ 69.3194966, 41.2739503 ], [ 69.3186748, 41.2745508 ], [ 69.3177859, 41.2754408 ], [ 69.3171146, 41.2751102 ], [ 69.3169502, 41.2752316 ], [ 69.3166919, 41.2751001 ], [ 69.3166494, 41.2751608 ], [ 69.3162737, 41.2750073 ], [ 69.3163704, 41.2748638 ], [ 69.3158938, 41.2746687 ], [ 69.315837, 41.2746454 ], [ 69.3159679, 41.2744045 ], [ 69.3153672, 41.2741656 ] ] ] } },
{ "type": "Feature", "properties": { "osm_id": "w165522051", "kind": "industrial" }, "geometry": { "type": "Polygon", "coordinates": [ [ [ 69.3156472, 41.2704258 ], [ 69.3157149, 41.2703008 ], [ 69.3194717, 41.2713313 ], [ 69.3198138, 41.2714659 ], [ 69.3197226, 41.2716159 ], [ 69.3189677, 41.2723791 ], [ 69.318526, 41.2722467 ], [ 69.3176295, 41.271669 ], [ 69.3156472, 41.2704258 ] ] ] } },
{ "type": "Feature", "properties": { "osm_id": "w165524557", "kind": "industrial" }, "geometry": { "type": "Polygon", "coordinates": [ [ [ 69.3473121, 41.2616524 ], [ 69.347877, 41.2611756 ], [ 69.3486213, 41.2608128 ], [ 69.3494408, 41.2606811 ], [ 69.3506813, 41.2606604 ], [ 69.3527574, 41.2605813 ], [ 69.352647, 41.2596806 ], [ 69.3542841, 41.2597118 ], [ 69.3543159, 41.2595397 ], [ 69.3560164, 41.2595111 ], [ 69.354737, 41.2610761 ], [ 69.3524841, 41.2638318 ], [ 69.347983, 41.261916 ], [ 69.3473818, 41.2616798 ], [ 69.3473121, 41.2616524 ] ] ] } },
{ "type": "Feature", "properties": { "osm_id": "w165561737", "kind": "industrial" }, "geometry": { "type": "Polygon", "coordinates": [ [ [ 69.3415135, 41.2494265 ], [ 69.3416182, 41.2495734 ], [ 69.3434525, 41.2505443 ], [ 69.3452935, 41.2511754 ], [ 69.3495849, 41.2527158 ], [ 69.3494987, 41.2529088 ], [ 69.352472, 41.253824 ], [ 69.3527628, 41.2540705 ], [ 69.353163, 41.2541403 ], [ 69.353392, 41.2541637 ], [ 69.3537902, 41.2533355 ], [ 69.3538782, 41.2530547 ], [ 69.353911, 41.2527019 ], [ 69.3552337, 41.2520255 ], [ 69.3550528, 41.251787 ], [ 69.3547651, 41.251426 ], [ 69.3542531, 41.2509631 ], [ 69.3536706, 41.2505277 ], [ 69.3532887, 41.2502869 ], [ 69.3527776, 41.2499825 ], [ 69.3525984, 41.2497793 ], [ 69.3524723, 41.2494611 ], [ 69.3508992, 41.2485291 ], [ 69.3505474, 41.2490085 ], [ 69.3509708, 41.2494791 ], [ 69.3506067, 41.2504475 ], [ 69.3501951, 41.2503173 ], [ 69.3501558, 41.2503804 ], [ 69.3482396, 41.2499318 ], [ 69.3482894, 41.2498134 ], [ 69.3484148, 41.2498374 ], [ 69.3491494, 41.24785 ], [ 69.3492091, 41.2476802 ], [ 69.3483472, 41.2471988 ], [ 69.3480648, 41.2471444 ], [ 69.3466243, 41.2467575 ], [ 69.3465555, 41.2468895 ], [ 69.3464552, 41.246866 ], [ 69.3459968, 41.2467525 ], [ 69.3457176, 41.2466853 ], [ 69.3451082, 41.2481048 ], [ 69.3429567, 41.2474124 ], [ 69.3424235, 41.2481723 ], [ 69.3422965, 41.2481303 ], [ 69.3415589, 41.2491321 ], [ 69.3415135, 41.2494265 ] ] ] } },
{ "type": "Feature", "properties": { "osm_id": "w165564093", "kind": "industrial" }, "geometry": { "type": "Polygon", "coordinates": [ [ [ 69.3587886, 41.2610709 ], [ 69.3589649, 41.2608119 ], [ 69.3592353, 41.2608985 ], [ 69.3595281, 41.2610027 ], [ 69.3601115, 41.2605286 ], [ 69.3604242, 41.2600349 ], [ 69.3614266, 41.2609685 ], [ 69.3616207, 41.2611617 ], [ 69.3617528, 41.2612355 ], [ 69.3618926, 41.2614978 ], [ 69.362211, 41.2620301 ], [ 69.3620542, 41.2620917 ], [ 69.362077, 41.2621568 ], [ 69.3618193, 41.262346 ], [ 69.3607266, 41.2632031 ], [ 69.3600478, 41.2626727 ], [ 69.3594363, 41.2621617 ], [ 69.3596871, 41.2619949 ], [ 69.3592888, 41.2616009 ], [ 69.3587886, 41.2610709 ] ] ] } },
{ "type": "Feature", "properties": { "osm_id": "w165572309", "kind": "industrial" }, "geometry": { "type": "Polygon", "coordinates": [ [ [ 69.2672556, 41.2084635 ], [ 69.2687977, 41.2094127 ], [ 69.2683295, 41.2101473 ], [ 69.2693419, 41.2104656 ], [ 69.2717732, 41.211212 ], [ 69.2732909, 41.211691 ], [ 69.274242, 41.2110586 ], [ 69.2747518, 41.2106764 ], [ 69.275131, 41.2109993 ], [ 69.2756492, 41.2106501 ], [ 69.2758745, 41.2107045 ], [ 69.2787999, 41.2087411 ], [ 69.2790904, 41.2085484 ], [ 69.2787675, 41.208335 ], [ 69.2788988, 41.2081905 ], [ 69.2787082, 41.208032 ], [ 69.2786252, 41.2080808 ], [ 69.2784821, 41.207964 ], [ 69.2782977, 41.2080833 ], [ 69.2766145, 41.2070515 ], [ 69.2763605, 41.2069914 ], [ 69.2759983, 41.2066155 ], [ 69.2757628, 41.2067099 ], [ 69.2756171, 41.2064178 ], [ 69.274145, 41.2054468 ], [ 69.2736542, 41.2055071 ], [ 69.2725059, 41.204633 ], [ 69.2699839, 41.2063744 ], [ 69.2690609, 41.2069725 ], [ 69.2690245, 41.2069356 ], [ 69.2689422, 41.2069815 ], [ 69.2689799, 41.2070197 ], [ 69.2689753, 41.2070223 ], [ 69.2689428, 41.2070405 ], [ 69.2689039, 41.2070623 ], [ 69.2688439, 41.2070959 ], [ 69.2686148, 41.2072391 ], [ 69.2679418, 41.2076623 ], [ 69.268036, 41.207723 ], [ 69.2678155, 41.2079612 ], [ 69.2672556, 41.2084635 ] ] ] } },
{ "type": "Feature", "properties": { "osm_id": "w165572310", "kind": "industrial" }, "geometry": { "type": "Polygon", "coordinates": [ [ [ 69.2619431, 41.2056154 ], [ 69.265638, 41.2029701 ], [ 69.2675538, 41.2042722 ], [ 69.2693182, 41.2059252 ], [ 69.2681589, 41.2064266 ], [ 69.2659526, 41.2080811 ], [ 69.2619431, 41.2056154 ] ] ] } },
{ "type": "Feature", "properties": { "osm_id": "w165572655", "kind": "industrial" }, "geometry": { "type": "Polygon", "coordinates": [ [ [ 69.2520336, 41.2074511 ], [ 69.2505593, 41.2094691 ], [ 69.2500337, 41.2133732 ], [ 69.2501015, 41.2138967 ], [ 69.2501194, 41.21397 ], [ 69.2501933, 41.2140843 ], [ 69.2502022, 41.2141024 ], [ 69.2505594, 41.215313 ], [ 69.2506013, 41.2153784 ], [ 69.2505708, 41.2155688 ], [ 69.2500827, 41.2164018 ], [ 69.2503482, 41.2168822 ], [ 69.252661, 41.217832 ], [ 69.2525605, 41.2179688 ], [ 69.2536474, 41.2183196 ], [ 69.2537989, 41.2180284 ], [ 69.2542182, 41.2181946 ], [ 69.2566562, 41.2148306 ], [ 69.2569834, 41.2149655 ], [ 69.2578573, 41.2132766 ], [ 69.2571132, 41.2129577 ], [ 69.2569798, 41.212732 ], [ 69.255893, 41.2113981 ], [ 69.2531563, 41.2090047 ], [ 69.2526083, 41.2082883 ], [ 69.2520336, 41.2074511 ] ] ] } },
{ "type": "Feature", "properties": { "osm_id": "w165572786", "kind": "military" }, "geometry": { "type": "Polygon", "coordinates": [ [ [ 69.2523271, 41.2073138 ], [ 69.2527604, 41.2069041 ], [ 69.2581006, 41.2100025 ], [ 69.2570006, 41.2109365 ], [ 69.2552248, 41.2095887 ], [ 69.253449, 41.2082114 ], [ 69.2523271, 41.2073138 ] ] ] } },
{ "type": "Feature", "properties": { "osm_id": "w165626004", "kind": "industrial" }, "geometry": { "type": "Polygon", "coordinates": [ [ [ 69.322586, 41.2775178 ], [ 69.3212946, 41.2766536 ], [ 69.3210291, 41.2764981 ], [ 69.3209174, 41.2765958 ], [ 69.3201892, 41.2761585 ], [ 69.3196369, 41.2758218 ], [ 69.3199963, 41.2753086 ], [ 69.3203345, 41.2754762 ], [ 69.3209665, 41.2748055 ], [ 69.32075, 41.2740898 ], [ 69.3209907, 41.273922 ], [ 69.3242092, 41.2759588 ], [ 69.322586, 41.2775178 ] ] ] } },
{ "type": "Feature", "properties": { "osm_id": "w165753464", "kind": "industrial" }, "geometry": { "type": "Polygon", "coordinates": [ [ [ 69.3328914, 41.2766857 ], [ 69.3317735, 41.277696 ], [ 69.3298574, 41.2765318 ], [ 69.3310055, 41.2755229 ], [ 69.3328914, 41.2766857 ] ] ] } },
{ "type": "Feature", "properties": { "osm_id": "w166321310", "kind": "industrial" }, "geometry": { "type": "Polygon", "coordinates": [ [ [ 69.2928156, 41.2543249 ], [ 69.2927768, 41.2526994 ], [ 69.2943978, 41.2527231 ], [ 69.2956272, 41.2527193 ], [ 69.296539, 41.2527295 ], [ 69.2984538, 41.2527201 ], [ 69.29869, 41.2533336 ], [ 69.2986749, 41.2536301 ], [ 69.3005034, 41.2542534 ], [ 69.3008366, 41.2549861 ], [ 69.3007922, 41.2552628 ], [ 69.300776, 41.2553634 ], [ 69.3008622, 41.2557276 ], [ 69.3005099, 41.2561494 ], [ 69.2983238, 41.2552224 ], [ 69.2981831, 41.2554187 ], [ 69.2975006, 41.2563707 ], [ 69.2974029, 41.2563623 ], [ 69.2954975, 41.2561983 ], [ 69.2929184, 41.2558949 ], [ 69.2928156, 41.2543249 ] ] ] } },
{ "type": "Feature", "properties": { "osm_id": "w166617917", "kind": "railway" }, "geometry": { "type": "Polygon", "coordinates": [ [ [ 69.2610362, 41.3628498 ], [ 69.261935, 41.3631288 ], [ 69.2625435, 41.3625556 ], [ 69.2655122, 41.3597565 ], [ 69.2695708, 41.355894 ], [ 69.2694265, 41.3557481 ], [ 69.2664395, 41.3584046 ], [ 69.2662391, 41.3584814 ], [ 69.2611974, 41.362828 ], [ 69.2611033, 41.3627795 ], [ 69.2610362, 41.3628498 ] ] ] } },
{ "type": "Feature", "properties": { "osm_id": "w166617918", "kind": "railway" }, "geometry": { "type": "Polygon", "coordinates": [ [ [ 69.2376463, 41.3816424 ], [ 69.2359483, 41.3836559 ], [ 69.2357942, 41.3836271 ], [ 69.2349045, 41.3836667 ], [ 69.2347339, 41.3836575 ], [ 69.2339254, 41.3832924 ], [ 69.2336606, 41.3836738 ], [ 69.2331272, 41.3835333 ], [ 69.2318649, 41.3837265 ], [ 69.2313886, 41.3835759 ], [ 69.2302883, 41.3831763 ], [ 69.229172, 41.3846752 ], [ 69.2287128, 41.385463 ], [ 69.2284732, 41.3864175 ], [ 69.2284617, 41.3872836 ], [ 69.2288136, 41.3881997 ], [ 69.2299854, 41.39037 ], [ 69.230336, 41.3911179 ], [ 69.2304021, 41.3913397 ], [ 69.2304229, 41.3915575 ], [ 69.2304285, 41.3919905 ], [ 69.2290926, 41.3936957 ], [ 69.2286438, 41.3941954 ], [ 69.2281764, 41.3947137 ], [ 69.2284966, 41.3949226 ], [ 69.2366018, 41.3857846 ], [ 69.2368966, 41.385224 ], [ 69.2370478, 41.385294 ], [ 69.2370131, 41.3853418 ], [ 69.2371415, 41.3854363 ], [ 69.2371971, 41.3855728 ], [ 69.2374547, 41.3853626 ], [ 69.2375852, 41.3852796 ], [ 69.2378542, 41.3849317 ], [ 69.2384663, 41.384305 ], [ 69.2374143, 41.3838396 ], [ 69.2380422, 41.3817597 ], [ 69.2376463, 41.3816424 ] ] ] } },
{ "type": "Feature", "properties": { "osm_id": "w166622964", "kind": "railway" }, "geometry": { "type": "Polygon", "coordinates": [ [ [ 69.3003691, 41.2985575 ], [ 69.3004234, 41.2988278 ], [ 69.3011064, 41.2987881 ], [ 69.3016918, 41.2987912 ], [ 69.3017167, 41.2988605 ], [ 69.3021814, 41.2988184 ], [ 69.3025293, 41.2988307 ], [ 69.302541, 41.2988815 ], [ 69.3031924, 41.2989149 ], [ 69.3032871, 41.2991735 ], [ 69.3036011, 41.2990935 ], [ 69.3046416, 41.2988173 ], [ 69.3047115, 41.2988094 ], [ 69.3052164, 41.2986836 ], [ 69.305314, 41.2986744 ], [ 69.3053757, 41.2986876 ], [ 69.3056144, 41.2987501 ], [ 69.3068562, 41.2986132 ], [ 69.3071424, 41.2985998 ], [ 69.3090129, 41.2984465 ], [ 69.3096138, 41.2983146 ], [ 69.3106821, 41.2979703 ], [ 69.3109016, 41.2978019 ], [ 69.310921, 41.2978297 ], [ 69.3109509, 41.2978724 ], [ 69.3124514, 41.297391 ], [ 69.3137498, 41.2969503 ], [ 69.313835, 41.2968296 ], [ 69.3138529, 41.2968552 ], [ 69.313903, 41.2969026 ], [ 69.3144101, 41.2966961 ], [ 69.3145974, 41.2965972 ], [ 69.3166295, 41.295729 ], [ 69.3181191, 41.2950358 ], [ 69.3188842, 41.2947504 ], [ 69.3199116, 41.294372 ], [ 69.3199517, 41.2943386 ], [ 69.3200526, 41.2942346 ], [ 69.3206262, 41.2940647 ], [ 69.3206584, 41.2939821 ], [ 69.3211975, 41.2938209 ], [ 69.3221497, 41.2935327 ], [ 69.3224367, 41.2934359 ], [ 69.323561, 41.2930704 ], [ 69.3233944, 41.2927779 ], [ 69.321883, 41.2930917 ], [ 69.3206249, 41.2934027 ], [ 69.3201732, 41.2935564 ], [ 69.3190363, 41.2938733 ], [ 69.3177406, 41.294163 ], [ 69.3176444, 41.294239 ], [ 69.3161719, 41.2946179 ], [ 69.3141726, 41.295164 ], [ 69.3138139, 41.2952472 ], [ 69.3127248, 41.2954356 ], [ 69.312052, 41.2955468 ], [ 69.3106307, 41.2957619 ], [ 69.3106327, 41.2958485 ], [ 69.3098139, 41.295963 ], [ 69.3087623, 41.2960221 ], [ 69.308367, 41.2959678 ], [ 69.308341, 41.2961785 ], [ 69.3078775, 41.2961697 ], [ 69.3079651, 41.2965768 ], [ 69.3067088, 41.2969347 ], [ 69.306394, 41.2969698 ], [ 69.3060425, 41.2969627 ], [ 69.306039, 41.2969885 ], [ 69.3060336, 41.2970289 ], [ 69.3060305, 41.2970522 ], [ 69.3060831, 41.2972308 ], [ 69.3060928, 41.2972636 ], [ 69.3030311, 41.2981034 ], [ 69.3022413, 41.2983601 ], [ 69.3014903, 41.298489 ], [ 69.300817, 41.2985716 ], [ 69.3003691, 41.2985575 ] ] ] } },
{ "type": "Feature", "properties": { "osm_id": "w167338972", "kind": "industrial" }, "geometry": { "type": "Polygon", "coordinates": [ [ [ 69.1238781, 41.1787527 ], [ 69.122761, 41.1788592 ], [ 69.1216468, 41.1788841 ], [ 69.1207085, 41.1788639 ], [ 69.1192635, 41.1788627 ], [ 69.118436, 41.17852 ], [ 69.1179366, 41.1781957 ], [ 69.1173322, 41.1776455 ], [ 69.1169268, 41.176813 ], [ 69.116342, 41.1762172 ], [ 69.1156976, 41.1739047 ], [ 69.1159194, 41.1738522 ], [ 69.1163061, 41.173455 ], [ 69.1164134, 41.1731541 ], [ 69.1160609, 41.1724603 ], [ 69.1163383, 41.1723843 ], [ 69.1163864, 41.1723712 ], [ 69.1165371, 41.1723299 ], [ 69.1168473, 41.1722105 ], [ 69.1204274, 41.1749357 ], [ 69.1211839, 41.1755314 ], [ 69.1214176, 41.1768454 ], [ 69.1222368, 41.1773821 ], [ 69.1238335, 41.1782722 ], [ 69.1239496, 41.178312 ], [ 69.1239201, 41.1783514 ], [ 69.1236858, 41.1786647 ], [ 69.1239033, 41.1787041 ], [ 69.1238781, 41.1787527 ] ] ] } },
{ "type": "Feature", "properties": { "osm_id": "w170091375", "kind": "industrial" }, "geometry": { "type": "Polygon", "coordinates": [ [ [ 69.1631326, 41.2594547 ], [ 69.1638969, 41.258998 ], [ 69.1638875, 41.2588172 ], [ 69.1638654, 41.2585914 ], [ 69.1647483, 41.2580529 ], [ 69.1650639, 41.2579519 ], [ 69.17106, 41.2578896 ], [ 69.1720675, 41.2578663 ], [ 69.1732131, 41.2578592 ], [ 69.173184, 41.260127 ], [ 69.1731379, 41.2601291 ], [ 69.172448, 41.2601576 ], [ 69.1722936, 41.2601661 ], [ 69.1712635, 41.2602231 ], [ 69.1711618, 41.2603457 ], [ 69.1657832, 41.2606009 ], [ 69.1657885, 41.260697 ], [ 69.1648079, 41.2607331 ], [ 69.1644991, 41.2604215 ], [ 69.1642019, 41.2605761 ], [ 69.1631326, 41.2594547 ] ] ] } },
{ "type": "Feature", "properties": { "osm_id": "w170183986", "kind": "industrial" }, "geometry": { "type": "Polygon", "coordinates": [ [ [ 69.2327122, 41.1752724 ], [ 69.2309034, 41.1750561 ], [ 69.229107, 41.1750815 ], [ 69.2279701, 41.1762395 ], [ 69.2284674, 41.1771474 ], [ 69.2319724, 41.1768847 ], [ 69.2320229, 41.1768706 ], [ 69.2324026, 41.1768502 ], [ 69.2323139, 41.1759488 ], [ 69.2324387, 41.1758579 ], [ 69.2325356, 41.1758117 ], [ 69.2326979, 41.175314 ], [ 69.2327122, 41.1752724 ] ] ] } },
{ "type": "Feature", "properties": { "osm_id": "w170184363", "kind": "industrial" }, "geometry": { "type": "Polygon", "coordinates": [ [ [ 69.2351064, 41.1767474 ], [ 69.234727, 41.1763787 ], [ 69.2345014, 41.1765166 ], [ 69.23455, 41.1766931 ], [ 69.2344985, 41.1766963 ], [ 69.2344258, 41.176432 ], [ 69.2336708, 41.175616 ], [ 69.2333266, 41.1754864 ], [ 69.2329704, 41.1757662 ], [ 69.2326183, 41.1764202 ], [ 69.2326293, 41.1768377 ], [ 69.2301175, 41.17707 ], [ 69.228389, 41.1772177 ], [ 69.2290642, 41.1780789 ], [ 69.2310216, 41.1799852 ], [ 69.2315163, 41.1805407 ], [ 69.2316141, 41.1811494 ], [ 69.2318004, 41.1818224 ], [ 69.2320204, 41.1820715 ], [ 69.2322484, 41.1827217 ], [ 69.2325072, 41.1832122 ], [ 69.2328895, 41.1834904 ], [ 69.2330621, 41.1834785 ], [ 69.2332131, 41.1861019 ], [ 69.2337863, 41.1863977 ], [ 69.2338461, 41.1867665 ], [ 69.2336723, 41.1870864 ], [ 69.2334426, 41.1872126 ], [ 69.2334202, 41.1873117 ], [ 69.2336822, 41.1877314 ], [ 69.2338328, 41.1880291 ], [ 69.2351568, 41.1893591 ], [ 69.2358506, 41.1889793 ], [ 69.236438, 41.1892134 ], [ 69.2383105, 41.1891648 ], [ 69.2382967, 41.1892982 ], [ 69.2389728, 41.1893853 ], [ 69.2389956, 41.190237 ], [ 69.2392305, 41.190356 ], [ 69.2410259, 41.1913073 ], [ 69.2411406, 41.1911686 ], [ 69.2423503, 41.1919233 ], [ 69.2424807, 41.1920433 ], [ 69.2429703, 41.1923116 ], [ 69.2431949, 41.1920314 ], [ 69.2440632, 41.1924731 ], [ 69.2442239, 41.1922897 ], [ 69.2448483, 41.1925756 ], [ 69.2454129, 41.1919311 ], [ 69.2456944, 41.1919838 ], [ 69.2461169, 41.1922877 ], [ 69.2464476, 41.1926814 ], [ 69.2467718, 41.193191 ], [ 69.2470137, 41.1938666 ], [ 69.247355, 41.1947926 ], [ 69.2475454, 41.1954116 ], [ 69.2476454, 41.1954006 ], [ 69.2477384, 41.1953973 ], [ 69.2478738, 41.1951439 ], [ 69.2483577, 41.1944763 ], [ 69.2484514, 41.1942471 ], [ 69.2484749, 41.1941136 ], [ 69.2485867, 41.1937684 ], [ 69.2486419, 41.1933701 ], [ 69.2486153, 41.1931696 ], [ 69.2490683, 41.1931913 ], [ 69.2492304, 41.1929919 ], [ 69.2496964, 41.1927228 ], [ 69.2501986, 41.1925031 ], [ 69.2512106, 41.1933486 ], [ 69.2504669, 41.1938921 ], [ 69.2511866, 41.194479 ], [ 69.2542446, 41.1922411 ], [ 69.2448961, 41.1846162 ], [ 69.2395649, 41.1802632 ], [ 69.2394986, 41.1800393 ], [ 69.2372913, 41.1780897 ], [ 69.2361786, 41.1771955 ], [ 69.2351064, 41.1767474 ] ] ] } },
{ "type": "Feature", "properties": { "osm_id": "w170184605", "kind": "railway" }, "geometry": { "type": "Polygon", "coordinates": [ [ [ 69.2475278, 41.200744 ], [ 69.2473915, 41.2016481 ], [ 69.2468607, 41.2048488 ], [ 69.2517223, 41.2074362 ], [ 69.250005, 41.2097928 ], [ 69.2496541, 41.2139364 ], [ 69.2482586, 41.2139947 ], [ 69.2477249, 41.2140619 ], [ 69.2469529, 41.2142118 ], [ 69.2465771, 41.2143331 ], [ 69.2462365, 41.2144968 ], [ 69.2460874, 41.21451 ], [ 69.245798, 41.2147864 ], [ 69.2454976, 41.2150948 ], [ 69.2453373, 41.2153867 ], [ 69.2449736, 41.2152406 ], [ 69.245078, 41.2140938 ], [ 69.245078, 41.2125046 ], [ 69.245483, 41.209651 ], [ 69.2455525, 41.2088912 ], [ 69.2458571, 41.2068633 ], [ 69.2460564, 41.2053701 ], [ 69.2463014, 41.2034607 ], [ 69.2463519, 41.2030673 ], [ 69.2463994, 41.2026974 ], [ 69.2464091, 41.2026214 ], [ 69.2464475, 41.2023222 ], [ 69.2465832, 41.2020644 ], [ 69.2470026, 41.2013765 ], [ 69.2472144, 41.2007455 ], [ 69.2475278, 41.200744 ] ] ] } },
{ "type": "Feature", "properties": { "osm_id": "w170303720", "kind": "military" }, "geometry": { "type": "Polygon", "coordinates": [ [ [ 69.2235398, 41.2020715 ], [ 69.2238973, 41.2015562 ], [ 69.2244398, 41.2017693 ], [ 69.2242626, 41.2020247 ], [ 69.2240823, 41.2022846 ], [ 69.2235398, 41.2020715 ] ] ] } },
{ "type": "Feature", "properties": { "osm_id": "w170308086", "kind": "railway" }, "geometry": { "type": "Polygon", "coordinates": [ [ [ 69.294522, 41.295601 ], [ 69.2946967, 41.2954534 ], [ 69.2918504, 41.2935534 ], [ 69.2912552, 41.2931425 ], [ 69.2907512, 41.292629 ], [ 69.2902753, 41.2922486 ], [ 69.2902283, 41.2921196 ], [ 69.2887898, 41.2911903 ], [ 69.2887692, 41.2911062 ], [ 69.2852864, 41.2888225 ], [ 69.284992, 41.2888058 ], [ 69.2841395, 41.288695 ], [ 69.2834412, 41.2883191 ], [ 69.2834184, 41.2881871 ], [ 69.2830603, 41.2882566 ], [ 69.2828973, 41.2883665 ], [ 69.282776, 41.2886484 ], [ 69.2826378, 41.2889743 ], [ 69.282667, 41.2891307 ], [ 69.2827297, 41.2892744 ], [ 69.2828201, 41.289408 ], [ 69.2829946, 41.2895269 ], [ 69.2830433, 41.2895569 ], [ 69.2837264, 41.2899848 ], [ 69.2838395, 41.2898839 ], [ 69.2840717, 41.2896603 ], [ 69.284135, 41.2896005 ], [ 69.2842609, 41.2896727 ], [ 69.2843621, 41.2897263 ], [ 69.2848154, 41.2899666 ], [ 69.2848806, 41.2899874 ], [ 69.2851349, 41.2900686 ], [ 69.2852125, 41.2900946 ], [ 69.2851927, 41.2901164 ], [ 69.2851668, 41.2901451 ], [ 69.2850707, 41.2902273 ], [ 69.2858214, 41.2907121 ], [ 69.2863822, 41.2910714 ], [ 69.2861171, 41.2913019 ], [ 69.2861585, 41.2913285 ], [ 69.286135, 41.2913491 ], [ 69.2862341, 41.2914129 ], [ 69.2862159, 41.2914288 ], [ 69.2864417, 41.2915665 ], [ 69.2864222, 41.2915836 ], [ 69.286489, 41.2916265 ], [ 69.2864727, 41.2916408 ], [ 69.2865013, 41.2916586 ], [ 69.2866124, 41.2917308 ], [ 69.2866316, 41.291714 ], [ 69.2866883, 41.2917506 ], [ 69.2867035, 41.2917372 ], [ 69.2869332, 41.2918851 ], [ 69.2869494, 41.2918709 ], [ 69.2870823, 41.2919565 ], [ 69.2873695, 41.2917047 ], [ 69.2874764, 41.2917736 ], [ 69.2878813, 41.2920343 ], [ 69.2879407, 41.2920726 ], [ 69.2880525, 41.2919746 ], [ 69.2880992, 41.2920047 ], [ 69.287794, 41.2922709 ], [ 69.2882383, 41.2925576 ], [ 69.2884469, 41.292375 ], [ 69.2884778, 41.292395 ], [ 69.2885023, 41.2924108 ], [ 69.2890464, 41.2927626 ], [ 69.2892151, 41.29287 ], [ 69.2896103, 41.2931074 ], [ 69.2893533, 41.2933369 ], [ 69.2899938, 41.2937419 ], [ 69.2901115, 41.2936367 ], [ 69.2914047, 41.2944543 ], [ 69.2915537, 41.2943212 ], [ 69.2916195, 41.2943737 ], [ 69.2919994, 41.2946393 ], [ 69.2920299, 41.2946107 ], [ 69.2928122, 41.2951333 ], [ 69.2933154, 41.2954479 ], [ 69.2939166, 41.2958143 ], [ 69.2938858, 41.2958371 ], [ 69.2945007, 41.2962315 ], [ 69.2946644, 41.2961604 ], [ 69.294989, 41.2959155 ], [ 69.294522, 41.295601 ] ] ] } },
{ "type": "Feature", "properties": { "osm_id": "w170630568", "kind": "industrial" }, "geometry": { "type": "Polygon", "coordinates": [ [ [ 69.2447191, 41.2706934 ], [ 69.2452889, 41.2707169 ], [ 69.2453694, 41.2700597 ], [ 69.2447982, 41.2700249 ], [ 69.2447191, 41.2706934 ] ] ] } },
{ "type": "Feature", "properties": { "osm_id": "w171006187", "kind": "industrial" }, "geometry": { "type": "Polygon", "coordinates": [ [ [ 69.2424958, 41.2125363 ], [ 69.2427266, 41.2110544 ], [ 69.2451269, 41.2114781 ], [ 69.2448992, 41.2128571 ], [ 69.2449983, 41.2130773 ], [ 69.2445451, 41.2133033 ], [ 69.2424958, 41.2125363 ] ] ] } },
{ "type": "Feature", "properties": { "osm_id": "w171058123", "kind": "railway" }, "geometry": { "type": "Polygon", "coordinates": [ [ [ 69.2225607, 41.2570697 ], [ 69.2232787, 41.2575362 ], [ 69.2238903, 41.2578851 ], [ 69.2244382, 41.2582079 ], [ 69.2240778, 41.2586262 ], [ 69.2268918, 41.2598868 ], [ 69.2269974, 41.2598737 ], [ 69.2271833, 41.2596489 ], [ 69.2273309, 41.2597269 ], [ 69.2274117, 41.2597638 ], [ 69.2278799, 41.2599572 ], [ 69.2279189, 41.2599217 ], [ 69.2281085, 41.2600067 ], [ 69.2282029, 41.2600475 ], [ 69.2282295, 41.2600143 ], [ 69.2282579, 41.2600269 ], [ 69.2283204, 41.2600546 ], [ 69.2283959, 41.2600854 ], [ 69.228807, 41.2602705 ], [ 69.2297287, 41.2607045 ], [ 69.2297858, 41.2607314 ], [ 69.2311331, 41.2613673 ], [ 69.2311823, 41.2613905 ], [ 69.2319079, 41.2617193 ], [ 69.2319226, 41.2617612 ], [ 69.2325082, 41.2620166 ], [ 69.2325797, 41.2619424 ], [ 69.2334182, 41.2623338 ], [ 69.233494, 41.2623688 ], [ 69.2343252, 41.2625785 ], [ 69.2345625, 41.262975 ], [ 69.2351839, 41.2628475 ], [ 69.2363213, 41.2630175 ], [ 69.236435, 41.2622598 ], [ 69.2357374, 41.2623058 ], [ 69.2355057, 41.2622963 ], [ 69.2350813, 41.26224 ], [ 69.2343534, 41.2620116 ], [ 69.2335317, 41.2617131 ], [ 69.2326355, 41.2612988 ], [ 69.2316832, 41.2608398 ], [ 69.2311475, 41.2606063 ], [ 69.2294007, 41.2597935 ], [ 69.2229108, 41.2567133 ], [ 69.2225607, 41.2570697 ] ] ] } },
{ "type": "Feature", "properties": { "osm_id": "w171059189", "kind": "railway" }, "geometry": { "type": "Polygon", "coordinates": [ [ [ 69.2415626, 41.2640194 ], [ 69.2418246, 41.2634628 ], [ 69.2412059, 41.2631479 ], [ 69.2410954, 41.2633065 ], [ 69.2404702, 41.2631377 ], [ 69.2403555, 41.2632301 ], [ 69.2402354, 41.2633022 ], [ 69.2367662, 41.2626202 ], [ 69.2366266, 41.2626002 ], [ 69.2364254, 41.2625715 ], [ 69.2364609, 41.2623811 ], [ 69.2364423, 41.2622618 ], [ 69.236435, 41.2622598 ], [ 69.2363213, 41.2630175 ], [ 69.2365277, 41.2629872 ], [ 69.2395355, 41.2635698 ], [ 69.240048, 41.263728 ], [ 69.2415626, 41.2640194 ] ] ] } },
{ "type": "Feature", "properties": { "osm_id": "w171063477", "kind": "garages" }, "geometry": { "type": "Polygon", "coordinates": [ [ [ 69.1753027, 41.2804428 ], [ 69.1757656, 41.2808538 ], [ 69.1758373, 41.2809845 ], [ 69.175933, 41.2811107 ], [ 69.1765986, 41.2807773 ], [ 69.1758651, 41.2800726 ], [ 69.1753027, 41.2804428 ] ] ] } },
{ "type": "Feature", "properties": { "osm_id": "w171261765", "kind": "industrial" }, "geometry": { "type": "Polygon", "coordinates": [ [ [ 69.183493, 41.1862479 ], [ 69.1872359, 41.1864358 ], [ 69.1873758, 41.1864444 ], [ 69.1873723, 41.1864872 ], [ 69.1872457, 41.1881789 ], [ 69.1870892, 41.1881678 ], [ 69.1850262, 41.1880408 ], [ 69.183493, 41.1862479 ] ] ] } },
{ "type": "Feature", "properties": { "osm_id": "w171314808", "kind": "industrial" }, "geometry": { "type": "Polygon", "coordinates": [ [ [ 69.1988629, 41.2274364 ], [ 69.1993524, 41.2280628 ], [ 69.1993833, 41.2281078 ], [ 69.1992357, 41.2281905 ], [ 69.2002348, 41.2292578 ], [ 69.2003642, 41.2291399 ], [ 69.2007009, 41.2287852 ], [ 69.2009215, 41.2286494 ], [ 69.2014844, 41.2281096 ], [ 69.2009181, 41.2277946 ], [ 69.2001981, 41.2275387 ], [ 69.1993121, 41.2273616 ], [ 69.1989145, 41.2273786 ], [ 69.1988629, 41.2274364 ] ] ] } },
{ "type": "Feature", "properties": { "osm_id": "w171314809", "kind": "industrial" }, "geometry": { "type": "Polygon", "coordinates": [ [ [ 69.1995738, 41.2339022 ], [ 69.2006722, 41.2323832 ], [ 69.2031759, 41.2339148 ], [ 69.2020828, 41.2351371 ], [ 69.1995738, 41.2339022 ] ] ] } },
{ "type": "Feature", "properties": { "osm_id": "w171316474", "kind": "industrial" }, "geometry": { "type": "Polygon", "coordinates": [ [ [ 69.2135664, 41.2484077 ], [ 69.2138429, 41.2480159 ], [ 69.2139548, 41.2480419 ], [ 69.2141076, 41.2480114 ], [ 69.2146016, 41.2479919 ], [ 69.2152215, 41.2483528 ], [ 69.2152396, 41.2484567 ], [ 69.215589, 41.2492472 ], [ 69.2156808, 41.2492264 ], [ 69.2157996, 41.2494933 ], [ 69.2159275, 41.2498449 ], [ 69.2157943, 41.2500203 ], [ 69.2157169, 41.2500536 ], [ 69.21559, 41.2499259 ], [ 69.2154514, 41.2497051 ], [ 69.2152192, 41.2495154 ], [ 69.2144659, 41.2491021 ], [ 69.2142618, 41.2489104 ], [ 69.2139687, 41.2486427 ], [ 69.2137725, 41.2485665 ], [ 69.2135458, 41.248547 ], [ 69.2135664, 41.2484077 ] ] ] } },
{ "type": "Feature", "properties": { "osm_id": "w171316475", "kind": "industrial" }, "geometry": { "type": "Polygon", "coordinates": [ [ [ 69.2075068, 41.2455328 ], [ 69.2075127, 41.244765 ], [ 69.2076965, 41.2447356 ], [ 69.207972, 41.2448269 ], [ 69.2082298, 41.2448974 ], [ 69.2088829, 41.244937 ], [ 69.2094072, 41.2450735 ], [ 69.2097469, 41.2454611 ], [ 69.2099804, 41.2458149 ], [ 69.2105438, 41.2462447 ], [ 69.2125398, 41.2474863 ], [ 69.2126313, 41.2475464 ], [ 69.2125004, 41.2484773 ], [ 69.2122668, 41.2484794 ], [ 69.2116899, 41.2482789 ], [ 69.2113879, 41.2480033 ], [ 69.2111813, 41.24776 ], [ 69.2108916, 41.2473161 ], [ 69.2108535, 41.2471775 ], [ 69.210506, 41.2468982 ], [ 69.209881, 41.2468987 ], [ 69.2093238, 41.2469213 ], [ 69.2088134, 41.247017 ], [ 69.2080503, 41.2464129 ], [ 69.2075781, 41.2457713 ], [ 69.2075068, 41.2455328 ] ] ] } },
{ "type": "Feature", "properties": { "osm_id": "w171316477", "kind": "industrial" }, "geometry": { "type": "Polygon", "coordinates": [ [ [ 69.2132281, 41.2476573 ], [ 69.2127105, 41.2474092 ], [ 69.2133502, 41.2469106 ], [ 69.2139074, 41.246601 ], [ 69.21423, 41.2464992 ], [ 69.2143792, 41.2464762 ], [ 69.2147488, 41.2465521 ], [ 69.2162387, 41.2480156 ], [ 69.2156968, 41.2484461 ], [ 69.2154609, 41.2482374 ], [ 69.2152747, 41.2480679 ], [ 69.2150885, 41.2479335 ], [ 69.2144822, 41.2477485 ], [ 69.2138847, 41.247819 ], [ 69.2132281, 41.2476573 ] ] ] } },
{ "type": "Feature", "properties": { "osm_id": "w171352826", "kind": "cemetery" }, "geometry": { "type": "Polygon", "coordinates": [ [ [ 69.2640759, 41.2083203 ], [ 69.2641009, 41.2082781 ], [ 69.2642927, 41.2083417 ], [ 69.2644, 41.2083336 ], [ 69.2646756, 41.2084052 ], [ 69.2649499, 41.2084935 ], [ 69.265373, 41.2086529 ], [ 69.2654259, 41.2086887 ], [ 69.2655899, 41.2087204 ], [ 69.2650223, 41.2094944 ], [ 69.2649729, 41.209618 ], [ 69.2635015, 41.209557 ], [ 69.2635557, 41.2092288 ], [ 69.2635802, 41.2090624 ], [ 69.2636013, 41.2088341 ], [ 69.2637444, 41.2088451 ], [ 69.2640556, 41.2084031 ], [ 69.2640759, 41.2083203 ] ] ] } },
{ "type": "Feature", "properties": { "osm_id": "w171357577", "kind": "industrial" }, "geometry": { "type": "Polygon", "coordinates": [ [ [ 69.2718728, 41.2125607 ], [ 69.271467, 41.2133082 ], [ 69.2713423, 41.2135177 ], [ 69.2722227, 41.2141796 ], [ 69.2733733, 41.2145889 ], [ 69.2737218, 41.2146758 ], [ 69.2744159, 41.2149106 ], [ 69.2744956, 41.2148208 ], [ 69.2755937, 41.2129337 ], [ 69.2757189, 41.2127506 ], [ 69.2742278, 41.2122683 ], [ 69.2736918, 41.2131959 ], [ 69.2718728, 41.2125607 ] ] ] } },
{ "type": "Feature", "properties": { "osm_id": "w171357579", "kind": "industrial" }, "geometry": { "type": "Polygon", "coordinates": [ [ [ 69.2659156, 41.2095209 ], [ 69.2670481, 41.2083624 ], [ 69.2687977, 41.2094127 ], [ 69.2683295, 41.2101473 ], [ 69.2682793, 41.210226 ], [ 69.2659156, 41.2095209 ] ] ] } },
{ "type": "Feature", "properties": { "osm_id": "w171357581", "kind": "industrial" }, "geometry": { "type": "Polygon", "coordinates": [ [ [ 69.2647938, 41.2122689 ], [ 69.2651598, 41.2118834 ], [ 69.2654353, 41.2119838 ], [ 69.2655451, 41.2120568 ], [ 69.266117, 41.2126114 ], [ 69.266062, 41.2128887 ], [ 69.2647938, 41.2122689 ] ] ] } },
{ "type": "Feature", "properties": { "osm_id": "w171369101", "kind": "industrial" }, "geometry": { "type": "Polygon", "coordinates": [ [ [ 69.3510481, 41.2231307 ], [ 69.3550181, 41.2248294 ], [ 69.3564562, 41.2230393 ], [ 69.352628, 41.2211426 ], [ 69.3510481, 41.2231307 ] ] ] } },
{ "type": "Feature", "properties": { "osm_id": "w171542622", "kind": "industrial" }, "geometry": { "type": "Polygon", "coordinates": [ [ [ 69.2426803, 41.2349042 ], [ 69.2426503, 41.2351456 ], [ 69.24272, 41.2352987 ], [ 69.2426232, 41.2353413 ], [ 69.2421732, 41.2382002 ], [ 69.2437983, 41.238343 ], [ 69.2438558, 41.2381694 ], [ 69.2438682, 41.2380576 ], [ 69.2441577, 41.2347419 ], [ 69.2434807, 41.2346822 ], [ 69.2433979, 41.2349722 ], [ 69.2426803, 41.2349042 ] ] ] } },
{ "type": "Feature", "properties": { "osm_id": "w171741569", "kind": "industrial" }, "geometry": { "type": "Polygon", "coordinates": [ [ [ 69.2219857, 41.2558167 ], [ 69.2221101, 41.2559693 ], [ 69.2241459, 41.2572232 ], [ 69.2241561, 41.2573416 ], [ 69.2293271, 41.2596616 ], [ 69.2294039, 41.2598186 ], [ 69.2298397, 41.2600233 ], [ 69.2301969, 41.2600846 ], [ 69.2311292, 41.2599738 ], [ 69.23141, 41.2597876 ], [ 69.2319642, 41.2595439 ], [ 69.2337871, 41.2582376 ], [ 69.2337631, 41.2577654 ], [ 69.2336304, 41.2575924 ], [ 69.2332891, 41.2574076 ], [ 69.2332195, 41.2574669 ], [ 69.2329916, 41.2573558 ], [ 69.2321389, 41.257049 ], [ 69.2316145, 41.2569548 ], [ 69.2311338, 41.2568423 ], [ 69.2308548, 41.2566018 ], [ 69.230754, 41.2563079 ], [ 69.2301691, 41.2563124 ], [ 69.2293677, 41.256077 ], [ 69.2288839, 41.2560188 ], [ 69.228888, 41.2559875 ], [ 69.2271455, 41.2557887 ], [ 69.2266175, 41.2555822 ], [ 69.2257109, 41.2555775 ], [ 69.2252607, 41.25546 ], [ 69.2250106, 41.2552108 ], [ 69.2249481, 41.2549899 ], [ 69.224682, 41.2549214 ], [ 69.2245651, 41.2549564 ], [ 69.2234909, 41.2544175 ], [ 69.2229399, 41.2550452 ], [ 69.2223738, 41.2555339 ], [ 69.2219857, 41.2558167 ] ] ] } },
{ "type": "Feature", "properties": { "osm_id": "w171848531", "kind": "industrial" }, "geometry": { "type": "Polygon", "coordinates": [ [ [ 69.1754313, 41.2190614 ], [ 69.1768281, 41.2182098 ], [ 69.1776317, 41.2190492 ], [ 69.1774922, 41.2191886 ], [ 69.1775579, 41.2192335 ], [ 69.1773973, 41.2193566 ], [ 69.177075, 41.219467 ], [ 69.1767561, 41.2195702 ], [ 69.176098, 41.2197848 ], [ 69.1755351, 41.219174 ], [ 69.1754313, 41.2190614 ] ] ] } },
{ "type": "Feature", "properties": { "osm_id": "w171848913", "kind": "industrial" }, "geometry": { "type": "Polygon", "coordinates": [ [ [ 69.1825173, 41.2239706 ], [ 69.1825808, 41.2239592 ], [ 69.1832531, 41.2244826 ], [ 69.1834432, 41.2246306 ], [ 69.1835461, 41.2247717 ], [ 69.183183, 41.2251313 ], [ 69.1827805, 41.2253544 ], [ 69.1827019, 41.2253771 ], [ 69.1826739, 41.2253325 ], [ 69.1824518, 41.225104 ], [ 69.1823303, 41.2248467 ], [ 69.182021, 41.2242414 ], [ 69.1820361, 41.2241618 ], [ 69.1825173, 41.2239706 ] ] ] } },
{ "type": "Feature", "properties": { "osm_id": "w172049331", "kind": "industrial" }, "geometry": { "type": "Polygon", "coordinates": [ [ [ 69.2327734, 41.1772863 ], [ 69.232769, 41.1772633 ], [ 69.2327478, 41.1770102 ], [ 69.2338993, 41.176941 ], [ 69.2338952, 41.1768774 ], [ 69.2341903, 41.1768542 ], [ 69.2342158, 41.1771853 ], [ 69.2343459, 41.177258 ], [ 69.2345807, 41.1772389 ], [ 69.2346991, 41.1780722 ], [ 69.2344632, 41.1780791 ], [ 69.2344639, 41.1780226 ], [ 69.2338364, 41.1780282 ], [ 69.2338075, 41.1774855 ], [ 69.233383, 41.1774844 ], [ 69.2333732, 41.1772728 ], [ 69.2327734, 41.1772863 ] ] ] } },
{ "type": "Feature", "properties": { "osm_id": "w173115085", "kind": "industrial" }, "geometry": { "type": "Polygon", "coordinates": [ [ [ 69.1790396, 41.2925759 ], [ 69.1807665, 41.2903988 ], [ 69.1811454, 41.2901499 ], [ 69.1824262, 41.2913446 ], [ 69.1814376, 41.2918458 ], [ 69.1818243, 41.2923107 ], [ 69.1802562, 41.2932723 ], [ 69.1790396, 41.2925759 ] ] ] } },
{ "type": "Feature", "properties": { "osm_id": "w173171956", "kind": "military" }, "geometry": { "type": "Polygon", "coordinates": [ [ [ 69.2791027, 41.2797328 ], [ 69.2790516, 41.2796083 ], [ 69.2791428, 41.2795748 ], [ 69.2792936, 41.2789317 ], [ 69.2797149, 41.2789759 ], [ 69.2797149, 41.2786917 ], [ 69.2795702, 41.2786776 ], [ 69.2796309, 41.2777476 ], [ 69.2797324, 41.2777449 ], [ 69.2805248, 41.2780101 ], [ 69.2809105, 41.2781933 ], [ 69.2819238, 41.2793315 ], [ 69.281975, 41.2794469 ], [ 69.2827608, 41.2804 ], [ 69.2826183, 41.2804796 ], [ 69.2824903, 41.2803615 ], [ 69.2822784, 41.2804824 ], [ 69.2822272, 41.2804494 ], [ 69.2821577, 41.280551 ], [ 69.2814085, 41.2809356 ], [ 69.2804911, 41.2804604 ], [ 69.2804216, 41.2804714 ], [ 69.2803449, 41.2804302 ], [ 69.2801695, 41.2804934 ], [ 69.2800628, 41.280439 ], [ 69.279589, 41.2799814 ], [ 69.2793032, 41.2797627 ], [ 69.2791351, 41.2797765 ], [ 69.2791027, 41.2797328 ] ] ] } },
{ "type": "Feature", "properties": { "osm_id": "w173186784", "kind": "industrial" }, "geometry": { "type": "Polygon", "coordinates": [ [ [ 69.3004758, 41.3415311 ], [ 69.3008888, 41.340787 ], [ 69.3010086, 41.3407643 ], [ 69.3015217, 41.3402804 ], [ 69.3043416, 41.3417636 ], [ 69.3044241, 41.3419581 ], [ 69.3039811, 41.3426436 ], [ 69.3037495, 41.3426765 ], [ 69.3004758, 41.3415311 ] ] ] } },
{ "type": "Feature", "properties": { "osm_id": "w173224155", "kind": "industrial" }, "geometry": { "type": "Polygon", "coordinates": [ [ [ 69.205774, 41.3383358 ], [ 69.2048008, 41.338899 ], [ 69.2048478, 41.3389606 ], [ 69.2046242, 41.339175 ], [ 69.20451, 41.339617 ], [ 69.2041052, 41.3396011 ], [ 69.2041388, 41.3398738 ], [ 69.2042344, 41.3399186 ], [ 69.2044539, 41.3398028 ], [ 69.2046747, 41.3400308 ], [ 69.2047511, 41.3401106 ], [ 69.2065604, 41.3390733 ], [ 69.205774, 41.3383358 ] ] ] } },
{ "type": "Feature", "properties": { "osm_id": "w174942891", "kind": "industrial" }, "geometry": { "type": "Polygon", "coordinates": [ [ [ 69.1923659, 41.2383099 ], [ 69.1918187, 41.2380607 ], [ 69.1924182, 41.2375763 ], [ 69.1926739, 41.2373665 ], [ 69.1913655, 41.2364936 ], [ 69.1917528, 41.236032 ], [ 69.1915228, 41.2357635 ], [ 69.1925971, 41.2348636 ], [ 69.1940726, 41.2358147 ], [ 69.1952693, 41.2362595 ], [ 69.1950443, 41.2369125 ], [ 69.1945875, 41.2368107 ], [ 69.194533, 41.2368495 ], [ 69.1943192, 41.2369207 ], [ 69.1941329, 41.2370264 ], [ 69.193571, 41.2375288 ], [ 69.1928476, 41.2385267 ], [ 69.1923659, 41.2383099 ] ] ] } },
{ "type": "Feature", "properties": { "osm_id": "w175084366", "kind": "industrial" }, "geometry": { "type": "Polygon", "coordinates": [ [ [ 69.1900917, 41.2343186 ], [ 69.1895165, 41.234825 ], [ 69.1897729, 41.2349783 ], [ 69.1898558, 41.2350625 ], [ 69.1894162, 41.2355161 ], [ 69.189401, 41.2355322 ], [ 69.1883943, 41.2348166 ], [ 69.1885009, 41.2347105 ], [ 69.1883191, 41.2345849 ], [ 69.1883357, 41.2345758 ], [ 69.1883506, 41.2345552 ], [ 69.1886464, 41.2342753 ], [ 69.1893316, 41.23368 ], [ 69.18938, 41.2337146 ], [ 69.1894068, 41.2338305 ], [ 69.1894743, 41.2339164 ], [ 69.1895143, 41.2340874 ], [ 69.1901329, 41.2342338 ], [ 69.1900917, 41.2343186 ] ] ] } },
{ "type": "Feature", "properties": { "osm_id": "w175815698", "kind": "industrial" }, "geometry": { "type": "Polygon", "coordinates": [ [ [ 69.1967313, 41.3007797 ], [ 69.1974924, 41.3003721 ], [ 69.1971248, 41.2992959 ], [ 69.1992859, 41.2995819 ], [ 69.1993372, 41.3002102 ], [ 69.2004221, 41.3002924 ], [ 69.2007316, 41.3011719 ], [ 69.2003412, 41.3013603 ], [ 69.1993284, 41.3018753 ], [ 69.1983066, 41.3023302 ], [ 69.1975322, 41.3025218 ], [ 69.1967313, 41.3007797 ] ] ] } },
{ "type": "Feature", "properties": { "osm_id": "w175835726", "kind": "industrial" }, "geometry": { "type": "Polygon", "coordinates": [ [ [ 69.2354765, 41.2677233 ], [ 69.2355337, 41.2676805 ], [ 69.2365082, 41.2669496 ], [ 69.2368814, 41.2673211 ], [ 69.2369335, 41.2673462 ], [ 69.2378789, 41.2674257 ], [ 69.2376674, 41.2683738 ], [ 69.2368984, 41.2688082 ], [ 69.2368046, 41.2687552 ], [ 69.23614, 41.2682806 ], [ 69.2361214, 41.2682975 ], [ 69.2359429, 41.2681865 ], [ 69.2354765, 41.2677233 ] ] ] } },
{ "type": "Feature", "properties": { "osm_id": "w176325079", "kind": "industrial" }, "geometry": { "type": "Polygon", "coordinates": [ [ [ 69.3627183, 41.38938 ], [ 69.3608063, 41.3879091 ], [ 69.3609469, 41.3870821 ], [ 69.3610754, 41.3870094 ], [ 69.3613479, 41.38682 ], [ 69.3619546, 41.3865012 ], [ 69.3633983, 41.3858759 ], [ 69.3635151, 41.3858631 ], [ 69.3640106, 41.3866365 ], [ 69.3649263, 41.3880241 ], [ 69.3635797, 41.3891839 ], [ 69.3627183, 41.38938 ] ] ] } },
{ "type": "Feature", "properties": { "osm_id": "w176536923", "kind": "industrial" }, "geometry": { "type": "Polygon", "coordinates": [ [ [ 69.2405379, 41.2710692 ], [ 69.2396057, 41.2716487 ], [ 69.2359702, 41.2686282 ], [ 69.2361168, 41.268532 ], [ 69.2371386, 41.2691478 ], [ 69.2379791, 41.2696544 ], [ 69.2391211, 41.2703706 ], [ 69.2405407, 41.2709671 ], [ 69.2405379, 41.2710692 ] ] ] } },
{ "type": "Feature", "properties": { "osm_id": "w177269775", "kind": "industrial" }, "geometry": { "type": "Polygon", "coordinates": [ [ [ 69.2781837, 41.2706405 ], [ 69.2783664, 41.2705165 ], [ 69.2800927, 41.2710281 ], [ 69.2813335, 41.2713779 ], [ 69.2824509, 41.2715464 ], [ 69.2826033, 41.2721738 ], [ 69.2823242, 41.2721402 ], [ 69.2822549, 41.2724367 ], [ 69.2806678, 41.2721112 ], [ 69.279673, 41.2719481 ], [ 69.2795088, 41.2719031 ], [ 69.2794512, 41.2718716 ], [ 69.2794016, 41.2718341 ], [ 69.2792955, 41.2717431 ], [ 69.2781837, 41.2706405 ] ] ] } },
{ "type": "Feature", "properties": { "osm_id": "w177636767", "kind": "industrial" }, "geometry": { "type": "Polygon", "coordinates": [ [ [ 69.30213, 41.2761357 ], [ 69.3026558, 41.2755396 ], [ 69.3026092, 41.2752185 ], [ 69.3022982, 41.2749704 ], [ 69.3021673, 41.2750811 ], [ 69.3018117, 41.2747786 ], [ 69.302582, 41.2738117 ], [ 69.3028181, 41.2740741 ], [ 69.3029978, 41.2741147 ], [ 69.3031921, 41.2741055 ], [ 69.3033999, 41.2741002 ], [ 69.3034827, 41.2741483 ], [ 69.303672, 41.2744973 ], [ 69.3037843, 41.2745926 ], [ 69.304231, 41.2748869 ], [ 69.3047782, 41.2752296 ], [ 69.3047803, 41.2752464 ], [ 69.3048482, 41.2754433 ], [ 69.3049299, 41.2755521 ], [ 69.3050287, 41.2756351 ], [ 69.3051874, 41.2756961 ], [ 69.3058474, 41.2758418 ], [ 69.305982, 41.2758555 ], [ 69.3060816, 41.2758991 ], [ 69.3063126, 41.2761474 ], [ 69.306555, 41.2762928 ], [ 69.3067185, 41.2764206 ], [ 69.3068189, 41.2766544 ], [ 69.306807, 41.2767514 ], [ 69.3068734, 41.2768324 ], [ 69.3071638, 41.2770314 ], [ 69.3073207, 41.2771836 ], [ 69.3074357, 41.2774142 ], [ 69.3061193, 41.2781439 ], [ 69.305775, 41.2781902 ], [ 69.3053948, 41.2783952 ], [ 69.3049121, 41.2779012 ], [ 69.3047284, 41.278009 ], [ 69.3040177, 41.2775082 ], [ 69.3039252, 41.2774363 ], [ 69.30213, 41.2761357 ] ] ] } },
{ "type": "Feature", "properties": { "osm_id": "w177869264", "kind": "railway" }, "geometry": { "type": "Polygon", "coordinates": [ [ [ 69.3108709, 41.2688127 ], [ 69.3112081, 41.2689244 ], [ 69.3114412, 41.2690056 ], [ 69.3125207, 41.2693835 ], [ 69.312645, 41.2691734 ], [ 69.312562, 41.2691373 ], [ 69.3125728, 41.2691192 ], [ 69.3121517, 41.2689841 ], [ 69.3120766, 41.2689486 ], [ 69.3114221, 41.2686384 ], [ 69.3097193, 41.2679952 ], [ 69.3067679, 41.2669593 ], [ 69.3049959, 41.2654741 ], [ 69.3061005, 41.2642278 ], [ 69.3055017, 41.2639364 ], [ 69.3053382, 41.2641358 ], [ 69.3048741, 41.2647765 ], [ 69.3043529, 41.2648568 ], [ 69.3033101, 41.265228 ], [ 69.3031026, 41.2653365 ], [ 69.3029731, 41.2652824 ], [ 69.3028796, 41.2653527 ], [ 69.3023101, 41.2653684 ], [ 69.3019086, 41.2654176 ], [ 69.3011388, 41.2653567 ], [ 69.3002694, 41.2651293 ], [ 69.298842, 41.2646789 ], [ 69.2985565, 41.2646164 ], [ 69.2984022, 41.264583 ], [ 69.2983506, 41.2647041 ], [ 69.2983717, 41.2647112 ], [ 69.3010449, 41.2656068 ], [ 69.3011886, 41.2656549 ], [ 69.3025719, 41.2661528 ], [ 69.3053039, 41.2670351 ], [ 69.3071014, 41.2676358 ], [ 69.3084229, 41.2680635 ], [ 69.3108709, 41.2688127 ] ] ] } },
{ "type": "Feature", "properties": { "osm_id": "w178442485", "kind": "industrial" }, "geometry": { "type": "Polygon", "coordinates": [ [ [ 69.3376417, 41.2635803 ], [ 69.3436779, 41.2656345 ], [ 69.3439561, 41.2657863 ], [ 69.3437484, 41.266005 ], [ 69.3442779, 41.2662971 ], [ 69.3451855, 41.264953 ], [ 69.3456845, 41.2648535 ], [ 69.3470885, 41.2632296 ], [ 69.3467687, 41.2630577 ], [ 69.3470013, 41.2627633 ], [ 69.3468189, 41.2626746 ], [ 69.3472678, 41.2621655 ], [ 69.3469728, 41.2620494 ], [ 69.3469838, 41.2617666 ], [ 69.3403756, 41.2592171 ], [ 69.3376417, 41.2635803 ] ] ] } },
{ "type": "Feature", "properties": { "osm_id": "w178446774", "kind": "industrial" }, "geometry": { "type": "Polygon", "coordinates": [ [ [ 69.3228737, 41.2525811 ], [ 69.323601, 41.251304 ], [ 69.3271213, 41.2523649 ], [ 69.3270537, 41.2525099 ], [ 69.3270814, 41.2525176 ], [ 69.3269578, 41.2527995 ], [ 69.3268955, 41.2530022 ], [ 69.3268137, 41.2529941 ], [ 69.3265808, 41.2535761 ], [ 69.3267627, 41.2536475 ], [ 69.326807, 41.2537074 ], [ 69.326811, 41.2537826 ], [ 69.3267083, 41.2539664 ], [ 69.3261192, 41.2537521 ], [ 69.3259683, 41.2536937 ], [ 69.3251074, 41.253382 ], [ 69.3228737, 41.2525811 ] ] ] } },
{ "type": "Feature", "properties": { "osm_id": "w178607725", "kind": "industrial" }, "geometry": { "type": "Polygon", "coordinates": [ [ [ 69.3345282, 41.2539255 ], [ 69.3350052, 41.254015 ], [ 69.336707, 41.2546093 ], [ 69.3399143, 41.2559942 ], [ 69.3393745, 41.2568602 ], [ 69.3391542, 41.2567876 ], [ 69.3389146, 41.257009 ], [ 69.3391319, 41.2576454 ], [ 69.3392905, 41.25811 ], [ 69.33915, 41.258142 ], [ 69.3389852, 41.257733 ], [ 69.3389397, 41.257637 ], [ 69.3388664, 41.2575489 ], [ 69.338723, 41.2574436 ], [ 69.3386171, 41.2573683 ], [ 69.3383151, 41.2577768 ], [ 69.3377012, 41.2575067 ], [ 69.3377081, 41.2574741 ], [ 69.335636, 41.2565694 ], [ 69.3352851, 41.257019 ], [ 69.3346902, 41.2568425 ], [ 69.3321782, 41.2558109 ], [ 69.3332547, 41.2543839 ], [ 69.3338322, 41.2545781 ], [ 69.3336848, 41.2548625 ], [ 69.3339952, 41.2549564 ], [ 69.3345282, 41.2539255 ] ] ] } },
{ "type": "Feature", "properties": { "osm_id": "w178608692", "kind": "industrial" }, "geometry": { "type": "Polygon", "coordinates": [ [ [ 69.3329383, 41.2477063 ], [ 69.3345467, 41.2485983 ], [ 69.3348933, 41.2483621 ], [ 69.3359609, 41.2489119 ], [ 69.3360037, 41.2488687 ], [ 69.3363144, 41.2488893 ], [ 69.3366402, 41.2490787 ], [ 69.3369661, 41.2488077 ], [ 69.3370516, 41.2488146 ], [ 69.3374234, 41.2490146 ], [ 69.3384408, 41.2479841 ], [ 69.3374412, 41.2474194 ], [ 69.3372333, 41.2473933 ], [ 69.3362921, 41.2481604 ], [ 69.3362339, 41.2481329 ], [ 69.3358715, 41.2479376 ], [ 69.335594, 41.2477378 ], [ 69.3351322, 41.2475307 ], [ 69.3347238, 41.2474171 ], [ 69.3341599, 41.2473605 ], [ 69.3335687, 41.2474 ], [ 69.3328736, 41.2476469 ], [ 69.3329383, 41.2477063 ] ] ] } },
{ "type": "Feature", "properties": { "osm_id": "w178619968", "kind": "industrial" }, "geometry": { "type": "Polygon", "coordinates": [ [ [ 69.3364706, 41.2447556 ], [ 69.3375045, 41.24357 ], [ 69.3383512, 41.2441113 ], [ 69.338663, 41.2442809 ], [ 69.3384917, 41.2444235 ], [ 69.3377561, 41.2449531 ], [ 69.3380046, 41.2451822 ], [ 69.3375177, 41.2454922 ], [ 69.3369242, 41.2450598 ], [ 69.3364706, 41.2447556 ] ] ] } },
{ "type": "Feature", "properties": { "osm_id": "w178621199", "kind": "industrial" }, "geometry": { "type": "Polygon", "coordinates": [ [ [ 69.3276082, 41.2629549 ], [ 69.327246, 41.2635994 ], [ 69.3257462, 41.2663732 ], [ 69.3261136, 41.2664549 ], [ 69.3264435, 41.2659367 ], [ 69.3270336, 41.2661504 ], [ 69.3271784, 41.2659337 ], [ 69.3273179, 41.265973 ], [ 69.3274238, 41.2658359 ], [ 69.3278893, 41.2660083 ], [ 69.3281429, 41.26734 ], [ 69.3282742, 41.2680466 ], [ 69.3283518, 41.2686827 ], [ 69.3290989, 41.2690193 ], [ 69.3293201, 41.2700164 ], [ 69.3287553, 41.2705811 ], [ 69.337499, 41.2761568 ], [ 69.3409481, 41.2689343 ], [ 69.3420534, 41.2675288 ], [ 69.3411914, 41.2674765 ], [ 69.3387828, 41.2664851 ], [ 69.3386409, 41.2664569 ], [ 69.3384789, 41.2664888 ], [ 69.338311, 41.2665678 ], [ 69.3381884, 41.2667398 ], [ 69.337497, 41.2665512 ], [ 69.3353257, 41.2659267 ], [ 69.332268, 41.2646283 ], [ 69.3276082, 41.2629549 ] ] ] } },
{ "type": "Feature", "properties": { "osm_id": "w178621200", "kind": "industrial" }, "geometry": { "type": "Polygon", "coordinates": [ [ [ 69.3391066, 41.2664547 ], [ 69.3399399, 41.2650931 ], [ 69.3408278, 41.265206 ], [ 69.3409437, 41.2648825 ], [ 69.3435207, 41.2657505 ], [ 69.3420952, 41.2674205 ], [ 69.3413284, 41.267391 ], [ 69.3391066, 41.2664547 ] ] ] } },
{ "type": "Feature", "properties": { "osm_id": "w178621201", "kind": "industrial" }, "geometry": { "type": "Polygon", "coordinates": [ [ [ 69.3311443, 41.2784499 ], [ 69.3312182, 41.2783845 ], [ 69.3317243, 41.2779362 ], [ 69.3351552, 41.2748974 ], [ 69.3373836, 41.276325 ], [ 69.3369471, 41.2772804 ], [ 69.3366839, 41.2777389 ], [ 69.3364924, 41.278006 ], [ 69.3362188, 41.2782963 ], [ 69.3358401, 41.2785764 ], [ 69.3354651, 41.2787841 ], [ 69.3350948, 41.2789304 ], [ 69.3345559, 41.2791046 ], [ 69.3338838, 41.2792225 ], [ 69.3332952, 41.2792336 ], [ 69.3327051, 41.2791671 ], [ 69.3322518, 41.2790582 ], [ 69.3317189, 41.2788799 ], [ 69.3311443, 41.2784499 ] ] ] } },
{ "type": "Feature", "properties": { "osm_id": "w179920235", "kind": "industrial" }, "geometry": { "type": "Polygon", "coordinates": [ [ [ 69.3203282, 41.3262556 ], [ 69.3170462, 41.3257762 ], [ 69.3168623, 41.3262544 ], [ 69.3167387, 41.326487 ], [ 69.3166193, 41.3264628 ], [ 69.3162219, 41.3271533 ], [ 69.3162296, 41.3272367 ], [ 69.317636, 41.3303393 ], [ 69.3205616, 41.3297277 ], [ 69.3201976, 41.3293922 ], [ 69.3199461, 41.3290994 ], [ 69.3199781, 41.3287826 ], [ 69.3201688, 41.3287568 ], [ 69.320431, 41.3286041 ], [ 69.3212875, 41.3283602 ], [ 69.3205154, 41.3264815 ], [ 69.3203282, 41.3262556 ] ] ] } },
{ "type": "Feature", "properties": { "osm_id": "w180426406", "kind": "industrial" }, "geometry": { "type": "Polygon", "coordinates": [ [ [ 69.2302159, 41.2632655 ], [ 69.2306708, 41.26369 ], [ 69.2314697, 41.2641146 ], [ 69.2324434, 41.2633848 ], [ 69.2323701, 41.2633543 ], [ 69.232312, 41.2633303 ], [ 69.2321904, 41.2632703 ], [ 69.2320739, 41.263129 ], [ 69.2314974, 41.2628476 ], [ 69.2316601, 41.262648 ], [ 69.2305374, 41.2620858 ], [ 69.2298099, 41.262871 ], [ 69.2302159, 41.2632655 ] ] ] } },
{ "type": "Feature", "properties": { "osm_id": "w180659839", "kind": "industrial" }, "geometry": { "type": "Polygon", "coordinates": [ [ [ 69.3280524, 41.3524901 ], [ 69.3284002, 41.3518373 ], [ 69.3290033, 41.3521775 ], [ 69.3292442, 41.3519523 ], [ 69.3314531, 41.353312 ], [ 69.3301917, 41.3542239 ], [ 69.3280524, 41.3524901 ] ] ] } },
{ "type": "Feature", "properties": { "osm_id": "w180798633", "kind": "military" }, "geometry": { "type": "Polygon", "coordinates": [ [ [ 69.2690499, 41.2870671 ], [ 69.2694124, 41.2865768 ], [ 69.2701375, 41.2869037 ], [ 69.2697856, 41.2873812 ], [ 69.2690499, 41.2870671 ] ] ] } },
{ "type": "Feature", "properties": { "osm_id": "w180918814", "kind": "industrial" }, "geometry": { "type": "Polygon", "coordinates": [ [ [ 69.2648383, 41.2782656 ], [ 69.2646085, 41.2781826 ], [ 69.2629913, 41.2774986 ], [ 69.2619582, 41.2787653 ], [ 69.2633269, 41.279419 ], [ 69.2633617, 41.2793716 ], [ 69.2637176, 41.2793708 ], [ 69.2638662, 41.2794568 ], [ 69.2645586, 41.2786798 ], [ 69.2648167, 41.2783421 ], [ 69.2648383, 41.2782656 ] ] ] } },
{ "type": "Feature", "properties": { "osm_id": "w181638083", "kind": "industrial" }, "geometry": { "type": "Polygon", "coordinates": [ [ [ 69.2701057, 41.3272838 ], [ 69.2701477, 41.3271567 ], [ 69.2705122, 41.3272246 ], [ 69.2704701, 41.3273518 ], [ 69.2701057, 41.3272838 ] ] ] } },
{ "type": "Feature", "properties": { "osm_id": "w182241825", "kind": "industrial" }, "geometry": { "type": "Polygon", "coordinates": [ [ [ 69.2451624, 41.272302 ], [ 69.2446452, 41.2722654 ], [ 69.2443958, 41.2725453 ], [ 69.244366, 41.2726986 ], [ 69.2437457, 41.2726221 ], [ 69.2436009, 41.2729225 ], [ 69.2429132, 41.2727221 ], [ 69.2428377, 41.2726994 ], [ 69.2429274, 41.2723255 ], [ 69.2428362, 41.2723164 ], [ 69.2422056, 41.2722358 ], [ 69.2425364, 41.270577 ], [ 69.242481, 41.2705336 ], [ 69.2420803, 41.2696569 ], [ 69.2420428, 41.2695892 ], [ 69.2420943, 41.2693421 ], [ 69.2432159, 41.2694745 ], [ 69.2433225, 41.2697288 ], [ 69.2444081, 41.2697804 ], [ 69.2443295, 41.2702483 ], [ 69.2446145, 41.2702508 ], [ 69.2445659, 41.2706875 ], [ 69.245327, 41.2707259 ], [ 69.2451624, 41.272302 ] ] ] } },
{ "type": "Feature", "properties": { "osm_id": "w186662368", "kind": "cemetery" }, "geometry": { "type": "Polygon", "coordinates": [ [ [ 69.2078197, 41.3927737 ], [ 69.2080259, 41.3924705 ], [ 69.2083579, 41.392545 ], [ 69.2084056, 41.392415 ], [ 69.2091801, 41.392562 ], [ 69.2092778, 41.3922374 ], [ 69.2094593, 41.3922108 ], [ 69.2100659, 41.3918604 ], [ 69.2106031, 41.3920258 ], [ 69.210551, 41.3933998 ], [ 69.2090083, 41.3932006 ], [ 69.2079426, 41.3929263 ], [ 69.2078197, 41.3927737 ] ] ] } },
{ "type": "Feature", "properties": { "osm_id": "w187151937", "kind": "cemetery" }, "geometry": { "type": "Polygon", "coordinates": [ [ [ 69.0929039, 41.1487689 ], [ 69.0930423, 41.1493753 ], [ 69.0930605, 41.1496993 ], [ 69.0931087, 41.1498286 ], [ 69.0934859, 41.149875 ], [ 69.0937334, 41.1500554 ], [ 69.0939243, 41.1500849 ], [ 69.0941918, 41.150202 ], [ 69.0943947, 41.1502667 ], [ 69.0947699, 41.1498408 ], [ 69.0948738, 41.1496832 ], [ 69.0946216, 41.1495777 ], [ 69.0944853, 41.1494938 ], [ 69.094233, 41.1494351 ], [ 69.0938337, 41.1491898 ], [ 69.093578, 41.1490821 ], [ 69.093441, 41.1489443 ], [ 69.0930303, 41.1487731 ], [ 69.0929039, 41.1487689 ] ] ] } },
{ "type": "Feature", "properties": { "osm_id": "w187151938", "kind": "cemetery" }, "geometry": { "type": "Polygon", "coordinates": [ [ [ 69.0938304, 41.1512558 ], [ 69.0947214, 41.1510139 ], [ 69.0948366, 41.1510458 ], [ 69.094879, 41.1513881 ], [ 69.0942244, 41.1518628 ], [ 69.0941456, 41.1517989 ], [ 69.0938607, 41.1513744 ], [ 69.0938304, 41.1512558 ] ] ] } },
{ "type": "Feature", "properties": { "osm_id": "w187477509", "kind": "military" }, "geometry": { "type": "Polygon", "coordinates": [ [ [ 69.0537178, 41.1481226 ], [ 69.0545626, 41.1475003 ], [ 69.0561908, 41.1463008 ], [ 69.0562382, 41.1462538 ], [ 69.0573158, 41.1451854 ], [ 69.057312, 41.1450687 ], [ 69.0578109, 41.1446647 ], [ 69.0579166, 41.1440745 ], [ 69.0577323, 41.1436485 ], [ 69.0589036, 41.1421758 ], [ 69.0588017, 41.1421395 ], [ 69.0586086, 41.1421677 ], [ 69.0584745, 41.1423051 ], [ 69.0583732, 41.142229 ], [ 69.0580582, 41.1419924 ], [ 69.0566975, 41.1409221 ], [ 69.058684, 41.1393826 ], [ 69.0584111, 41.1389781 ], [ 69.0580856, 41.1384956 ], [ 69.058018, 41.138455 ], [ 69.0564119, 41.1374905 ], [ 69.0561603, 41.1373822 ], [ 69.0559315, 41.1373767 ], [ 69.0540497, 41.13761 ], [ 69.0502884, 41.1380763 ], [ 69.0491229, 41.1389905 ], [ 69.0480246, 41.140774 ], [ 69.0480569, 41.1413361 ], [ 69.0481061, 41.142192 ], [ 69.0466368, 41.1423459 ], [ 69.044491, 41.1413359 ], [ 69.0444539, 41.1414278 ], [ 69.0441906, 41.1420793 ], [ 69.0433323, 41.1419177 ], [ 69.0423598, 41.1417597 ], [ 69.0422739, 41.1417607 ], [ 69.0410187, 41.1417759 ], [ 69.0411007, 41.143065 ], [ 69.0417874, 41.1431296 ], [ 69.0418161, 41.1436109 ], [ 69.0418303, 41.1438487 ], [ 69.0416844, 41.1446971 ], [ 69.0416372, 41.1449717 ], [ 69.0414441, 41.1453353 ], [ 69.0417268, 41.1456621 ], [ 69.0416908, 41.1458685 ], [ 69.0413298, 41.1460742 ], [ 69.0413904, 41.1464341 ], [ 69.0420341, 41.1466765 ], [ 69.0423453, 41.1466441 ], [ 69.0430679, 41.1462357 ], [ 69.0440512, 41.1465553 ], [ 69.0440297, 41.1468703 ], [ 69.0436542, 41.1471693 ], [ 69.0444267, 41.1476459 ], [ 69.0450597, 41.1481468 ], [ 69.0457892, 41.1478641 ], [ 69.0465188, 41.1482842 ], [ 69.0460046, 41.1488153 ], [ 69.0468534, 41.1493678 ], [ 69.0471631, 41.1491752 ], [ 69.0472736, 41.1487079 ], [ 69.0477419, 41.1485508 ], [ 69.0479672, 41.1485508 ], [ 69.0482139, 41.1488578 ], [ 69.0484071, 41.1488659 ], [ 69.049076, 41.1484332 ], [ 69.0494048, 41.1484134 ], [ 69.0496554, 41.1483605 ], [ 69.0499091, 41.1485346 ], [ 69.0500379, 41.1492213 ], [ 69.0502846, 41.1494233 ], [ 69.0506923, 41.1493425 ], [ 69.0525522, 41.1481343 ], [ 69.0532066, 41.1486271 ], [ 69.0537178, 41.1481226 ] ] ] } },
{ "type": "Feature", "properties": { "osm_id": "w187489198", "kind": "cemetery" }, "geometry": { "type": "Polygon", "coordinates": [ [ [ 69.0556736, 41.132698 ], [ 69.0560931, 41.1319816 ], [ 69.0566707, 41.1323585 ], [ 69.0570219, 41.1326165 ], [ 69.0571106, 41.1328963 ], [ 69.0569797, 41.1333494 ], [ 69.056945, 41.1337515 ], [ 69.0568518, 41.1339456 ], [ 69.0565341, 41.1338519 ], [ 69.0562775, 41.1335763 ], [ 69.0556736, 41.132698 ] ] ] } },
{ "type": "Feature", "properties": { "osm_id": "w187489202", "kind": "industrial" }, "geometry": { "type": "Polygon", "coordinates": [ [ [ 69.0670336, 41.1287863 ], [ 69.0675352, 41.128401 ], [ 69.0682194, 41.12902 ], [ 69.0680271, 41.1292658 ], [ 69.0678605, 41.1291762 ], [ 69.0675631, 41.1293196 ], [ 69.0670336, 41.1287863 ] ] ] } },
{ "type": "Feature", "properties": { "osm_id": "w187621932", "kind": "cemetery" }, "geometry": { "type": "Polygon", "coordinates": [ [ [ 69.5378199, 41.4507358 ], [ 69.538581, 41.450153 ], [ 69.5386319, 41.4500437 ], [ 69.539009, 41.4497002 ], [ 69.5377484, 41.4485382 ], [ 69.5373766, 41.4487642 ], [ 69.5361321, 41.447767 ], [ 69.5346257, 41.4490541 ], [ 69.5353417, 41.4491918 ], [ 69.5366129, 41.4499303 ], [ 69.5378199, 41.4507358 ] ] ] } },
{ "type": "Feature", "properties": { "osm_id": "w187622116", "kind": "cemetery" }, "geometry": { "type": "Polygon", "coordinates": [ [ [ 69.5247354, 41.442437 ], [ 69.5243507, 41.4422471 ], [ 69.5238342, 41.4421072 ], [ 69.5233798, 41.4421547 ], [ 69.5229919, 41.442449 ], [ 69.5238894, 41.4435179 ], [ 69.5248749, 41.4427064 ], [ 69.5246442, 41.4425576 ], [ 69.5247354, 41.442437 ] ] ] } },
{ "type": "Feature", "properties": { "osm_id": "w187648984", "kind": "cemetery" }, "geometry": { "type": "Polygon", "coordinates": [ [ [ 69.1437205, 41.2034748 ], [ 69.1440534, 41.2034956 ], [ 69.1444954, 41.2035106 ], [ 69.1448597, 41.2037862 ], [ 69.145126, 41.2037763 ], [ 69.1454433, 41.2039832 ], [ 69.1455957, 41.2042788 ], [ 69.1454919, 41.2043628 ], [ 69.1457191, 41.2045272 ], [ 69.145428, 41.2047711 ], [ 69.1449895, 41.2044257 ], [ 69.1448798, 41.2043154 ], [ 69.1445534, 41.2041202 ], [ 69.1446971, 41.2039715 ], [ 69.1443828, 41.203779 ], [ 69.1437205, 41.2034748 ] ] ] } },
{ "type": "Feature", "properties": { "osm_id": "w187957087", "kind": "military" }, "geometry": { "type": "Polygon", "coordinates": [ [ [ 69.4239173, 41.4432821 ], [ 69.4236569, 41.4433224 ], [ 69.4235604, 41.4433717 ], [ 69.4208688, 41.4462458 ], [ 69.4208152, 41.4468127 ], [ 69.4226021, 41.4477042 ], [ 69.4234143, 41.4482784 ], [ 69.4239626, 41.4486578 ], [ 69.4244354, 41.4489062 ], [ 69.4246972, 41.4491756 ], [ 69.4247099, 41.4491985 ], [ 69.4248527, 41.449338 ], [ 69.4250143, 41.4494913 ], [ 69.4251489, 41.4494593 ], [ 69.4259561, 41.4499166 ], [ 69.4259724, 41.4501307 ], [ 69.4270822, 41.4508941 ], [ 69.4296627, 41.4512604 ], [ 69.4312938, 41.4512289 ], [ 69.4319989, 41.4513544 ], [ 69.4327175, 41.4496654 ], [ 69.4333384, 41.4477177 ], [ 69.4337347, 41.4451368 ], [ 69.4310245, 41.4432704 ], [ 69.4271774, 41.4429632 ], [ 69.4268847, 41.4434499 ], [ 69.4254475, 41.4434585 ], [ 69.4239173, 41.4432821 ] ] ] } },
{ "type": "Feature", "properties": { "osm_id": "w187983602", "kind": "industrial" }, "geometry": { "type": "Polygon", "coordinates": [ [ [ 69.0696149, 41.133651 ], [ 69.0706998, 41.1327125 ], [ 69.0712668, 41.1326124 ], [ 69.0716098, 41.1323593 ], [ 69.0722118, 41.1326704 ], [ 69.0724428, 41.1325333 ], [ 69.0732349, 41.1327279 ], [ 69.0762702, 41.1343494 ], [ 69.0746407, 41.135533 ], [ 69.0744374, 41.1362401 ], [ 69.0726229, 41.1362232 ], [ 69.0722388, 41.1357527 ], [ 69.0711968, 41.1350638 ], [ 69.0705878, 41.1343627 ], [ 69.0705318, 41.1341043 ], [ 69.0700349, 41.1337564 ], [ 69.0696149, 41.133651 ] ] ] } },
{ "type": "Feature", "properties": { "osm_id": "w188175757", "kind": "cemetery" }, "geometry": { "type": "Polygon", "coordinates": [ [ [ 69.1013487, 41.3162945 ], [ 69.1009355, 41.3164004 ], [ 69.1000932, 41.3165696 ], [ 69.0997982, 41.3176212 ], [ 69.0999913, 41.3179113 ], [ 69.1010266, 41.3188621 ], [ 69.1033655, 41.3190112 ], [ 69.1036928, 41.3190152 ], [ 69.1044282, 41.3189603 ], [ 69.1034373, 41.3179702 ], [ 69.1013487, 41.3162945 ] ] ] } },
{ "type": "Feature", "properties": { "osm_id": "w188183580", "kind": "cemetery" }, "geometry": { "type": "Polygon", "coordinates": [ [ [ 69.1586329, 41.3785816 ], [ 69.1595601, 41.3782014 ], [ 69.1604101, 41.3786299 ], [ 69.1600325, 41.3791436 ], [ 69.1586329, 41.3785816 ] ] ] } },
{ "type": "Feature", "properties": { "osm_id": "w188186517", "kind": "cemetery" }, "geometry": { "type": "Polygon", "coordinates": [ [ [ 69.1374241, 41.3420545 ], [ 69.1372977, 41.3416531 ], [ 69.1372919, 41.3415107 ], [ 69.1377001, 41.3415064 ], [ 69.1380565, 41.3412647 ], [ 69.1385279, 41.3413467 ], [ 69.1389658, 41.3416355 ], [ 69.139391, 41.3421034 ], [ 69.1393736, 41.3422368 ], [ 69.1391638, 41.3425492 ], [ 69.1389378, 41.3425104 ], [ 69.1383215, 41.3425929 ], [ 69.1380163, 41.3427451 ], [ 69.13787, 41.3427697 ], [ 69.1374241, 41.3420545 ] ] ] } },
{ "type": "Feature", "properties": { "osm_id": "w188313692", "kind": "cemetery" }, "geometry": { "type": "Polygon", "coordinates": [ [ [ 69.1751541, 41.4038684 ], [ 69.1753191, 41.4037235 ], [ 69.1755797, 41.4036002 ], [ 69.1757198, 41.4036101 ], [ 69.1765382, 41.4038057 ], [ 69.1763635, 41.4042686 ], [ 69.1764525, 41.4044676 ], [ 69.1762801, 41.4044856 ], [ 69.1759503, 41.4043821 ], [ 69.1757723, 41.4042644 ], [ 69.1750709, 41.4039734 ], [ 69.1751541, 41.4038684 ] ] ] } },
{ "type": "Feature", "properties": { "osm_id": "w188323978", "kind": "cemetery" }, "geometry": { "type": "Polygon", "coordinates": [ [ [ 69.1669613, 41.4007513 ], [ 69.167299, 41.4005977 ], [ 69.1674488, 41.4007508 ], [ 69.1677614, 41.4006385 ], [ 69.1677211, 41.4010084 ], [ 69.1673242, 41.4012063 ], [ 69.1669613, 41.4007513 ] ] ] } },
{ "type": "Feature", "properties": { "osm_id": "w188323982", "kind": "industrial" }, "geometry": { "type": "Polygon", "coordinates": [ [ [ 69.187319, 41.3941553 ], [ 69.1865983, 41.3926224 ], [ 69.1835861, 41.393418 ], [ 69.1837196, 41.3938314 ], [ 69.1831356, 41.3939577 ], [ 69.1843959, 41.3967153 ], [ 69.1861656, 41.4002397 ], [ 69.1896573, 41.3994726 ], [ 69.189618, 41.399375 ], [ 69.1895717, 41.3993599 ], [ 69.1895832, 41.3993198 ], [ 69.1895838, 41.3992918 ], [ 69.1884758, 41.3966781 ], [ 69.1877326, 41.3968011 ], [ 69.1870427, 41.3954896 ], [ 69.1869306, 41.3955099 ], [ 69.1864384, 41.3943564 ], [ 69.187319, 41.3941553 ] ] ] } },
{ "type": "Feature", "properties": { "osm_id": "w188442098", "kind": "cemetery" }, "geometry": { "type": "Polygon", "coordinates": [ [ [ 69.2415841, 41.4107223 ], [ 69.2422401, 41.4097326 ], [ 69.2431738, 41.409802 ], [ 69.2430002, 41.4102129 ], [ 69.2425063, 41.4107686 ], [ 69.2420279, 41.410893 ], [ 69.2415841, 41.4107223 ] ] ] } },
{ "type": "Feature", "properties": { "osm_id": "w188552426", "kind": "cemetery" }, "geometry": { "type": "Polygon", "coordinates": [ [ [ 69.165243, 41.460807 ], [ 69.1651232, 41.459742 ], [ 69.1648664, 41.4575539 ], [ 69.1649471, 41.4575069 ], [ 69.1658976, 41.4574665 ], [ 69.1659752, 41.4574652 ], [ 69.1660202, 41.457551 ], [ 69.1662383, 41.4593079 ], [ 69.1665862, 41.4605809 ], [ 69.165243, 41.460807 ] ] ] } },
{ "type": "Feature", "properties": { "osm_id": "w188562670", "kind": "cemetery" }, "geometry": { "type": "Polygon", "coordinates": [ [ [ 69.4190401, 41.4150439 ], [ 69.4185034, 41.4144317 ], [ 69.4198106, 41.4141961 ], [ 69.4204391, 41.4143657 ], [ 69.4203763, 41.4146344 ], [ 69.4209534, 41.4147239 ], [ 69.4205379, 41.4160771 ], [ 69.4200835, 41.415825 ], [ 69.4194881, 41.4155092 ], [ 69.4190401, 41.4150439 ] ] ] } },
{ "type": "Feature", "properties": { "osm_id": "w189084786", "kind": "cemetery" }, "geometry": { "type": "Polygon", "coordinates": [ [ [ 69.4199873, 41.2546239 ], [ 69.4222866, 41.2544806 ], [ 69.422231, 41.254276 ], [ 69.4225704, 41.2540581 ], [ 69.4225996, 41.2540437 ], [ 69.4228778, 41.2539067 ], [ 69.4231764, 41.2538511 ], [ 69.423239, 41.2537357 ], [ 69.4224214, 41.2532599 ], [ 69.4223282, 41.2531879 ], [ 69.4222225, 41.2530024 ], [ 69.4221591, 41.2529683 ], [ 69.4220544, 41.2529478 ], [ 69.4217057, 41.2529519 ], [ 69.42122, 41.252964 ], [ 69.4207279, 41.2529955 ], [ 69.4202694, 41.2539936 ], [ 69.4199873, 41.2546239 ] ] ] } },
{ "type": "Feature", "properties": { "osm_id": "w189181010", "kind": "industrial" }, "geometry": { "type": "Polygon", "coordinates": [ [ [ 69.4132107, 41.2553627 ], [ 69.4134892, 41.2554952 ], [ 69.4135809, 41.2553829 ], [ 69.4137257, 41.2554555 ], [ 69.4134817, 41.2557786 ], [ 69.4131352, 41.2555574 ], [ 69.4130728, 41.2555176 ], [ 69.4132107, 41.2553627 ] ] ] } },
{ "type": "Feature", "properties": { "osm_id": "w189479080", "kind": "cemetery" }, "geometry": { "type": "Polygon", "coordinates": [ [ [ 69.2623013, 41.4437061 ], [ 69.2623481, 41.4434831 ], [ 69.2626754, 41.4430497 ], [ 69.262939, 41.4426641 ], [ 69.2633853, 41.4426323 ], [ 69.2635808, 41.443397 ], [ 69.2631983, 41.4434576 ], [ 69.2630962, 41.4435691 ], [ 69.2623013, 41.4437061 ] ] ] } },
{ "type": "Feature", "properties": { "osm_id": "w189504741", "kind": "cemetery" }, "geometry": { "type": "Polygon", "coordinates": [ [ [ 69.3460472, 41.4380008 ], [ 69.347214, 41.4383625 ], [ 69.3478145, 41.4386341 ], [ 69.3482672, 41.4388886 ], [ 69.3480152, 41.439287 ], [ 69.3478621, 41.4395343 ], [ 69.3474028, 41.4393628 ], [ 69.3468815, 41.4391047 ], [ 69.3465923, 41.4391226 ], [ 69.3463172, 41.4390741 ], [ 69.3460845, 41.4389189 ], [ 69.3458384, 41.4387685 ], [ 69.3459547, 41.4386868 ], [ 69.345797, 41.4382602 ], [ 69.3459758, 41.4382458 ], [ 69.3460472, 41.4380008 ] ] ] } },
{ "type": "Feature", "properties": { "osm_id": "w189646456", "kind": "industrial" }, "geometry": { "type": "Polygon", "coordinates": [ [ [ 69.3619265, 41.4047989 ], [ 69.3622631, 41.4049311 ], [ 69.3618392, 41.4055262 ], [ 69.3615914, 41.405435 ], [ 69.3614029, 41.4053711 ], [ 69.3614709, 41.4051607 ], [ 69.3616663, 41.4048356 ], [ 69.3619265, 41.4047989 ] ] ] } },
{ "type": "Feature", "properties": { "osm_id": "w189646487", "kind": "cemetery" }, "geometry": { "type": "Polygon", "coordinates": [ [ [ 69.3696508, 41.3980298 ], [ 69.3699681, 41.3977833 ], [ 69.3702457, 41.3977621 ], [ 69.3704554, 41.3978301 ], [ 69.3704894, 41.3980171 ], [ 69.3703704, 41.3982849 ], [ 69.3703761, 41.3987354 ], [ 69.3703024, 41.3989947 ], [ 69.3701948, 41.3989947 ], [ 69.3700984, 41.3988247 ], [ 69.3697585, 41.3984166 ], [ 69.3696508, 41.3980298 ] ] ] } },
{ "type": "Feature", "properties": { "osm_id": "w189646488", "kind": "industrial" }, "geometry": { "type": "Polygon", "coordinates": [ [ [ 69.3625547, 41.4088555 ], [ 69.3636405, 41.4091981 ], [ 69.3632318, 41.4098922 ], [ 69.3621741, 41.4095527 ], [ 69.3625547, 41.4088555 ] ] ] } },
{ "type": "Feature", "properties": { "osm_id": "w189646491", "kind": "industrial" }, "geometry": { "type": "Polygon", "coordinates": [ [ [ 69.3641251, 41.4062892 ], [ 69.362887, 41.4063583 ], [ 69.3629191, 41.4072268 ], [ 69.3630794, 41.4073681 ], [ 69.3636964, 41.4075424 ], [ 69.3643695, 41.4075243 ], [ 69.3646059, 41.4071186 ], [ 69.3645578, 41.4062832 ], [ 69.3641692, 41.4062886 ], [ 69.3641251, 41.4062892 ] ] ] } },
{ "type": "Feature", "properties": { "osm_id": "w189733759", "kind": "industrial" }, "geometry": { "type": "Polygon", "coordinates": [ [ [ 69.263786, 41.3719411 ], [ 69.2612309, 41.3709456 ], [ 69.2605014, 41.3718743 ], [ 69.259654, 41.3726686 ], [ 69.2619303, 41.373596 ], [ 69.263786, 41.3719411 ] ] ] } },
{ "type": "Feature", "properties": { "osm_id": "w189804734", "kind": "industrial" }, "geometry": { "type": "Polygon", "coordinates": [ [ [ 69.1869795, 41.2519055 ], [ 69.1875618, 41.251427 ], [ 69.1878005, 41.2512008 ], [ 69.1894296, 41.252125 ], [ 69.1890226, 41.2524761 ], [ 69.188582, 41.2522077 ], [ 69.1881282, 41.252637 ], [ 69.1880268, 41.2525888 ], [ 69.18789, 41.2527017 ], [ 69.1869225, 41.2520601 ], [ 69.1868438, 41.2520079 ], [ 69.1869795, 41.2519055 ] ] ] } },
{ "type": "Feature", "properties": { "osm_id": "w189804750", "kind": "garages" }, "geometry": { "type": "Polygon", "coordinates": [ [ [ 69.1551973, 41.2617653 ], [ 69.1554452, 41.2610465 ], [ 69.1559906, 41.2612701 ], [ 69.155771, 41.2618877 ], [ 69.1551973, 41.2617653 ] ] ] } },
{ "type": "Feature", "properties": { "osm_id": "w189893479", "kind": "garages" }, "geometry": { "type": "Polygon", "coordinates": [ [ [ 69.224079, 41.2134873 ], [ 69.2246722, 41.212763 ], [ 69.2249131, 41.2128427 ], [ 69.225243, 41.2129837 ], [ 69.2253701, 41.213054 ], [ 69.2249243, 41.2137236 ], [ 69.224723, 41.2138977 ], [ 69.2246738, 41.2139347 ], [ 69.224079, 41.2134873 ] ] ] } },
{ "type": "Feature", "properties": { "osm_id": "w189907218", "kind": "garages" }, "geometry": { "type": "Polygon", "coordinates": [ [ [ 69.2136643, 41.2077531 ], [ 69.2142622, 41.2069434 ], [ 69.2146928, 41.2071233 ], [ 69.2140949, 41.2079331 ], [ 69.2136643, 41.2077531 ] ] ] } },
{ "type": "Feature", "properties": { "osm_id": "w190298845", "kind": "military" }, "geometry": { "type": "Polygon", "coordinates": [ [ [ 69.2993647, 41.3425887 ], [ 69.2995304, 41.3421086 ], [ 69.2995649, 41.3420809 ], [ 69.3002925, 41.3422836 ], [ 69.300105, 41.34272 ], [ 69.2993647, 41.3425887 ] ] ] } },
{ "type": "Feature", "properties": { "osm_id": "w190375521", "kind": "garages" }, "geometry": { "type": "Polygon", "coordinates": [ [ [ 69.3821212, 41.3440618 ], [ 69.3821219, 41.3434659 ], [ 69.3821889, 41.3434347 ], [ 69.3827594, 41.3434085 ], [ 69.383441, 41.3442524 ], [ 69.3828196, 41.3443128 ], [ 69.3827681, 41.3440738 ], [ 69.3821212, 41.3440618 ] ] ] } },
{ "type": "Feature", "properties": { "osm_id": "w190376969", "kind": "garages" }, "geometry": { "type": "Polygon", "coordinates": [ [ [ 69.3906087, 41.3419958 ], [ 69.39057, 41.3414791 ], [ 69.3917527, 41.3419012 ], [ 69.3915103, 41.3423088 ], [ 69.3908753, 41.3420795 ], [ 69.3907154, 41.3423088 ], [ 69.3905166, 41.3422651 ], [ 69.3906184, 41.342105 ], [ 69.3906087, 41.3419958 ] ] ] } },
{ "type": "Feature", "properties": { "osm_id": "w190379513", "kind": "industrial" }, "geometry": { "type": "Polygon", "coordinates": [ [ [ 69.3507687, 41.3267641 ], [ 69.3511745, 41.3265712 ], [ 69.3515803, 41.3263782 ], [ 69.3523009, 41.3261013 ], [ 69.3527137, 41.3266368 ], [ 69.3523947, 41.3270408 ], [ 69.3518059, 41.3271765 ], [ 69.3513375, 41.3272845 ], [ 69.3511312, 41.327332 ], [ 69.3510641, 41.3272375 ], [ 69.3507687, 41.3267641 ] ] ] } },
{ "type": "Feature", "properties": { "osm_id": "w190474946", "kind": "garages" }, "geometry": { "type": "Polygon", "coordinates": [ [ [ 69.323854, 41.3700111 ], [ 69.3236778, 41.3699628 ], [ 69.3236109, 41.3699537 ], [ 69.3226264, 41.3698007 ], [ 69.3233601, 41.3708443 ], [ 69.323489, 41.3707604 ], [ 69.323854, 41.3700111 ] ] ] } },
{ "type": "Feature", "properties": { "osm_id": "w190556858", "kind": "industrial" }, "geometry": { "type": "Polygon", "coordinates": [ [ [ 69.3154264, 41.3487802 ], [ 69.315908, 41.3482337 ], [ 69.3160447, 41.3482839 ], [ 69.3173522, 41.3487641 ], [ 69.3165291, 41.3495101 ], [ 69.3161023, 41.3493138 ], [ 69.3161989, 41.349197 ], [ 69.3154264, 41.3487802 ] ] ] } },
{ "type": "Feature", "properties": { "osm_id": "w190708916", "kind": "industrial" }, "geometry": { "type": "Polygon", "coordinates": [ [ [ 69.1523486, 41.2295419 ], [ 69.1539897, 41.2278267 ], [ 69.1540121, 41.2278149 ], [ 69.1542043, 41.2277138 ], [ 69.1546978, 41.2281253 ], [ 69.1545686, 41.2282003 ], [ 69.1555347, 41.228908 ], [ 69.1558382, 41.2292656 ], [ 69.1566392, 41.2302095 ], [ 69.1572495, 41.2302098 ], [ 69.1574537, 41.2302166 ], [ 69.1581327, 41.2299647 ], [ 69.1583093, 41.2300458 ], [ 69.1583242, 41.2301647 ], [ 69.1583319, 41.230294 ], [ 69.1582691, 41.2307667 ], [ 69.1573259, 41.2308308 ], [ 69.1562176, 41.2322424 ], [ 69.1559955, 41.2325252 ], [ 69.1548051, 41.2320548 ], [ 69.1537746, 41.2315408 ], [ 69.1543992, 41.2307507 ], [ 69.1540063, 41.2304689 ], [ 69.1523486, 41.2295419 ] ] ] } },
{ "type": "Feature", "properties": { "osm_id": "w190862650", "kind": "cemetery" }, "geometry": { "type": "Polygon", "coordinates": [ [ [ 69.138505, 41.2235245 ], [ 69.1389369, 41.2227337 ], [ 69.140278, 41.2235467 ], [ 69.1402726, 41.2237 ], [ 69.1385453, 41.2250961 ], [ 69.1381483, 41.2250154 ], [ 69.1377084, 41.2249064 ], [ 69.1371183, 41.2246401 ], [ 69.1376119, 41.2241943 ], [ 69.1381, 41.223932 ], [ 69.1381268, 41.2239562 ], [ 69.1381741, 41.2239346 ], [ 69.1382118, 41.2239173 ], [ 69.1384085, 41.2238271 ], [ 69.1385533, 41.2235669 ], [ 69.138505, 41.2235245 ] ] ] } },
{ "type": "Feature", "properties": { "osm_id": "w190863034", "kind": "industrial" }, "geometry": { "type": "Polygon", "coordinates": [ [ [ 69.1452097, 41.2267469 ], [ 69.1434387, 41.2281065 ], [ 69.1432548, 41.2279458 ], [ 69.1431276, 41.228031 ], [ 69.1439288, 41.2290687 ], [ 69.1451058, 41.2295278 ], [ 69.1452667, 41.2295601 ], [ 69.146254, 41.2295178 ], [ 69.1463486, 41.2294405 ], [ 69.1467236, 41.2291341 ], [ 69.1469997, 41.2289088 ], [ 69.1470401, 41.2288758 ], [ 69.1476289, 41.2283949 ], [ 69.1475914, 41.2283304 ], [ 69.1453417, 41.2268388 ], [ 69.1452097, 41.2267469 ] ] ] } },
{ "type": "Feature", "properties": { "osm_id": "w190865813", "kind": "cemetery" }, "geometry": { "type": "Polygon", "coordinates": [ [ [ 69.320483, 41.4095203 ], [ 69.3206666, 41.4093515 ], [ 69.321266, 41.4091734 ], [ 69.3214137, 41.4089871 ], [ 69.3218502, 41.4087695 ], [ 69.3219229, 41.4089787 ], [ 69.3221656, 41.4092727 ], [ 69.3224692, 41.4101842 ], [ 69.3224203, 41.4103219 ], [ 69.3216959, 41.4103064 ], [ 69.3210794, 41.4101961 ], [ 69.3206337, 41.4100794 ], [ 69.3204129, 41.4099402 ], [ 69.3203062, 41.4098193 ], [ 69.3203145, 41.4096894 ], [ 69.320483, 41.4095203 ] ] ] } },
{ "type": "Feature", "properties": { "osm_id": "w190870348", "kind": "cemetery" }, "geometry": { "type": "Polygon", "coordinates": [ [ [ 69.3837097, 41.3971306 ], [ 69.384132, 41.395956 ], [ 69.3854579, 41.3966094 ], [ 69.3852875, 41.3972959 ], [ 69.3848369, 41.3971752 ], [ 69.3847894, 41.3972271 ], [ 69.3837097, 41.3971306 ] ] ] } },
{ "type": "Feature", "properties": { "osm_id": "w190873620", "kind": "cemetery" }, "geometry": { "type": "Polygon", "coordinates": [ [ [ 69.3748285, 41.4688662 ], [ 69.3752703, 41.4683307 ], [ 69.3761099, 41.4686686 ], [ 69.3757613, 41.4694256 ], [ 69.3748285, 41.4688662 ] ] ] } },
{ "type": "Feature", "properties": { "osm_id": "w190873621", "kind": "cemetery" }, "geometry": { "type": "Polygon", "coordinates": [ [ [ 69.4789515, 41.430759 ], [ 69.4792445, 41.4304661 ], [ 69.4793444, 41.4304151 ], [ 69.4794443, 41.4304003 ], [ 69.479592, 41.4304098 ], [ 69.479869, 41.4304698 ], [ 69.4800483, 41.4306145 ], [ 69.4802559, 41.4307161 ], [ 69.4800398, 41.4309597 ], [ 69.4798473, 41.4313251 ], [ 69.4793104, 41.4311641 ], [ 69.479029, 41.431049 ], [ 69.4789515, 41.430759 ] ] ] } },
{ "type": "Feature", "properties": { "osm_id": "w190874335", "kind": "cemetery" }, "geometry": { "type": "Polygon", "coordinates": [ [ [ 69.2960809, 41.3890653 ], [ 69.2962768, 41.3890428 ], [ 69.297363, 41.3889808 ], [ 69.2974754, 41.3890543 ], [ 69.297685, 41.3893734 ], [ 69.2976183, 41.3895052 ], [ 69.2974499, 41.3895216 ], [ 69.2966128, 41.3894766 ], [ 69.2962138, 41.389463 ], [ 69.2960061, 41.3890963 ], [ 69.2960809, 41.3890653 ] ] ] } },
{ "type": "Feature", "properties": { "osm_id": "w191041928", "kind": "cemetery" }, "geometry": { "type": "Polygon", "coordinates": [ [ [ 69.3413502, 41.4224073 ], [ 69.3416148, 41.4217522 ], [ 69.3437385, 41.4208907 ], [ 69.3441528, 41.4213042 ], [ 69.3438717, 41.4214784 ], [ 69.3444978, 41.4221522 ], [ 69.3443442, 41.4223243 ], [ 69.344985, 41.4228913 ], [ 69.3450467, 41.4230175 ], [ 69.3450369, 41.4231867 ], [ 69.3448765, 41.4236839 ], [ 69.3441711, 41.4234915 ], [ 69.3434243, 41.4231227 ], [ 69.3427055, 41.4229611 ], [ 69.342259, 41.4228501 ], [ 69.3419231, 41.4227814 ], [ 69.3416829, 41.4225375 ], [ 69.3413502, 41.4224073 ] ] ] } },
{ "type": "Feature", "properties": { "osm_id": "w191055380", "kind": "cemetery" }, "geometry": { "type": "Polygon", "coordinates": [ [ [ 69.1820233, 41.2690486 ], [ 69.1818476, 41.2688118 ], [ 69.1816405, 41.2687049 ], [ 69.1810613, 41.2690992 ], [ 69.1813704, 41.2694145 ], [ 69.1815484, 41.2693359 ], [ 69.1820233, 41.2690486 ] ] ] } },
{ "type": "Feature", "properties": { "osm_id": "w191877565", "kind": "cemetery" }, "geometry": { "type": "Polygon", "coordinates": [ [ [ 69.3388506, 41.390326 ], [ 69.3400412, 41.3903136 ], [ 69.3416562, 41.3904212 ], [ 69.3417914, 41.3904604 ], [ 69.3425895, 41.390533 ], [ 69.3426291, 41.3905676 ], [ 69.3423613, 41.3913591 ], [ 69.3424508, 41.3916222 ], [ 69.3427401, 41.3920973 ], [ 69.342766, 41.3921978 ], [ 69.342171, 41.3920249 ], [ 69.3421081, 41.3921097 ], [ 69.3419316, 41.3921773 ], [ 69.3417427, 41.3925582 ], [ 69.3415979, 41.3928467 ], [ 69.3411608, 41.3927383 ], [ 69.340662, 41.3928526 ], [ 69.340275, 41.3926764 ], [ 69.3402433, 41.3924513 ], [ 69.3379321, 41.3923693 ], [ 69.3379467, 41.3917124 ], [ 69.3379603, 41.3910498 ], [ 69.3379321, 41.3904709 ], [ 69.3381228, 41.3903873 ], [ 69.3383587, 41.3903241 ], [ 69.3388506, 41.390326 ] ] ] } },
{ "type": "Feature", "properties": { "osm_id": "w191899227", "kind": "cemetery" }, "geometry": { "type": "Polygon", "coordinates": [ [ [ 69.3584448, 41.3685294 ], [ 69.3583884, 41.3686602 ], [ 69.3585576, 41.3688873 ], [ 69.358809, 41.3689258 ], [ 69.3590039, 41.369049 ], [ 69.3591372, 41.3692222 ], [ 69.3594398, 41.3693185 ], [ 69.3596245, 41.3693262 ], [ 69.3597373, 41.3688912 ], [ 69.3598604, 41.3685909 ], [ 69.3601887, 41.3682407 ], [ 69.3602503, 41.3681252 ], [ 69.359922, 41.3680212 ], [ 69.3591321, 41.3678827 ], [ 69.3587884, 41.3678442 ], [ 69.3585422, 41.3678365 ], [ 69.3583986, 41.3678942 ], [ 69.3583509, 41.3682206 ], [ 69.3584448, 41.3685294 ] ] ] } },
{ "type": "Feature", "properties": { "osm_id": "w192069408", "kind": "cemetery" }, "geometry": { "type": "Polygon", "coordinates": [ [ [ 69.4397476, 41.4462846 ], [ 69.4400497, 41.4454868 ], [ 69.4406952, 41.4455743 ], [ 69.4414423, 41.446084 ], [ 69.4417637, 41.4458117 ], [ 69.4421362, 41.4463222 ], [ 69.4421098, 41.4465368 ], [ 69.4417528, 41.4469641 ], [ 69.440345, 41.4465729 ], [ 69.4401939, 41.4466758 ], [ 69.439981, 41.4466244 ], [ 69.440036, 41.4464185 ], [ 69.4397476, 41.4462846 ] ] ] } },
{ "type": "Feature", "properties": { "osm_id": "w192075842", "kind": "cemetery" }, "geometry": { "type": "Polygon", "coordinates": [ [ [ 69.4678632, 41.4599465 ], [ 69.468721, 41.4591718 ], [ 69.4688926, 41.4597059 ], [ 69.4690377, 41.4599465 ], [ 69.4693677, 41.4601048 ], [ 69.4694161, 41.4602267 ], [ 69.4687826, 41.4607212 ], [ 69.4683512, 41.4603577 ], [ 69.4678632, 41.4599465 ] ] ] } },
{ "type": "Feature", "properties": { "osm_id": "w192076859", "kind": "cemetery" }, "geometry": { "type": "Polygon", "coordinates": [ [ [ 69.4757165, 41.4584402 ], [ 69.4759853, 41.4586464 ], [ 69.4763228, 41.4584777 ], [ 69.4764666, 41.4583091 ], [ 69.4762041, 41.4580889 ], [ 69.4757165, 41.4584402 ] ] ] } },
{ "type": "Feature", "properties": { "osm_id": "w192949439", "kind": "cemetery" }, "geometry": { "type": "Polygon", "coordinates": [ [ [ 69.0678477, 41.1441557 ], [ 69.0675688, 41.1445314 ], [ 69.0668714, 41.1449596 ], [ 69.0666783, 41.1449717 ], [ 69.0664637, 41.1448061 ], [ 69.0666193, 41.144596 ], [ 69.0665871, 41.1443415 ], [ 69.0667426, 41.144285 ], [ 69.0667947, 41.144224 ], [ 69.0668178, 41.1441274 ], [ 69.0668392, 41.1440507 ], [ 69.0669089, 41.1439699 ], [ 69.0670897, 41.1439695 ], [ 69.0672201, 41.1440466 ], [ 69.067263, 41.1441557 ], [ 69.0673097, 41.1441715 ], [ 69.0674078, 41.1441598 ], [ 69.0675259, 41.1441355 ], [ 69.0676369, 41.1441634 ], [ 69.0677136, 41.1442002 ], [ 69.0678477, 41.1441557 ] ] ] } },
{ "type": "Feature", "properties": { "osm_id": "w193141970", "kind": "industrial" }, "geometry": { "type": "Polygon", "coordinates": [ [ [ 69.0810381, 41.1388509 ], [ 69.0803568, 41.1393559 ], [ 69.0814458, 41.1401922 ], [ 69.0820091, 41.1406407 ], [ 69.0825026, 41.140269 ], [ 69.0816389, 41.1394893 ], [ 69.0816389, 41.1394085 ], [ 69.0810381, 41.1388509 ] ] ] } },
{ "type": "Feature", "properties": { "osm_id": "w193255645", "kind": "industrial" }, "geometry": { "type": "Polygon", "coordinates": [ [ [ 69.164583, 41.4572507 ], [ 69.163919, 41.4570145 ], [ 69.1639806, 41.4569185 ], [ 69.1641086, 41.456719 ], [ 69.1648113, 41.4569826 ], [ 69.164583, 41.4572507 ] ] ] } },
{ "type": "Feature", "properties": { "osm_id": "w193257599", "kind": "cemetery" }, "geometry": { "type": "Polygon", "coordinates": [ [ [ 69.402374, 41.4051948 ], [ 69.4033131, 41.4057738 ], [ 69.4035638, 41.4057917 ], [ 69.4042085, 41.4057112 ], [ 69.4045109, 41.4056515 ], [ 69.4044433, 41.4053858 ], [ 69.4040413, 41.4050307 ], [ 69.4035798, 41.4045442 ], [ 69.4034882, 41.4043352 ], [ 69.4032137, 41.4045979 ], [ 69.4027282, 41.404959 ], [ 69.4024138, 41.4051112 ], [ 69.402374, 41.4051948 ] ] ] } },
{ "type": "Feature", "properties": { "osm_id": "w193257601", "kind": "cemetery" }, "geometry": { "type": "Polygon", "coordinates": [ [ [ 69.3702498, 41.4044678 ], [ 69.3694133, 41.4046954 ], [ 69.3688812, 41.4047756 ], [ 69.3686895, 41.4047418 ], [ 69.3686736, 41.4045967 ], [ 69.3688364, 41.4044737 ], [ 69.3689938, 41.4041679 ], [ 69.3693233, 41.4039817 ], [ 69.3698035, 41.4038588 ], [ 69.3700354, 41.4036287 ], [ 69.3698901, 41.4034485 ], [ 69.3706214, 41.4030523 ], [ 69.3714252, 41.4028344 ], [ 69.3724837, 41.4029896 ], [ 69.3725501, 41.4029709 ], [ 69.3730584, 41.4043597 ], [ 69.3717887, 41.4040805 ], [ 69.3702498, 41.4044678 ] ] ] } },
{ "type": "Feature", "properties": { "osm_id": "w193260551", "kind": "cemetery" }, "geometry": { "type": "Polygon", "coordinates": [ [ [ 69.332008, 41.4318281 ], [ 69.332003, 41.4313086 ], [ 69.3323977, 41.4312472 ], [ 69.332432, 41.4312821 ], [ 69.3330565, 41.4314759 ], [ 69.334088, 41.4319331 ], [ 69.3343949, 41.4319646 ], [ 69.3346336, 41.4319425 ], [ 69.3348402, 41.4319948 ], [ 69.3349469, 41.4320821 ], [ 69.3350118, 41.4321798 ], [ 69.334982, 41.4324084 ], [ 69.3348334, 41.4327597 ], [ 69.3337292, 41.4324245 ], [ 69.3331681, 41.4322177 ], [ 69.332008, 41.4318281 ] ] ] } },
{ "type": "Feature", "properties": { "osm_id": "w193264128", "kind": "industrial" }, "geometry": { "type": "Polygon", "coordinates": [ [ [ 69.1445236, 41.4612357 ], [ 69.1432742, 41.4606364 ], [ 69.1435121, 41.4601419 ], [ 69.1434319, 41.4595621 ], [ 69.1433805, 41.4591998 ], [ 69.1457851, 41.4599243 ], [ 69.1462682, 41.4600976 ], [ 69.1463964, 41.4601309 ], [ 69.1462071, 41.4604988 ], [ 69.1459992, 41.4606988 ], [ 69.1454837, 41.4614905 ], [ 69.144749, 41.4612628 ], [ 69.1446133, 41.4612465 ], [ 69.1445236, 41.4612357 ] ] ] } },
{ "type": "Feature", "properties": { "osm_id": "w193267541", "kind": "industrial" }, "geometry": { "type": "Polygon", "coordinates": [ [ [ 69.1467407, 41.4751661 ], [ 69.1464573, 41.4750954 ], [ 69.1466583, 41.4743352 ], [ 69.1465977, 41.4738593 ], [ 69.1467013, 41.4737082 ], [ 69.1480289, 41.4735032 ], [ 69.1482337, 41.473584 ], [ 69.1485047, 41.4735598 ], [ 69.1491165, 41.4753585 ], [ 69.1490251, 41.4754288 ], [ 69.1482751, 41.475405 ], [ 69.1470589, 41.4753665 ], [ 69.1470063, 41.4751088 ], [ 69.1467887, 41.4750407 ], [ 69.1467407, 41.4751661 ] ] ] } },
{ "type": "Feature", "properties": { "osm_id": "w193270014", "kind": "industrial" }, "geometry": { "type": "Polygon", "coordinates": [ [ [ 69.14573, 41.4720791 ], [ 69.1462996, 41.4743842 ], [ 69.1464871, 41.4743602 ], [ 69.1464999, 41.4741977 ], [ 69.1464698, 41.4737973 ], [ 69.146555, 41.4737168 ], [ 69.1467013, 41.4737082 ], [ 69.1480289, 41.4735032 ], [ 69.1482337, 41.473584 ], [ 69.1485047, 41.4735598 ], [ 69.1491165, 41.4753585 ], [ 69.1499256, 41.4756572 ], [ 69.1504441, 41.4755688 ], [ 69.1495421, 41.4740921 ], [ 69.1496088, 41.4740297 ], [ 69.1490727, 41.4733687 ], [ 69.1485196, 41.4726253 ], [ 69.1483701, 41.4723658 ], [ 69.1482262, 41.4720004 ], [ 69.148058, 41.4720282 ], [ 69.1480992, 41.4724612 ], [ 69.147976, 41.4724696 ], [ 69.1476888, 41.4724893 ], [ 69.1477215, 41.4726919 ], [ 69.1473931, 41.4727153 ], [ 69.1474663, 41.4728116 ], [ 69.1473546, 41.4728387 ], [ 69.1470309, 41.4729173 ], [ 69.146967, 41.4728113 ], [ 69.1467084, 41.4728678 ], [ 69.1466555, 41.4728158 ], [ 69.1464748, 41.4728534 ], [ 69.1463183, 41.4725521 ], [ 69.1464235, 41.4725092 ], [ 69.1462549, 41.4721353 ], [ 69.1460684, 41.4721714 ], [ 69.1459724, 41.4720314 ], [ 69.14573, 41.4720791 ] ] ] } },
{ "type": "Feature", "properties": { "osm_id": "w193284888", "kind": "industrial" }, "geometry": { "type": "Polygon", "coordinates": [ [ [ 69.1534906, 41.4617583 ], [ 69.1537813, 41.4618664 ], [ 69.1542147, 41.4615292 ], [ 69.1538447, 41.4613201 ], [ 69.1534906, 41.4617583 ] ] ] } },
{ "type": "Feature", "properties": { "osm_id": "w193286116", "kind": "industrial" }, "geometry": { "type": "Polygon", "coordinates": [ [ [ 69.1586127, 41.460634 ], [ 69.1588602, 41.4608576 ], [ 69.1588251, 41.4609837 ], [ 69.1590183, 41.461172 ], [ 69.1594691, 41.4609089 ], [ 69.1597347, 41.4611628 ], [ 69.1600197, 41.4609868 ], [ 69.1595037, 41.4605498 ], [ 69.1592017, 41.4602862 ], [ 69.1586127, 41.460634 ] ] ] } },
{ "type": "Feature", "properties": { "osm_id": "w193286825", "kind": "industrial" }, "geometry": { "type": "Polygon", "coordinates": [ [ [ 69.1550463, 41.4648193 ], [ 69.1548953, 41.4647003 ], [ 69.154431, 41.4643291 ], [ 69.1543317, 41.4644131 ], [ 69.1540111, 41.4641892 ], [ 69.1539148, 41.4640072 ], [ 69.1555013, 41.4630474 ], [ 69.1560993, 41.463444 ], [ 69.156259, 41.4633252 ], [ 69.1564524, 41.463461 ], [ 69.1568102, 41.4636235 ], [ 69.1564705, 41.4638194 ], [ 69.1565539, 41.4642657 ], [ 69.1560046, 41.4643411 ], [ 69.1556607, 41.4644796 ], [ 69.1553279, 41.4648124 ], [ 69.1550463, 41.4648193 ] ] ] } },
{ "type": "Feature", "properties": { "osm_id": "w193309277", "kind": "military" }, "geometry": { "type": "Polygon", "coordinates": [ [ [ 69.1947393, 41.4710404 ], [ 69.1946299, 41.4691814 ], [ 69.1946354, 41.4674757 ], [ 69.1944915, 41.4661339 ], [ 69.194032, 41.4640131 ], [ 69.1939189, 41.4638293 ], [ 69.193822, 41.4636499 ], [ 69.1937974, 41.4635961 ], [ 69.1937801, 41.4635128 ], [ 69.1937348, 41.463089 ], [ 69.1936411, 41.4629773 ], [ 69.1929725, 41.4623552 ], [ 69.192767, 41.4622515 ], [ 69.1925016, 41.4621764 ], [ 69.1925297, 41.4620997 ], [ 69.1925539, 41.4620545 ], [ 69.1928943, 41.4621327 ], [ 69.1937568, 41.4621211 ], [ 69.1937916, 41.4620865 ], [ 69.1937561, 41.4619359 ], [ 69.193713, 41.4617228 ], [ 69.1936674, 41.4615106 ], [ 69.1936139, 41.4612691 ], [ 69.1935538, 41.4610295 ], [ 69.193492, 41.4607707 ], [ 69.1934429, 41.4605761 ], [ 69.193368, 41.4603893 ], [ 69.1932421, 41.4601682 ], [ 69.1931123, 41.4599443 ], [ 69.1929507, 41.4596605 ], [ 69.192887, 41.4593146 ], [ 69.1928318, 41.4591947 ], [ 69.1927411, 41.459004 ], [ 69.1925494, 41.4585867 ], [ 69.1924477, 41.4583636 ], [ 69.1923748, 41.4583819 ], [ 69.1922063, 41.4580064 ], [ 69.1921573, 41.458014 ], [ 69.1921415, 41.4580175 ], [ 69.1921216, 41.4579911 ], [ 69.1920607, 41.4580107 ], [ 69.1920343, 41.457963 ], [ 69.1915394, 41.4581863 ], [ 69.19153, 41.4581916 ], [ 69.191331, 41.4582787 ], [ 69.191204, 41.4583087 ], [ 69.1910593, 41.4583104 ], [ 69.1908586, 41.4582794 ], [ 69.1907693, 41.4582568 ], [ 69.1906976, 41.4582203 ], [ 69.1904913, 41.4581014 ], [ 69.1903784, 41.458072 ], [ 69.1902802, 41.4580699 ], [ 69.1897555, 41.4581554 ], [ 69.1897017, 41.4581939 ], [ 69.1896663, 41.4582371 ], [ 69.1895821, 41.4585007 ], [ 69.1896042, 41.4585806 ], [ 69.1897446, 41.458731 ], [ 69.1898142, 41.4588149 ], [ 69.1898889, 41.4588998 ], [ 69.189871, 41.4589864 ], [ 69.189841, 41.4590416 ], [ 69.1898334, 41.4591112 ], [ 69.1898496, 41.4591804 ], [ 69.1898151, 41.4592803 ], [ 69.189746, 41.4593365 ], [ 69.1896636, 41.4593605 ], [ 69.1895747, 41.4593607 ], [ 69.1892867, 41.4593151 ], [ 69.1891598, 41.4592792 ], [ 69.18901, 41.4592579 ], [ 69.1887017, 41.4593124 ], [ 69.1885148, 41.4593617 ], [ 69.1884572, 41.4594016 ], [ 69.1874681, 41.4595177 ], [ 69.1873886, 41.4595019 ], [ 69.1872905, 41.4593888 ], [ 69.1871626, 41.4592437 ], [ 69.1871193, 41.4591684 ], [ 69.1870552, 41.4590544 ], [ 69.186827, 41.459026 ], [ 69.1866655, 41.4589992 ], [ 69.1865233, 41.458888 ], [ 69.1864608, 41.4588055 ], [ 69.1864235, 41.4586973 ], [ 69.1864212, 41.4586333 ], [ 69.1864345, 41.4585447 ], [ 69.1864669, 41.4584694 ], [ 69.1864899, 41.4583501 ], [ 69.1864599, 41.4582921 ], [ 69.1864308, 41.4582468 ], [ 69.1862601, 41.4581852 ], [ 69.1861849, 41.4581692 ], [ 69.1860735, 41.4581439 ], [ 69.1859943, 41.4580939 ], [ 69.1859218, 41.4579993 ], [ 69.1858947, 41.4579357 ], [ 69.1858832, 41.457839 ], [ 69.1858889, 41.4577011 ], [ 69.1858777, 41.4576652 ], [ 69.1858031, 41.4574881 ], [ 69.1857126, 41.4573424 ], [ 69.1855056, 41.4570755 ], [ 69.1854281, 41.4570261 ], [ 69.1853559, 41.4569974 ], [ 69.1852581, 41.4569757 ], [ 69.1851212, 41.4569633 ], [ 69.1849403, 41.4569338 ], [ 69.1848175, 41.4568867 ], [ 69.1847594, 41.4568502 ], [ 69.1847346, 41.4568131 ], [ 69.1846771, 41.4567136 ], [ 69.1846538, 41.4566748 ], [ 69.1846035, 41.4565921 ], [ 69.1845401, 41.4565135 ], [ 69.1844922, 41.456485 ], [ 69.1843923, 41.4564347 ], [ 69.1843517, 41.4563807 ], [ 69.184276, 41.456341 ], [ 69.1842454, 41.4563392 ], [ 69.1842266, 41.4563535 ], [ 69.1839286, 41.4565186 ], [ 69.1840047, 41.4566101 ], [ 69.1838627, 41.4567001 ], [ 69.1838134, 41.4567284 ], [ 69.1837169, 41.4568741 ], [ 69.1836293, 41.4569647 ], [ 69.1835549, 41.4571072 ], [ 69.1834805, 41.4571878 ], [ 69.1833584, 41.4572891 ], [ 69.1831883, 41.4573865 ], [ 69.1831633, 41.4574704 ], [ 69.1831844, 41.4577105 ], [ 69.1828185, 41.4581774 ], [ 69.1828012, 41.458214 ], [ 69.1827957, 41.4582502 ], [ 69.1827952, 41.4582972 ], [ 69.1828919, 41.4584876 ], [ 69.1828452, 41.4586836 ], [ 69.1828431, 41.4587687 ], [ 69.182843, 41.4588729 ], [ 69.1828394, 41.4589482 ], [ 69.1828233, 41.459013 ], [ 69.1827704, 41.4591082 ], [ 69.1827464, 41.4591692 ], [ 69.1827553, 41.4594347 ], [ 69.1827602, 41.4595401 ], [ 69.1827811, 41.4595795 ], [ 69.1828907, 41.459638 ], [ 69.1831212, 41.4596636 ], [ 69.1834376, 41.4597289 ], [ 69.1836992, 41.4598457 ], [ 69.1837928, 41.4598922 ], [ 69.1839087, 41.4599709 ], [ 69.1839044, 41.4600717 ], [ 69.1838176, 41.4602003 ], [ 69.1837146, 41.4603259 ], [ 69.1835763, 41.4605127 ], [ 69.1835107, 41.4606439 ], [ 69.1834843, 41.4607611 ], [ 69.1834744, 41.4609693 ], [ 69.1834794, 41.461034 ], [ 69.1835114, 41.4611017 ], [ 69.1835848, 41.4613224 ], [ 69.1836079, 41.4613867 ], [ 69.1836434, 41.4614519 ], [ 69.1837156, 41.4615919 ], [ 69.1837253, 41.4616177 ], [ 69.1837187, 41.4616541 ], [ 69.1837047, 41.4617163 ], [ 69.1836886, 41.4617329 ], [ 69.1835205, 41.4618628 ], [ 69.1837033, 41.4620359 ], [ 69.183882, 41.4622043 ], [ 69.1839884, 41.4622787 ], [ 69.1840925, 41.4623425 ], [ 69.1842801, 41.4624674 ], [ 69.1844261, 41.4627123 ], [ 69.1843909, 41.4627309 ], [ 69.184276, 41.4628538 ], [ 69.1837974, 41.4629392 ], [ 69.1837019, 41.462954 ], [ 69.1836748, 41.4629731 ], [ 69.1836571, 41.4629958 ], [ 69.183649, 41.4630173 ], [ 69.1836527, 41.4630348 ], [ 69.1836642, 41.4630481 ], [ 69.1842742, 41.4632332 ], [ 69.1843357, 41.4632536 ], [ 69.1843644, 41.463256 ], [ 69.1843663, 41.4632351 ], [ 69.1844877, 41.4632283 ], [ 69.1845487, 41.4633417 ], [ 69.1846987, 41.4635058 ], [ 69.1848076, 41.4636321 ], [ 69.1852381, 41.4639501 ], [ 69.1852577, 41.4639713 ], [ 69.1851448, 41.4641015 ], [ 69.1847114, 41.4646245 ], [ 69.1844317, 41.4649459 ], [ 69.1843872, 41.4649794 ], [ 69.1843295, 41.4650022 ], [ 69.1842477, 41.4650272 ], [ 69.1840683, 41.4650281 ], [ 69.1838537, 41.4650146 ], [ 69.1838072, 41.465018 ], [ 69.1835527, 41.4651105 ], [ 69.1835069, 41.4651183 ], [ 69.1830935, 41.4650635 ], [ 69.1830563, 41.4650614 ], [ 69.1829102, 41.4651357 ], [ 69.1832783, 41.46536 ], [ 69.1837424, 41.4655478 ], [ 69.1844588, 41.4657453 ], [ 69.1846419, 41.4659493 ], [ 69.1846699, 41.4661407 ], [ 69.1845206, 41.466336 ], [ 69.1844559, 41.4664456 ], [ 69.184404, 41.4666367 ], [ 69.1843533, 41.4667188 ], [ 69.1838119, 41.4671008 ], [ 69.1835456, 41.4673103 ], [ 69.1834685, 41.4674321 ], [ 69.183492, 41.4675745 ], [ 69.1851037, 41.4679597 ], [ 69.1850611, 41.4681262 ], [ 69.1850145, 41.4682919 ], [ 69.1849528, 41.4685205 ], [ 69.1849415, 41.4685464 ], [ 69.1849121, 41.4685719 ], [ 69.1846501, 41.4687444 ], [ 69.1845547, 41.4687946 ], [ 69.1843753, 41.468875 ], [ 69.1843152, 41.4689366 ], [ 69.1842347, 41.4690336 ], [ 69.1840781, 41.4692103 ], [ 69.1839642, 41.4693265 ], [ 69.1838895, 41.4693589 ], [ 69.1833958, 41.469376 ], [ 69.183367, 41.4694049 ], [ 69.1835622, 41.4702397 ], [ 69.1831935, 41.4704713 ], [ 69.1832031, 41.4706458 ], [ 69.1832184, 41.4708249 ], [ 69.1832388, 41.4708713 ], [ 69.1832895, 41.4710042 ], [ 69.1833716, 41.4711076 ], [ 69.1834332, 41.4712089 ], [ 69.1834821, 41.4712998 ], [ 69.1834995, 41.4714158 ], [ 69.1835964, 41.472071 ], [ 69.1835984, 41.472135 ], [ 69.1835728, 41.4723289 ], [ 69.1835446, 41.472529 ], [ 69.1835211, 41.4726882 ], [ 69.1834923, 41.4728744 ], [ 69.1834644, 41.4730601 ], [ 69.1836498, 41.473065 ], [ 69.1839056, 41.4730906 ], [ 69.1848025, 41.4730958 ], [ 69.1857252, 41.4729792 ], [ 69.1878234, 41.4727514 ], [ 69.1884962, 41.4726545 ], [ 69.189255, 41.4725251 ], [ 69.1900811, 41.4723402 ], [ 69.1904716, 41.4722264 ], [ 69.1906341, 41.47219 ], [ 69.1912677, 41.4720479 ], [ 69.1931925, 41.4718176 ], [ 69.1940182, 41.4718087 ], [ 69.194527, 41.4718959 ], [ 69.1945616, 41.4717457 ], [ 69.1946049, 41.4715774 ], [ 69.1947393, 41.4710404 ] ] ] } },
{ "type": "Feature", "properties": { "osm_id": "w193309642", "kind": "industrial" }, "geometry": { "type": "Polygon", "coordinates": [ [ [ 69.1811121, 41.4730154 ], [ 69.1805542, 41.4726778 ], [ 69.1808975, 41.4723723 ], [ 69.1809498, 41.4724153 ], [ 69.1810155, 41.4723603 ], [ 69.1812232, 41.4724777 ], [ 69.181497, 41.4726324 ], [ 69.1812666, 41.4728616 ], [ 69.1811121, 41.4730154 ] ] ] } },
{ "type": "Feature", "properties": { "osm_id": "w193312366", "kind": "industrial" }, "geometry": { "type": "Polygon", "coordinates": [ [ [ 69.159928, 41.4650888 ], [ 69.1601802, 41.4647064 ], [ 69.1602728, 41.4645661 ], [ 69.1604668, 41.4641897 ], [ 69.1608753, 41.4642939 ], [ 69.1618632, 41.464563 ], [ 69.1614983, 41.4651325 ], [ 69.1612745, 41.4655028 ], [ 69.1602348, 41.4651766 ], [ 69.1601865, 41.4651622 ], [ 69.159928, 41.4650888 ] ] ] } },
{ "type": "Feature", "properties": { "osm_id": "w193312968", "kind": "industrial" }, "geometry": { "type": "Polygon", "coordinates": [ [ [ 69.1574413, 41.4645286 ], [ 69.1587478, 41.464932 ], [ 69.1590205, 41.4643706 ], [ 69.1588562, 41.4643258 ], [ 69.1578365, 41.4640478 ], [ 69.1577136, 41.4640143 ], [ 69.1574413, 41.4645286 ] ] ] } },
{ "type": "Feature", "properties": { "osm_id": "w193313233", "kind": "industrial" }, "geometry": { "type": "Polygon", "coordinates": [ [ [ 69.1587478, 41.464932 ], [ 69.1585821, 41.4652163 ], [ 69.158324, 41.4657038 ], [ 69.1581661, 41.4656637 ], [ 69.1580294, 41.4658696 ], [ 69.1579381, 41.4658387 ], [ 69.156613, 41.4653902 ], [ 69.1571331, 41.4644335 ], [ 69.1574413, 41.4645286 ], [ 69.1587478, 41.464932 ] ] ] } },
{ "type": "Feature", "properties": { "osm_id": "w193315071", "kind": "military" }, "geometry": { "type": "Polygon", "coordinates": [ [ [ 69.1652424, 41.4501129 ], [ 69.1660407, 41.4505862 ], [ 69.166076, 41.4506087 ], [ 69.1661458, 41.4504605 ], [ 69.1662125, 41.4502506 ], [ 69.1662342, 41.4502495 ], [ 69.1663202, 41.4500928 ], [ 69.1661074, 41.4500326 ], [ 69.1656011, 41.4497373 ], [ 69.1652424, 41.4501129 ] ] ] } },
{ "type": "Feature", "properties": { "osm_id": "w193315622", "kind": "industrial" }, "geometry": { "type": "Polygon", "coordinates": [ [ [ 69.1569296, 41.4643573 ], [ 69.1566718, 41.4642607 ], [ 69.1565539, 41.4642657 ], [ 69.1564705, 41.4638194 ], [ 69.1568102, 41.4636235 ], [ 69.1570251, 41.463301 ], [ 69.1572198, 41.4633605 ], [ 69.1570253, 41.4637318 ], [ 69.1569296, 41.4643573 ] ] ] } },
{ "type": "Feature", "properties": { "osm_id": "w193315922", "kind": "industrial" }, "geometry": { "type": "Polygon", "coordinates": [ [ [ 69.1553279, 41.4648124 ], [ 69.1558912, 41.4651689 ], [ 69.1561095, 41.4652358 ], [ 69.1562237, 41.4652709 ], [ 69.156613, 41.4653902 ], [ 69.1571331, 41.4644335 ], [ 69.1569296, 41.4643573 ], [ 69.1566718, 41.4642607 ], [ 69.1565539, 41.4642657 ], [ 69.1560046, 41.4643411 ], [ 69.1556607, 41.4644796 ], [ 69.1553279, 41.4648124 ] ] ] } },
{ "type": "Feature", "properties": { "osm_id": "w193360777", "kind": "industrial" }, "geometry": { "type": "Polygon", "coordinates": [ [ [ 69.1574953, 41.4743303 ], [ 69.1562659, 41.4743114 ], [ 69.1562575, 41.4744278 ], [ 69.155882, 41.4744221 ], [ 69.1557194, 41.4745058 ], [ 69.1551269, 41.4745508 ], [ 69.1551431, 41.4740052 ], [ 69.1550136, 41.473945 ], [ 69.1550262, 41.4738569 ], [ 69.1551357, 41.473845 ], [ 69.155142, 41.4732663 ], [ 69.1549252, 41.4732437 ], [ 69.1550304, 41.473017 ], [ 69.1574465, 41.473312 ], [ 69.1574953, 41.4743303 ] ] ] } },
{ "type": "Feature", "properties": { "osm_id": "w193367295", "kind": "industrial" }, "geometry": { "type": "Polygon", "coordinates": [ [ [ 69.1490706, 41.4564657 ], [ 69.1500056, 41.4557981 ], [ 69.1496231, 41.4554807 ], [ 69.1486805, 41.4552093 ], [ 69.1485519, 41.4558142 ], [ 69.1484001, 41.4560958 ], [ 69.1490706, 41.4564657 ] ] ] } },
{ "type": "Feature", "properties": { "osm_id": "w193372504", "kind": "cemetery" }, "geometry": { "type": "Polygon", "coordinates": [ [ [ 69.1806176, 41.4519596 ], [ 69.1806458, 41.4517612 ], [ 69.180695, 41.4514034 ], [ 69.1807072, 41.4512367 ], [ 69.180743, 41.4511076 ], [ 69.1808569, 41.4508943 ], [ 69.18099, 41.4506223 ], [ 69.1812548, 41.4505901 ], [ 69.1814779, 41.4505694 ], [ 69.1815797, 41.450616 ], [ 69.181625, 41.4506915 ], [ 69.1818195, 41.4507482 ], [ 69.1820299, 41.4508231 ], [ 69.182172, 41.4509564 ], [ 69.1823285, 41.4511254 ], [ 69.1824171, 41.4511985 ], [ 69.1826896, 41.4512767 ], [ 69.1828225, 41.4513959 ], [ 69.1829107, 41.4517062 ], [ 69.1830604, 41.451803 ], [ 69.1828993, 41.4522647 ], [ 69.1828359, 41.4524289 ], [ 69.182774, 41.4525875 ], [ 69.1826093, 41.4524819 ], [ 69.182385, 41.4524062 ], [ 69.1818833, 41.4522176 ], [ 69.1812931, 41.4519984 ], [ 69.1812151, 41.4519686 ], [ 69.1806176, 41.4519596 ] ] ] } },
{ "type": "Feature", "properties": { "osm_id": "w193396662", "kind": "industrial" }, "geometry": { "type": "Polygon", "coordinates": [ [ [ 69.1407504, 41.4583874 ], [ 69.1405589, 41.4585923 ], [ 69.1404731, 41.4587129 ], [ 69.1396695, 41.458512 ], [ 69.1398426, 41.4580831 ], [ 69.1402006, 41.4582266 ], [ 69.1402757, 41.4581644 ], [ 69.1407504, 41.4583874 ] ] ] } },
{ "type": "Feature", "properties": { "osm_id": "w193401695", "kind": "industrial" }, "geometry": { "type": "Polygon", "coordinates": [ [ [ 69.1507095, 41.4582325 ], [ 69.1504886, 41.4584721 ], [ 69.1502829, 41.4584597 ], [ 69.1502561, 41.4585803 ], [ 69.1502293, 41.4587652 ], [ 69.1499597, 41.4590368 ], [ 69.1498341, 41.4591634 ], [ 69.1496439, 41.459196 ], [ 69.1495595, 41.4594264 ], [ 69.1489894, 41.4595659 ], [ 69.1489081, 41.4597336 ], [ 69.1488917, 41.4601628 ], [ 69.1482578, 41.4600484 ], [ 69.1483897, 41.4593881 ], [ 69.148684, 41.4589662 ], [ 69.1489386, 41.4587262 ], [ 69.1501017, 41.4578386 ], [ 69.1507095, 41.4582325 ] ] ] } },
{ "type": "Feature", "properties": { "osm_id": "w193402895", "kind": "industrial" }, "geometry": { "type": "Polygon", "coordinates": [ [ [ 69.1534572, 41.4634959 ], [ 69.1531488, 41.4637006 ], [ 69.1528042, 41.4634686 ], [ 69.1516133, 41.4633753 ], [ 69.1515383, 41.4627228 ], [ 69.1516615, 41.4627038 ], [ 69.1518367, 41.4627838 ], [ 69.1528806, 41.4626119 ], [ 69.1529775, 41.4625007 ], [ 69.1532211, 41.4627707 ], [ 69.1533723, 41.4629383 ], [ 69.1532053, 41.4630361 ], [ 69.1534572, 41.4634959 ] ] ] } },
{ "type": "Feature", "properties": { "osm_id": "w193403554", "kind": "industrial" }, "geometry": { "type": "Polygon", "coordinates": [ [ [ 69.1531488, 41.4637006 ], [ 69.1517884, 41.4644908 ], [ 69.1516766, 41.4643169 ], [ 69.1509952, 41.464395 ], [ 69.1506115, 41.4635658 ], [ 69.1503211, 41.4629443 ], [ 69.1502972, 41.4628657 ], [ 69.1515383, 41.4627228 ], [ 69.1516133, 41.4633753 ], [ 69.1528042, 41.4634686 ], [ 69.1531488, 41.4637006 ] ] ] } },
{ "type": "Feature", "properties": { "osm_id": "w193403750", "kind": "industrial" }, "geometry": { "type": "Polygon", "coordinates": [ [ [ 69.150553, 41.4652573 ], [ 69.1503758, 41.4650965 ], [ 69.1502035, 41.4647749 ], [ 69.1497503, 41.4639289 ], [ 69.1493171, 41.4630557 ], [ 69.1495009, 41.4630447 ], [ 69.1499057, 41.4638017 ], [ 69.1506115, 41.4635658 ], [ 69.1509952, 41.464395 ], [ 69.1512068, 41.4648062 ], [ 69.1512367, 41.4648642 ], [ 69.150553, 41.4652573 ] ] ] } },
{ "type": "Feature", "properties": { "osm_id": "w193406167", "kind": "industrial" }, "geometry": { "type": "Polygon", "coordinates": [ [ [ 69.1503995, 41.4614011 ], [ 69.1484469, 41.460919 ], [ 69.1483811, 41.4611219 ], [ 69.1480676, 41.4610676 ], [ 69.1480374, 41.4612574 ], [ 69.1479709, 41.4616757 ], [ 69.1478445, 41.4616968 ], [ 69.1479874, 41.4626044 ], [ 69.148065, 41.4632349 ], [ 69.1480932, 41.4634646 ], [ 69.1485302, 41.4634263 ], [ 69.1486604, 41.4641321 ], [ 69.1488429, 41.4641106 ], [ 69.1488059, 41.4640196 ], [ 69.1492027, 41.4639605 ], [ 69.1497503, 41.4639289 ], [ 69.1493171, 41.4630557 ], [ 69.1492909, 41.4628549 ], [ 69.1492704, 41.4626982 ], [ 69.1490628, 41.4627078 ], [ 69.1494781, 41.4614243 ], [ 69.1503745, 41.461548 ], [ 69.1503995, 41.4614011 ] ] ] } },
{ "type": "Feature", "properties": { "osm_id": "w193406168", "kind": "industrial" }, "geometry": { "type": "Polygon", "coordinates": [ [ [ 69.1490628, 41.4627078 ], [ 69.1492704, 41.4626982 ], [ 69.1502132, 41.4626548 ], [ 69.1502966, 41.4622194 ], [ 69.1501905, 41.4622001 ], [ 69.1502965, 41.4618243 ], [ 69.1503745, 41.461548 ], [ 69.1494781, 41.4614243 ], [ 69.1490628, 41.4627078 ] ] ] } },
{ "type": "Feature", "properties": { "osm_id": "w193408787", "kind": "industrial" }, "geometry": { "type": "Polygon", "coordinates": [ [ [ 69.152391, 41.4716852 ], [ 69.1521496, 41.4709979 ], [ 69.1527115, 41.4708422 ], [ 69.153599, 41.4705543 ], [ 69.154183, 41.4711934 ], [ 69.1544134, 41.4711225 ], [ 69.154537, 41.4712819 ], [ 69.1547295, 41.4712789 ], [ 69.1548433, 41.4712772 ], [ 69.1548682, 41.4713756 ], [ 69.1533566, 41.4718661 ], [ 69.1532118, 41.4717736 ], [ 69.1528363, 41.4717334 ], [ 69.152391, 41.4716852 ] ] ] } },
{ "type": "Feature", "properties": { "osm_id": "w193408922", "kind": "industrial" }, "geometry": { "type": "Polygon", "coordinates": [ [ [ 69.1510258, 41.4721514 ], [ 69.1509533, 41.4723262 ], [ 69.1507495, 41.4724368 ], [ 69.1503577, 41.4724329 ], [ 69.1498402, 41.4718576 ], [ 69.1492116, 41.4720305 ], [ 69.1492822, 41.4721291 ], [ 69.1490326, 41.4722238 ], [ 69.1483721, 41.4714289 ], [ 69.148199, 41.4711492 ], [ 69.1482792, 41.4711264 ], [ 69.1480971, 41.4706608 ], [ 69.1486925, 41.4705235 ], [ 69.1488293, 41.470492 ], [ 69.1488561, 41.470649 ], [ 69.14906, 41.4708932 ], [ 69.1492638, 41.4708156 ], [ 69.1494171, 41.4709702 ], [ 69.1500333, 41.4707104 ], [ 69.1507961, 41.4716835 ], [ 69.1509161, 41.4718365 ], [ 69.1510258, 41.4721514 ] ] ] } },
{ "type": "Feature", "properties": { "osm_id": "w193409432", "kind": "industrial" }, "geometry": { "type": "Polygon", "coordinates": [ [ [ 69.1535311, 41.4798316 ], [ 69.153153, 41.4794465 ], [ 69.1537205, 41.4776657 ], [ 69.1538933, 41.4771235 ], [ 69.1549618, 41.4772666 ], [ 69.1550884, 41.4768695 ], [ 69.1552559, 41.4768678 ], [ 69.1595787, 41.4777173 ], [ 69.1595389, 41.4778651 ], [ 69.160187, 41.4779935 ], [ 69.1598962, 41.4789328 ], [ 69.1594496, 41.4788619 ], [ 69.158716, 41.4808291 ], [ 69.1535311, 41.4798316 ] ] ] } },
{ "type": "Feature", "properties": { "osm_id": "w193410129", "kind": "industrial" }, "geometry": { "type": "Polygon", "coordinates": [ [ [ 69.1604909, 41.4768541 ], [ 69.160314, 41.4773243 ], [ 69.1604775, 41.4778206 ], [ 69.1602448, 41.4785869 ], [ 69.1633293, 41.4792199 ], [ 69.1635569, 41.4785608 ], [ 69.1639646, 41.4776499 ], [ 69.1635165, 41.4775496 ], [ 69.1610041, 41.4770279 ], [ 69.161043, 41.476978 ], [ 69.1604909, 41.4768541 ] ] ] } },
{ "type": "Feature", "properties": { "osm_id": "w193410137", "kind": "industrial" }, "geometry": { "type": "Polygon", "coordinates": [ [ [ 69.1635165, 41.4775496 ], [ 69.1636823, 41.4767755 ], [ 69.1640102, 41.4765988 ], [ 69.164284, 41.4767308 ], [ 69.1644139, 41.4767935 ], [ 69.1650204, 41.477086 ], [ 69.1651257, 41.4771367 ], [ 69.1654879, 41.4773114 ], [ 69.1657034, 41.4774153 ], [ 69.1654884, 41.4776174 ], [ 69.1657331, 41.4777169 ], [ 69.1662826, 41.4779404 ], [ 69.1661826, 41.478108 ], [ 69.1663894, 41.478197 ], [ 69.1664154, 41.4783266 ], [ 69.1661804, 41.4784953 ], [ 69.1659024, 41.4786947 ], [ 69.1658198, 41.478799 ], [ 69.165681, 41.4789742 ], [ 69.1635569, 41.4785608 ], [ 69.1639646, 41.4776499 ], [ 69.1635165, 41.4775496 ] ] ] } },
{ "type": "Feature", "properties": { "osm_id": "w193410285", "kind": "industrial" }, "geometry": { "type": "Polygon", "coordinates": [ [ [ 69.1501527, 41.4737131 ], [ 69.1502223, 41.4736606 ], [ 69.1504652, 41.4734819 ], [ 69.1511035, 41.473498 ], [ 69.1510553, 41.4732228 ], [ 69.1511947, 41.4731724 ], [ 69.1511572, 41.4729996 ], [ 69.1525522, 41.4726525 ], [ 69.152976, 41.4734443 ], [ 69.152782, 41.473517 ], [ 69.1516914, 41.4739465 ], [ 69.1508442, 41.4739103 ], [ 69.1504124, 41.4738117 ], [ 69.1501527, 41.4737131 ] ] ] } },
{ "type": "Feature", "properties": { "osm_id": "w193410360", "kind": "industrial" }, "geometry": { "type": "Polygon", "coordinates": [ [ [ 69.150857, 41.4749322 ], [ 69.1527303, 41.4765866 ], [ 69.1531174, 41.4767745 ], [ 69.1535044, 41.4768105 ], [ 69.1539603, 41.4767949 ], [ 69.1540089, 41.476514 ], [ 69.1541663, 41.4764762 ], [ 69.155078, 41.475894 ], [ 69.1546842, 41.4753874 ], [ 69.1544701, 41.4750504 ], [ 69.1539675, 41.4746371 ], [ 69.1540152, 41.4745846 ], [ 69.1538717, 41.4744515 ], [ 69.1539555, 41.4743921 ], [ 69.1538691, 41.4742414 ], [ 69.1535766, 41.4739792 ], [ 69.1534131, 41.4737772 ], [ 69.153198, 41.4735881 ], [ 69.1530479, 41.4736879 ], [ 69.152782, 41.473517 ], [ 69.1516914, 41.4739465 ], [ 69.1508442, 41.4739103 ], [ 69.1504124, 41.4738117 ], [ 69.1501527, 41.4737131 ], [ 69.1499766, 41.4738276 ], [ 69.1511161, 41.4747531 ], [ 69.150857, 41.4749322 ] ] ] } },
{ "type": "Feature", "properties": { "osm_id": "w193410508", "kind": "industrial" }, "geometry": { "type": "Polygon", "coordinates": [ [ [ 69.1569123, 41.4770028 ], [ 69.1573531, 41.4766491 ], [ 69.1572158, 41.4764496 ], [ 69.1574931, 41.4762804 ], [ 69.1573053, 41.4759585 ], [ 69.1571371, 41.4756366 ], [ 69.1572907, 41.4753965 ], [ 69.1570242, 41.4750733 ], [ 69.1567716, 41.4748492 ], [ 69.156175, 41.4745929 ], [ 69.1544928, 41.474678 ], [ 69.1548791, 41.4753927 ], [ 69.1550418, 41.4756048 ], [ 69.155793, 41.4764142 ], [ 69.1564502, 41.4767962 ], [ 69.1569123, 41.4770028 ] ] ] } },
{ "type": "Feature", "properties": { "osm_id": "w193410575", "kind": "industrial" }, "geometry": { "type": "Polygon", "coordinates": [ [ [ 69.1594503, 41.4810335 ], [ 69.1591499, 41.4811943 ], [ 69.1591612, 41.481374 ], [ 69.1598076, 41.4814102 ], [ 69.1615529, 41.4808609 ], [ 69.1618133, 41.4801413 ], [ 69.1598497, 41.4796814 ], [ 69.1594503, 41.4810335 ] ] ] } },
{ "type": "Feature", "properties": { "osm_id": "w193532762", "kind": "industrial" }, "geometry": { "type": "Polygon", "coordinates": [ [ [ 69.1770544, 41.4705384 ], [ 69.1773153, 41.4702575 ], [ 69.1781366, 41.47072 ], [ 69.1778609, 41.4709965 ], [ 69.1770544, 41.4705384 ] ] ] } },
{ "type": "Feature", "properties": { "osm_id": "w193864168", "kind": "industrial" }, "geometry": { "type": "Polygon", "coordinates": [ [ [ 69.1467151, 41.4781079 ], [ 69.1486435, 41.4782497 ], [ 69.1487804, 41.4782104 ], [ 69.1487923, 41.4776623 ], [ 69.1488527, 41.4767876 ], [ 69.1486634, 41.4765341 ], [ 69.1486436, 41.476456 ], [ 69.146573, 41.4765285 ], [ 69.1467151, 41.4781079 ] ] ] } },
{ "type": "Feature", "properties": { "osm_id": "w194132570", "kind": "industrial" }, "geometry": { "type": "Polygon", "coordinates": [ [ [ 69.2033815, 41.4569885 ], [ 69.2041973, 41.4572479 ], [ 69.2041236, 41.4574021 ], [ 69.2051324, 41.4576853 ], [ 69.2052455, 41.4573559 ], [ 69.2056583, 41.4574937 ], [ 69.2054355, 41.4578923 ], [ 69.20509, 41.4578369 ], [ 69.2048145, 41.458822 ], [ 69.2047932, 41.4588984 ], [ 69.204578, 41.4589787 ], [ 69.2038826, 41.4587867 ], [ 69.2038492, 41.4588487 ], [ 69.2032739, 41.4586702 ], [ 69.2032112, 41.4587338 ], [ 69.202648, 41.4585251 ], [ 69.2027365, 41.458386 ], [ 69.2026066, 41.4583378 ], [ 69.2033815, 41.4569885 ] ] ] } },
{ "type": "Feature", "properties": { "osm_id": "w194262316", "kind": "industrial" }, "geometry": { "type": "Polygon", "coordinates": [ [ [ 69.1948394, 41.4691326 ], [ 69.1951936, 41.469185 ], [ 69.1956575, 41.4686705 ], [ 69.1956657, 41.4680373 ], [ 69.1948449, 41.4680131 ], [ 69.1948394, 41.4691326 ] ] ] } },
{ "type": "Feature", "properties": { "osm_id": "w194429433", "kind": "industrial" }, "geometry": { "type": "Polygon", "coordinates": [ [ [ 69.2023964, 41.4584521 ], [ 69.1995714, 41.4573693 ], [ 69.2001726, 41.4567648 ], [ 69.2003176, 41.456568 ], [ 69.2004143, 41.456397 ], [ 69.2030865, 41.4566867 ], [ 69.203369, 41.4567585 ], [ 69.2032725, 41.4569504 ], [ 69.2023964, 41.4584521 ] ] ] } },
{ "type": "Feature", "properties": { "osm_id": "w194449310", "kind": "military" }, "geometry": { "type": "Polygon", "coordinates": [ [ [ 69.1882909, 41.453694 ], [ 69.1886463, 41.453846 ], [ 69.1897418, 41.4538166 ], [ 69.1899258, 41.4534865 ], [ 69.1898882, 41.4529517 ], [ 69.1897917, 41.4528095 ], [ 69.1886759, 41.4526824 ], [ 69.1882827, 41.4526652 ], [ 69.1882629, 41.4528539 ], [ 69.1882909, 41.453694 ] ] ] } },
{ "type": "Feature", "properties": { "osm_id": "w195133573", "kind": "military" }, "geometry": { "type": "Polygon", "coordinates": [ [ [ 69.1995404, 41.477717 ], [ 69.2004495, 41.4775196 ], [ 69.2005803, 41.4771505 ], [ 69.2004008, 41.4766687 ], [ 69.200995, 41.4765194 ], [ 69.2006308, 41.4756349 ], [ 69.2004601, 41.4756025 ], [ 69.1993856, 41.4753988 ], [ 69.1992344, 41.4753701 ], [ 69.1984086, 41.4755958 ], [ 69.1987691, 41.476455 ], [ 69.1991065, 41.4772595 ], [ 69.1992481, 41.4775969 ], [ 69.1995404, 41.477717 ] ] ] } },
{ "type": "Feature", "properties": { "osm_id": "w195588549", "kind": "industrial" }, "geometry": { "type": "Polygon", "coordinates": [ [ [ 69.1595693, 41.4600612 ], [ 69.1598523, 41.4603415 ], [ 69.1595037, 41.4605498 ], [ 69.1592017, 41.4602862 ], [ 69.1595693, 41.4600612 ] ] ] } },
{ "type": "Feature", "properties": { "osm_id": "w195699575", "kind": "industrial" }, "geometry": { "type": "Polygon", "coordinates": [ [ [ 69.1492704, 41.4626982 ], [ 69.1502132, 41.4626548 ], [ 69.1502966, 41.4622194 ], [ 69.1501905, 41.4622001 ], [ 69.1502965, 41.4618243 ], [ 69.1504348, 41.4618388 ], [ 69.150625, 41.4613911 ], [ 69.1507527, 41.461414 ], [ 69.1510497, 41.4614859 ], [ 69.1509585, 41.4617392 ], [ 69.1516049, 41.461903 ], [ 69.1517063, 41.4616924 ], [ 69.1518566, 41.4617407 ], [ 69.1515918, 41.4621583 ], [ 69.1518935, 41.4622327 ], [ 69.1516854, 41.4625723 ], [ 69.1508476, 41.4626927 ], [ 69.1506957, 41.4627322 ], [ 69.1503315, 41.4627833 ], [ 69.1501727, 41.4627644 ], [ 69.1492909, 41.4628549 ], [ 69.1492704, 41.4626982 ] ] ] } },
{ "type": "Feature", "properties": { "osm_id": "w195734684", "kind": "industrial" }, "geometry": { "type": "Polygon", "coordinates": [ [ [ 69.1504652, 41.4734819 ], [ 69.1502223, 41.4736606 ], [ 69.1497406, 41.4734356 ], [ 69.1493355, 41.4731503 ], [ 69.1491077, 41.4729111 ], [ 69.1487858, 41.4724107 ], [ 69.1490326, 41.4722238 ], [ 69.1492822, 41.4721291 ], [ 69.1492116, 41.4720305 ], [ 69.1498402, 41.4718576 ], [ 69.1503577, 41.4724329 ], [ 69.1505244, 41.4726426 ], [ 69.150655, 41.4726997 ], [ 69.1507109, 41.4728048 ], [ 69.150562, 41.4728669 ], [ 69.1506877, 41.4732556 ], [ 69.1510553, 41.4732228 ], [ 69.1511035, 41.473498 ], [ 69.1504652, 41.4734819 ] ] ] } },
{ "type": "Feature", "properties": { "osm_id": "w195734848", "kind": "industrial" }, "geometry": { "type": "Polygon", "coordinates": [ [ [ 69.1534572, 41.4634959 ], [ 69.1543489, 41.4629964 ], [ 69.1541236, 41.4627854 ], [ 69.153802, 41.4628758 ], [ 69.1535428, 41.4629957 ], [ 69.1534609, 41.4629069 ], [ 69.1533723, 41.4629383 ], [ 69.1532053, 41.4630361 ], [ 69.1534572, 41.4634959 ] ] ] } },
{ "type": "Feature", "properties": { "osm_id": "w195739204", "kind": "industrial" }, "geometry": { "type": "Polygon", "coordinates": [ [ [ 69.1502239, 41.4682524 ], [ 69.1506629, 41.4680946 ], [ 69.1503048, 41.4676525 ], [ 69.149948, 41.4678202 ], [ 69.1501327, 41.4681553 ], [ 69.1502239, 41.4682524 ] ] ] } },
{ "type": "Feature", "properties": { "osm_id": "w195739562", "kind": "industrial" }, "geometry": { "type": "Polygon", "coordinates": [ [ [ 69.1479427, 41.467376 ], [ 69.1479241, 41.4668087 ], [ 69.1482242, 41.4667913 ], [ 69.1482164, 41.4666978 ], [ 69.1485075, 41.4666742 ], [ 69.1486037, 41.4673921 ], [ 69.1479427, 41.467376 ] ] ] } },
{ "type": "Feature", "properties": { "osm_id": "w195930359", "kind": "industrial" }, "geometry": { "type": "Polygon", "coordinates": [ [ [ 69.1691726, 41.4527158 ], [ 69.1689333, 41.4529641 ], [ 69.1686667, 41.4528251 ], [ 69.1690073, 41.4524934 ], [ 69.1690636, 41.4525296 ], [ 69.1689617, 41.4526301 ], [ 69.1691726, 41.4527158 ] ] ] } },
{ "type": "Feature", "properties": { "osm_id": "w195939150", "kind": "industrial" }, "geometry": { "type": "Polygon", "coordinates": [ [ [ 69.1833329, 41.4744603 ], [ 69.1829224, 41.4745118 ], [ 69.1829415, 41.4743254 ], [ 69.1826811, 41.4742693 ], [ 69.1828409, 41.4739683 ], [ 69.1831854, 41.473913 ], [ 69.1832636, 41.4742031 ], [ 69.1833329, 41.4744603 ] ] ] } },
{ "type": "Feature", "properties": { "osm_id": "w195939168", "kind": "industrial" }, "geometry": { "type": "Polygon", "coordinates": [ [ [ 69.1832636, 41.4742031 ], [ 69.1836898, 41.474134 ], [ 69.1836243, 41.4739108 ], [ 69.1834279, 41.4738906 ], [ 69.1831854, 41.473913 ], [ 69.1832636, 41.4742031 ] ] ] } },
{ "type": "Feature", "properties": { "osm_id": "w197484780", "kind": "cemetery" }, "geometry": { "type": "Polygon", "coordinates": [ [ [ 69.3762206, 41.3739167 ], [ 69.3748538, 41.3725176 ], [ 69.3750098, 41.3722694 ], [ 69.3753378, 41.3722091 ], [ 69.3762901, 41.3723599 ], [ 69.3765649, 41.3711728 ], [ 69.3770903, 41.3710817 ], [ 69.3784218, 41.3718636 ], [ 69.3788879, 41.3720435 ], [ 69.3784261, 41.3725545 ], [ 69.3784426, 41.3729233 ], [ 69.3782929, 41.3730368 ], [ 69.3786291, 41.3733952 ], [ 69.3783141, 41.373802 ], [ 69.3774156, 41.3737126 ], [ 69.3768978, 41.3736896 ], [ 69.3762206, 41.3739167 ] ] ] } },
{ "type": "Feature", "properties": { "osm_id": "w197485402", "kind": "cemetery" }, "geometry": { "type": "Polygon", "coordinates": [ [ [ 69.4798416, 41.4122782 ], [ 69.4798855, 41.4122288 ], [ 69.4799674, 41.4122431 ], [ 69.4800084, 41.4122936 ], [ 69.4799528, 41.4123419 ], [ 69.479903, 41.4123474 ], [ 69.4798635, 41.4123353 ], [ 69.4798416, 41.4122782 ] ] ] } },
{ "type": "Feature", "properties": { "osm_id": "w197882950", "kind": "cemetery" }, "geometry": { "type": "Polygon", "coordinates": [ [ [ 69.4931331, 41.3987554 ], [ 69.4937173, 41.3982071 ], [ 69.4939901, 41.3981307 ], [ 69.4942836, 41.3981107 ], [ 69.495207, 41.3986361 ], [ 69.4947955, 41.399156 ], [ 69.4945972, 41.3991542 ], [ 69.4943397, 41.3992521 ], [ 69.4941197, 41.3993673 ], [ 69.4931331, 41.3987554 ] ] ] } },
{ "type": "Feature", "properties": { "osm_id": "w197883445", "kind": "military" }, "geometry": { "type": "Polygon", "coordinates": [ [ [ 69.2660116, 41.3011014 ], [ 69.2665534, 41.3014055 ], [ 69.266886, 41.3010022 ], [ 69.2665672, 41.3008316 ], [ 69.2663295, 41.3007044 ], [ 69.2660116, 41.3011014 ] ] ] } },
{ "type": "Feature", "properties": { "osm_id": "w197891529", "kind": "industrial" }, "geometry": { "type": "Polygon", "coordinates": [ [ [ 69.4931645, 41.4521971 ], [ 69.4934018, 41.4523973 ], [ 69.4937129, 41.4526599 ], [ 69.4947389, 41.4520529 ], [ 69.4951703, 41.4517976 ], [ 69.4955964, 41.451494 ], [ 69.4938968, 41.4503523 ], [ 69.4929558, 41.4501768 ], [ 69.4917318, 41.4498682 ], [ 69.4911376, 41.4501673 ], [ 69.4924691, 41.4515622 ], [ 69.4931645, 41.4521971 ] ] ] } },
{ "type": "Feature", "properties": { "osm_id": "w197893812", "kind": "industrial" }, "geometry": { "type": "Polygon", "coordinates": [ [ [ 69.4790162, 41.425024 ], [ 69.4817218, 41.4226605 ], [ 69.4831667, 41.4235265 ], [ 69.4820853, 41.4244788 ], [ 69.4823338, 41.4246651 ], [ 69.4804288, 41.4259176 ], [ 69.4790162, 41.425024 ] ] ] } },
{ "type": "Feature", "properties": { "osm_id": "w197897998", "kind": "industrial" }, "geometry": { "type": "Polygon", "coordinates": [ [ [ 69.4849905, 41.4069237 ], [ 69.486022, 41.4059502 ], [ 69.4874459, 41.4068329 ], [ 69.4862206, 41.4079009 ], [ 69.4855861, 41.407494 ], [ 69.485683, 41.4073269 ], [ 69.4849905, 41.4069237 ] ] ] } },
{ "type": "Feature", "properties": { "osm_id": "w197939919", "kind": "industrial" }, "geometry": { "type": "Polygon", "coordinates": [ [ [ 69.1506115, 41.4635658 ], [ 69.1503211, 41.4629443 ], [ 69.1495009, 41.4630447 ], [ 69.1499057, 41.4638017 ], [ 69.1506115, 41.4635658 ] ] ] } },
{ "type": "Feature", "properties": { "osm_id": "w197987647", "kind": "cemetery" }, "geometry": { "type": "Polygon", "coordinates": [ [ [ 69.5080065, 41.4227517 ], [ 69.5080518, 41.422814 ], [ 69.5091245, 41.4233957 ], [ 69.5093192, 41.4234939 ], [ 69.5094971, 41.4233213 ], [ 69.5104762, 41.4223811 ], [ 69.5102634, 41.4222676 ], [ 69.5093343, 41.4218268 ], [ 69.5090433, 41.421662 ], [ 69.5088726, 41.4218382 ], [ 69.5089953, 41.4220226 ], [ 69.5088722, 41.4221654 ], [ 69.5086618, 41.4221182 ], [ 69.5084729, 41.4222979 ], [ 69.5084217, 41.4222846 ], [ 69.5080163, 41.4226682 ], [ 69.5080065, 41.4227517 ] ] ] } },
{ "type": "Feature", "properties": { "osm_id": "w198119886", "kind": "cemetery" }, "geometry": { "type": "Polygon", "coordinates": [ [ [ 69.1818969, 41.4241102 ], [ 69.1825748, 41.4238355 ], [ 69.1827455, 41.4237432 ], [ 69.1829563, 41.4235977 ], [ 69.1835585, 41.4236805 ], [ 69.183351, 41.4239966 ], [ 69.1830265, 41.4243804 ], [ 69.1824745, 41.4249247 ], [ 69.1821199, 41.424847 ], [ 69.1818616, 41.4244968 ], [ 69.1818969, 41.4241102 ] ] ] } },
{ "type": "Feature", "properties": { "osm_id": "w198251854", "kind": "industrial" }, "geometry": { "type": "Polygon", "coordinates": [ [ [ 69.3960318, 41.4742135 ], [ 69.3925186, 41.4743575 ], [ 69.3926472, 41.4758639 ], [ 69.3957818, 41.4757014 ], [ 69.3957851, 41.4755516 ], [ 69.3960906, 41.4755319 ], [ 69.3960318, 41.4742135 ] ] ] } },
{ "type": "Feature", "properties": { "osm_id": "w198560416", "kind": "cemetery" }, "geometry": { "type": "Polygon", "coordinates": [ [ [ 69.455305, 41.3804636 ], [ 69.4575631, 41.3812735 ], [ 69.4567298, 41.3827474 ], [ 69.4567051, 41.3827862 ], [ 69.4565642, 41.3829687 ], [ 69.4562042, 41.3827901 ], [ 69.455763, 41.3832053 ], [ 69.4555261, 41.3836625 ], [ 69.4560302, 41.3839625 ], [ 69.4557646, 41.3844062 ], [ 69.4553877, 41.3848358 ], [ 69.4555752, 41.3849334 ], [ 69.4553677, 41.3851992 ], [ 69.454387, 41.3847605 ], [ 69.4542459, 41.3849459 ], [ 69.4538542, 41.3848047 ], [ 69.4540292, 41.3844918 ], [ 69.4537939, 41.384392 ], [ 69.4542535, 41.3838064 ], [ 69.4546913, 41.3828447 ], [ 69.4541642, 41.3822098 ], [ 69.455305, 41.3804636 ] ] ] } },
{ "type": "Feature", "properties": { "osm_id": "w198561827", "kind": "cemetery" }, "geometry": { "type": "Polygon", "coordinates": [ [ [ 69.474732, 41.3572104 ], [ 69.4763204, 41.3581811 ], [ 69.4771593, 41.3573025 ], [ 69.4751929, 41.3570387 ], [ 69.4748116, 41.3569939 ], [ 69.47479, 41.3570428 ], [ 69.4749588, 41.3570974 ], [ 69.4748885, 41.3571959 ], [ 69.4747408, 41.357159 ], [ 69.474732, 41.3572104 ] ] ] } },
{ "type": "Feature", "properties": { "osm_id": "w198577389", "kind": "cemetery" }, "geometry": { "type": "Polygon", "coordinates": [ [ [ 69.4867554, 41.3633704 ], [ 69.4869061, 41.362689 ], [ 69.4869022, 41.3626281 ], [ 69.4870954, 41.3626687 ], [ 69.488266, 41.3635705 ], [ 69.4877985, 41.3638924 ], [ 69.4870761, 41.3635879 ], [ 69.4867554, 41.3633704 ] ] ] } },
{ "type": "Feature", "properties": { "osm_id": "w198706443", "kind": "cemetery" }, "geometry": { "type": "Polygon", "coordinates": [ [ [ 69.4327618, 41.3704058 ], [ 69.4328594, 41.3700063 ], [ 69.4331474, 41.3700332 ], [ 69.4351164, 41.3697651 ], [ 69.4352628, 41.3702038 ], [ 69.4358146, 41.3705193 ], [ 69.4356796, 41.3707055 ], [ 69.4350034, 41.3705565 ], [ 69.4344966, 41.3705668 ], [ 69.433654, 41.3706611 ], [ 69.4327618, 41.3704058 ] ] ] } },
{ "type": "Feature", "properties": { "osm_id": "w200134500", "kind": "cemetery" }, "geometry": { "type": "Polygon", "coordinates": [ [ [ 69.4489161, 41.3331149 ], [ 69.4490278, 41.3330105 ], [ 69.4491786, 41.3329351 ], [ 69.4495924, 41.3332902 ], [ 69.4502952, 41.3338135 ], [ 69.450455, 41.3339486 ], [ 69.4505133, 41.3341461 ], [ 69.4501433, 41.334363 ], [ 69.4497824, 41.3339933 ], [ 69.4492266, 41.3334514 ], [ 69.4489161, 41.3331149 ] ] ] } },
{ "type": "Feature", "properties": { "osm_id": "w201127454", "kind": "industrial" }, "geometry": { "type": "Polygon", "coordinates": [ [ [ 69.3594644, 41.3036272 ], [ 69.3594129, 41.3036512 ], [ 69.3593614, 41.3036 ], [ 69.3593243, 41.3035631 ], [ 69.3593632, 41.3034911 ], [ 69.3586508, 41.3026956 ], [ 69.3584654, 41.3027935 ], [ 69.3581763, 41.3029462 ], [ 69.3576001, 41.3032505 ], [ 69.3568146, 41.3036208 ], [ 69.3574058, 41.30427 ], [ 69.3574277, 41.3046375 ], [ 69.3563055, 41.3051922 ], [ 69.3565065, 41.3054634 ], [ 69.3566735, 41.3054199 ], [ 69.3567638, 41.3055047 ], [ 69.3568654, 41.3056127 ], [ 69.3575586, 41.3055189 ], [ 69.3577193, 41.305495 ], [ 69.3579895, 41.3054052 ], [ 69.3579961, 41.3054126 ], [ 69.3580122, 41.3054341 ], [ 69.3583575, 41.3054123 ], [ 69.358453, 41.3054019 ], [ 69.3590801, 41.3053338 ], [ 69.359479, 41.3051313 ], [ 69.359637, 41.3049931 ], [ 69.3598974, 41.3047653 ], [ 69.3601787, 41.30439 ], [ 69.3595477, 41.3037161 ], [ 69.3594644, 41.3036272 ] ] ] } },
{ "type": "Feature", "properties": { "osm_id": "w201363135", "kind": "cemetery" }, "geometry": { "type": "Polygon", "coordinates": [ [ [ 69.3956141, 41.237833 ], [ 69.3959303, 41.2383193 ], [ 69.3960439, 41.2383406 ], [ 69.3966237, 41.2382781 ], [ 69.3965872, 41.2381622 ], [ 69.396281, 41.2377034 ], [ 69.3961837, 41.2376378 ], [ 69.3956769, 41.237807 ], [ 69.3956141, 41.237833 ] ] ] } },
{ "type": "Feature", "properties": { "osm_id": "w201363136", "kind": "cemetery" }, "geometry": { "type": "Polygon", "coordinates": [ [ [ 69.4882646, 41.3225305 ], [ 69.4882398, 41.3224308 ], [ 69.4869833, 41.3225465 ], [ 69.4868547, 41.3225706 ], [ 69.4867873, 41.3226237 ], [ 69.4867538, 41.3233202 ], [ 69.486825, 41.3234961 ], [ 69.4869356, 41.3237015 ], [ 69.4870664, 41.3239021 ], [ 69.4872896, 41.3241583 ], [ 69.4874049, 41.3243359 ], [ 69.4882283, 41.3240949 ], [ 69.4888063, 41.3239814 ], [ 69.4886362, 41.3237048 ], [ 69.488428, 41.3237932 ], [ 69.4880102, 41.3234051 ], [ 69.4882472, 41.3232163 ], [ 69.4883471, 41.3225342 ], [ 69.4882646, 41.3225305 ] ] ] } },
{ "type": "Feature", "properties": { "osm_id": "w201385277", "kind": "cemetery" }, "geometry": { "type": "Polygon", "coordinates": [ [ [ 69.3755155, 41.1507808 ], [ 69.3752218, 41.1502684 ], [ 69.3744486, 41.1498841 ], [ 69.3748779, 41.1494161 ], [ 69.3752432, 41.1493514 ], [ 69.3756659, 41.1495456 ], [ 69.3762318, 41.1498369 ], [ 69.3764825, 41.1499124 ], [ 69.3770412, 41.1497668 ], [ 69.3778149, 41.1495348 ], [ 69.378345, 41.1496265 ], [ 69.3787819, 41.1499933 ], [ 69.3792261, 41.1508186 ], [ 69.3789897, 41.151099 ], [ 69.3788321, 41.1512609 ], [ 69.3790935, 41.1514415 ], [ 69.3789682, 41.1517881 ], [ 69.3782053, 41.1520241 ], [ 69.3778182, 41.1520212 ], [ 69.377514, 41.1519405 ], [ 69.3766902, 41.1515198 ], [ 69.3768478, 41.1513525 ], [ 69.3769195, 41.151153 ], [ 69.376898, 41.1508914 ], [ 69.3767368, 41.1507134 ], [ 69.3763965, 41.150592 ], [ 69.3759345, 41.1506352 ], [ 69.3755155, 41.1507808 ] ] ] } },
{ "type": "Feature", "properties": { "osm_id": "w201385278", "kind": "cemetery" }, "geometry": { "type": "Polygon", "coordinates": [ [ [ 69.4035783, 41.1350722 ], [ 69.4070928, 41.1337029 ], [ 69.4071107, 41.1339943 ], [ 69.4064123, 41.1358205 ], [ 69.405302, 41.1361739 ], [ 69.4049474, 41.1360822 ], [ 69.4044065, 41.1362791 ], [ 69.4035783, 41.1350722 ] ] ] } },
{ "type": "Feature", "properties": { "osm_id": "w201526477", "kind": "cemetery" }, "geometry": { "type": "Polygon", "coordinates": [ [ [ 69.417306, 41.3304066 ], [ 69.4178664, 41.3299739 ], [ 69.4179705, 41.3298882 ], [ 69.4183243, 41.3296474 ], [ 69.4185277, 41.3296236 ], [ 69.4190086, 41.3296367 ], [ 69.4196906, 41.3297987 ], [ 69.4199269, 41.3300129 ], [ 69.4198621, 41.3300878 ], [ 69.4199505, 41.3301383 ], [ 69.420786, 41.3306155 ], [ 69.4208729, 41.3307053 ], [ 69.420905, 41.3308069 ], [ 69.4208837, 41.3309073 ], [ 69.4197942, 41.3318617 ], [ 69.419445, 41.3320288 ], [ 69.4189889, 41.3318235 ], [ 69.4190787, 41.3313892 ], [ 69.418681, 41.3313954 ], [ 69.4185357, 41.3315647 ], [ 69.41837, 41.3314796 ], [ 69.4181221, 41.3312722 ], [ 69.417306, 41.3304066 ] ] ] } },
{ "type": "Feature", "properties": { "osm_id": "w202167848", "kind": "military" }, "geometry": { "type": "Polygon", "coordinates": [ [ [ 69.4644558, 41.4157466 ], [ 69.4648191, 41.4140643 ], [ 69.4645266, 41.4119044 ], [ 69.4645276, 41.4117855 ], [ 69.4642255, 41.4107745 ], [ 69.4636037, 41.4103888 ], [ 69.4633362, 41.4102068 ], [ 69.4626406, 41.4098192 ], [ 69.4619809, 41.4094309 ], [ 69.4614989, 41.4102001 ], [ 69.4607467, 41.4098884 ], [ 69.4613166, 41.4089707 ], [ 69.4612142, 41.4089124 ], [ 69.4586816, 41.4074702 ], [ 69.4575048, 41.4067872 ], [ 69.4556119, 41.4057349 ], [ 69.4551924, 41.4055201 ], [ 69.4551044, 41.405483 ], [ 69.4544625, 41.4052155 ], [ 69.4524467, 41.4045442 ], [ 69.4516869, 41.4043023 ], [ 69.4509531, 41.4044235 ], [ 69.4510083, 41.4045665 ], [ 69.4502582, 41.4046867 ], [ 69.4506396, 41.4052241 ], [ 69.4498965, 41.4053508 ], [ 69.4476848, 41.40599 ], [ 69.4446363, 41.4068359 ], [ 69.4444649, 41.4069163 ], [ 69.4441809, 41.4071741 ], [ 69.4436254, 41.4076781 ], [ 69.4427382, 41.4085318 ], [ 69.4420279, 41.4094518 ], [ 69.4414176, 41.4106071 ], [ 69.4410154, 41.4118253 ], [ 69.4408853, 41.4127154 ], [ 69.440839, 41.4130322 ], [ 69.4409301, 41.4146229 ], [ 69.4410976, 41.4154033 ], [ 69.4413988, 41.4162117 ], [ 69.4418629, 41.4171102 ], [ 69.4419035, 41.4172985 ], [ 69.4422893, 41.4178632 ], [ 69.4436165, 41.4192829 ], [ 69.4448262, 41.4201838 ], [ 69.4458947, 41.4208615 ], [ 69.4466794, 41.4212186 ], [ 69.4471002, 41.4214102 ], [ 69.4483649, 41.4218603 ], [ 69.4490309, 41.4219843 ], [ 69.4498878, 41.4223989 ], [ 69.4502688, 41.4224857 ], [ 69.4510085, 41.4223912 ], [ 69.4524065, 41.4224955 ], [ 69.4536131, 41.4224765 ], [ 69.4554114, 41.4222325 ], [ 69.4576142, 41.421692 ], [ 69.4578329, 41.4216214 ], [ 69.4582193, 41.4215018 ], [ 69.4598808, 41.4206389 ], [ 69.4610042, 41.419894 ], [ 69.4619787, 41.4190888 ], [ 69.4619921, 41.4189827 ], [ 69.4629481, 41.4181642 ], [ 69.4637012, 41.4170233 ], [ 69.4644558, 41.4157466 ] ] ] } },
{ "type": "Feature", "properties": { "osm_id": "w202263771", "kind": "industrial" }, "geometry": { "type": "Polygon", "coordinates": [ [ [ 69.371127, 41.4079067 ], [ 69.3699751, 41.4076011 ], [ 69.3696518, 41.4082866 ], [ 69.3708037, 41.4085922 ], [ 69.371127, 41.4079067 ] ] ] } },
{ "type": "Feature", "properties": { "osm_id": "w202339340", "kind": "railway" }, "geometry": { "type": "Polygon", "coordinates": [ [ [ 69.2380422, 41.3817597 ], [ 69.2397765, 41.3798225 ], [ 69.2399865, 41.3796493 ], [ 69.2403519, 41.3793835 ], [ 69.2413493, 41.3787241 ], [ 69.242532, 41.3779073 ], [ 69.2441937, 41.3769592 ], [ 69.2453065, 41.3761717 ], [ 69.2483208, 41.3738989 ], [ 69.2492005, 41.3732177 ], [ 69.2498248, 41.3726297 ], [ 69.2500049, 41.3728876 ], [ 69.2500494, 41.3731292 ], [ 69.2498813, 41.3736378 ], [ 69.2485866, 41.3746405 ], [ 69.2460049, 41.3768233 ], [ 69.2447343, 41.3784098 ], [ 69.2429635, 41.3800319 ], [ 69.2430266, 41.3802327 ], [ 69.2430824, 41.380264 ], [ 69.2441444, 41.379273 ], [ 69.2462434, 41.3773632 ], [ 69.2476393, 41.3761754 ], [ 69.2535742, 41.3709187 ], [ 69.2537669, 41.370757 ], [ 69.2537232, 41.3706051 ], [ 69.2536142, 41.3704963 ], [ 69.256407, 41.3681057 ], [ 69.2574163, 41.3673789 ], [ 69.257436, 41.3682114 ], [ 69.2573564, 41.3685943 ], [ 69.2578511, 41.368176 ], [ 69.2577687, 41.3679459 ], [ 69.2576857, 41.367185 ], [ 69.2577028, 41.3667702 ], [ 69.2579099, 41.3662723 ], [ 69.2580488, 41.3660728 ], [ 69.2586248, 41.3656495 ], [ 69.2592295, 41.3652976 ], [ 69.259478, 41.3654569 ], [ 69.2598991, 41.3655395 ], [ 69.2600996, 41.3654952 ], [ 69.2615622, 41.3643928 ], [ 69.2612945, 41.3642035 ], [ 69.2610747, 41.3640481 ], [ 69.2612203, 41.3637396 ], [ 69.261935, 41.3631288 ], [ 69.2610362, 41.3628498 ], [ 69.2609471, 41.3629671 ], [ 69.2609175, 41.3630061 ], [ 69.2606105, 41.3628554 ], [ 69.2601962, 41.3632344 ], [ 69.2570421, 41.3654106 ], [ 69.255863, 41.3661908 ], [ 69.2504283, 41.3701399 ], [ 69.2496962, 41.3707843 ], [ 69.2491292, 41.3713418 ], [ 69.2491066, 41.3713643 ], [ 69.2470462, 41.3726525 ], [ 69.2455152, 41.3735646 ], [ 69.2453694, 41.3736739 ], [ 69.245171, 41.3738263 ], [ 69.2452193, 41.3738653 ], [ 69.2451686, 41.3738982 ], [ 69.2452109, 41.3739358 ], [ 69.2419553, 41.3762219 ], [ 69.2414211, 41.3766169 ], [ 69.241198, 41.3768505 ], [ 69.2410106, 41.377099 ], [ 69.2407515, 41.3775773 ], [ 69.2392224, 41.3793864 ], [ 69.2388563, 41.3798994 ], [ 69.2385801, 41.3803033 ], [ 69.2376463, 41.3816424 ], [ 69.2380422, 41.3817597 ] ] ] } },
{ "type": "Feature", "properties": { "osm_id": "w203206695", "kind": "industrial" }, "geometry": { "type": "Polygon", "coordinates": [ [ [ 69.4822494, 41.2864925 ], [ 69.4824347, 41.2864151 ], [ 69.4842657, 41.286454 ], [ 69.4843219, 41.2867855 ], [ 69.486134, 41.2868865 ], [ 69.4858714, 41.2896315 ], [ 69.4836655, 41.2892595 ], [ 69.4836561, 41.2891897 ], [ 69.4831843, 41.2891903 ], [ 69.4831841, 41.2890669 ], [ 69.4831837, 41.2884224 ], [ 69.4827967, 41.2874815 ], [ 69.4827964, 41.2873288 ], [ 69.4827641, 41.2873324 ], [ 69.4826839, 41.2873414 ], [ 69.4822494, 41.2864925 ] ] ] } },
{ "type": "Feature", "properties": { "osm_id": "w203211086", "kind": "cemetery" }, "geometry": { "type": "Polygon", "coordinates": [ [ [ 69.3730658, 41.2834014 ], [ 69.3733774, 41.2827167 ], [ 69.3738334, 41.2819179 ], [ 69.3743224, 41.2816211 ], [ 69.3744764, 41.2815928 ], [ 69.3789674, 41.283001 ], [ 69.3792872, 41.2831108 ], [ 69.3780121, 41.2851119 ], [ 69.3774533, 41.2860646 ], [ 69.3766711, 41.2856805 ], [ 69.375849, 41.286514 ], [ 69.3757287, 41.286532 ], [ 69.3756977, 41.286657 ], [ 69.3746178, 41.2864785 ], [ 69.3741349, 41.286248 ], [ 69.3731519, 41.2858961 ], [ 69.3725933, 41.2857884 ], [ 69.3721028, 41.285665 ], [ 69.3721702, 41.2854032 ], [ 69.3730658, 41.2834014 ] ] ] } },
{ "type": "Feature", "properties": { "osm_id": "w203214145", "kind": "cemetery" }, "geometry": { "type": "Polygon", "coordinates": [ [ [ 69.4471795, 41.2891421 ], [ 69.4470366, 41.288876 ], [ 69.4470392, 41.2886154 ], [ 69.4472986, 41.2884722 ], [ 69.4475448, 41.2884245 ], [ 69.4477089, 41.2884822 ], [ 69.4480964, 41.2887566 ], [ 69.4485287, 41.2890155 ], [ 69.4483601, 41.2891907 ], [ 69.4485791, 41.2896175 ], [ 69.4482954, 41.2898101 ], [ 69.4480218, 41.2899244 ], [ 69.4477228, 41.2899684 ], [ 69.4474658, 41.2898893 ], [ 69.4471795, 41.2891421 ] ] ] } },
{ "type": "Feature", "properties": { "osm_id": "w203556834", "kind": "cemetery" }, "geometry": { "type": "Polygon", "coordinates": [ [ [ 69.4962957, 41.299607 ], [ 69.49606, 41.2998151 ], [ 69.4959628, 41.3001293 ], [ 69.4960099, 41.3003927 ], [ 69.4962014, 41.300572 ], [ 69.4964106, 41.3007247 ], [ 69.4964989, 41.3008066 ], [ 69.4966757, 41.3007667 ], [ 69.4967169, 41.3007025 ], [ 69.4967935, 41.300406 ], [ 69.4968024, 41.3000961 ], [ 69.4967258, 41.2998549 ], [ 69.4965903, 41.299576 ], [ 69.4964371, 41.2995362 ], [ 69.4962957, 41.299607 ] ] ] } },
{ "type": "Feature", "properties": { "osm_id": "w203559726", "kind": "cemetery" }, "geometry": { "type": "Polygon", "coordinates": [ [ [ 69.4480182, 41.221363 ], [ 69.4481495, 41.2209761 ], [ 69.4483617, 41.2208189 ], [ 69.4486215, 41.2207181 ], [ 69.4492579, 41.2205854 ], [ 69.4494386, 41.2205355 ], [ 69.4496223, 41.2206819 ], [ 69.4498189, 41.2208728 ], [ 69.4498812, 41.2210197 ], [ 69.4498373, 41.221209 ], [ 69.449657, 41.2213799 ], [ 69.449393, 41.2216088 ], [ 69.4492154, 41.2218491 ], [ 69.4488867, 41.2223166 ], [ 69.4485359, 41.2226982 ], [ 69.4484078, 41.2226611 ], [ 69.4482303, 41.2226244 ], [ 69.4481053, 41.2225729 ], [ 69.4479797, 41.2225224 ], [ 69.4476924, 41.2224287 ], [ 69.4480182, 41.221363 ] ] ] } },
{ "type": "Feature", "properties": { "osm_id": "w203568467", "kind": "cemetery" }, "geometry": { "type": "Polygon", "coordinates": [ [ [ 69.4354527, 41.1866764 ], [ 69.4333827, 41.1877795 ], [ 69.4326976, 41.1881762 ], [ 69.4320918, 41.1885179 ], [ 69.4333542, 41.1899554 ], [ 69.4347674, 41.1892835 ], [ 69.4358906, 41.1888456 ], [ 69.436219, 41.1879609 ], [ 69.4361204, 41.1877177 ], [ 69.4359702, 41.1875199 ], [ 69.4359004, 41.1870597 ], [ 69.4354527, 41.1866764 ] ] ] } },
{ "type": "Feature", "properties": { "osm_id": "w203570874", "kind": "cemetery" }, "geometry": { "type": "Polygon", "coordinates": [ [ [ 69.4681493, 41.2482088 ], [ 69.468157, 41.2477599 ], [ 69.4684249, 41.2474577 ], [ 69.4688804, 41.2471929 ], [ 69.4689646, 41.2471181 ], [ 69.4690411, 41.2474865 ], [ 69.4691407, 41.2479354 ], [ 69.469045, 41.2482031 ], [ 69.4687962, 41.2483988 ], [ 69.4684823, 41.2484045 ], [ 69.4682297, 41.2483613 ], [ 69.4681493, 41.2482088 ] ] ] } },
{ "type": "Feature", "properties": { "osm_id": "w203573457", "kind": "cemetery" }, "geometry": { "type": "Polygon", "coordinates": [ [ [ 69.4742941, 41.1819679 ], [ 69.47255, 41.1830119 ], [ 69.4730484, 41.1833075 ], [ 69.4731871, 41.1836307 ], [ 69.4730309, 41.1841211 ], [ 69.4730992, 41.1843666 ], [ 69.4734155, 41.1847061 ], [ 69.4745517, 41.183736 ], [ 69.4747669, 41.1834741 ], [ 69.4747592, 41.1832917 ], [ 69.4746963, 41.1827472 ], [ 69.4746262, 41.1824593 ], [ 69.4742941, 41.1819679 ] ] ] } },
{ "type": "Feature", "properties": { "osm_id": "w203686816", "kind": "cemetery" }, "geometry": { "type": "Polygon", "coordinates": [ [ [ 69.4568116, 41.1915366 ], [ 69.4576389, 41.1908637 ], [ 69.4579163, 41.1907197 ], [ 69.4584519, 41.1907989 ], [ 69.4595087, 41.1912523 ], [ 69.4594131, 41.1914035 ], [ 69.4593414, 41.1916302 ], [ 69.4592553, 41.1917849 ], [ 69.4588631, 41.1917957 ], [ 69.4585762, 41.1917454 ], [ 69.4584136, 41.1916914 ], [ 69.4577632, 41.1918677 ], [ 69.4574859, 41.1919685 ], [ 69.4571081, 41.1918461 ], [ 69.4569024, 41.191713 ], [ 69.4568116, 41.1915366 ] ] ] } },
{ "type": "Feature", "properties": { "osm_id": "w203686817", "kind": "industrial" }, "geometry": { "type": "Polygon", "coordinates": [ [ [ 69.4264495, 41.2079609 ], [ 69.4182506, 41.2153943 ], [ 69.4221217, 41.2194745 ], [ 69.4196635, 41.2206393 ], [ 69.4165017, 41.2199624 ], [ 69.4165686, 41.2203487 ], [ 69.4170136, 41.2229337 ], [ 69.4157019, 41.2237647 ], [ 69.4162997, 41.2276599 ], [ 69.4186244, 41.2280788 ], [ 69.4214269, 41.2282244 ], [ 69.4241733, 41.2290228 ], [ 69.4268719, 41.2297947 ], [ 69.4271321, 41.2292319 ], [ 69.4269337, 41.2288556 ], [ 69.4274461, 41.2281852 ], [ 69.429272, 41.2237411 ], [ 69.428006, 41.2231572 ], [ 69.4226434, 41.2217806 ], [ 69.421188, 41.220214 ], [ 69.4283872, 41.2165578 ], [ 69.4309343, 41.2225775 ], [ 69.4335292, 41.2213058 ], [ 69.4331935, 41.2202441 ], [ 69.4346486, 41.2197463 ], [ 69.4317848, 41.2132979 ], [ 69.4321958, 41.2124107 ], [ 69.4321608, 41.2121186 ], [ 69.4301604, 41.2092042 ], [ 69.4294136, 41.2084661 ], [ 69.4264495, 41.2079609 ] ] ] } },
{ "type": "Feature", "properties": { "osm_id": "w203686867", "kind": "cemetery" }, "geometry": { "type": "Polygon", "coordinates": [ [ [ 69.4755066, 41.231009 ], [ 69.4757744, 41.2309532 ], [ 69.476102, 41.2309694 ], [ 69.4762383, 41.2310378 ], [ 69.4762048, 41.231169 ], [ 69.4761211, 41.2312464 ], [ 69.4758509, 41.2312553 ], [ 69.4756405, 41.2312338 ], [ 69.4755186, 41.2311852 ], [ 69.4754803, 41.2310737 ], [ 69.4755066, 41.231009 ] ] ] } },
{ "type": "Feature", "properties": { "osm_id": "w203686868", "kind": "cemetery" }, "geometry": { "type": "Polygon", "coordinates": [ [ [ 69.4828738, 41.1993913 ], [ 69.4830316, 41.1991934 ], [ 69.4837824, 41.1989307 ], [ 69.4839689, 41.1990386 ], [ 69.4840215, 41.199107 ], [ 69.4838828, 41.1991466 ], [ 69.4838063, 41.1993085 ], [ 69.4836294, 41.1996251 ], [ 69.4834381, 41.1997007 ], [ 69.4833233, 41.1997079 ], [ 69.4829646, 41.1995136 ], [ 69.4828738, 41.1993913 ] ] ] } },
{ "type": "Feature", "properties": { "osm_id": "w203689242", "kind": "cemetery" }, "geometry": { "type": "Polygon", "coordinates": [ [ [ 69.4955569, 41.2378476 ], [ 69.4955476, 41.2375835 ], [ 69.4956554, 41.2371229 ], [ 69.4958565, 41.2369282 ], [ 69.4960182, 41.2366815 ], [ 69.4962393, 41.236466 ], [ 69.4966786, 41.2362781 ], [ 69.4972054, 41.2360938 ], [ 69.497391, 41.2361985 ], [ 69.497738, 41.2362849 ], [ 69.4978546, 41.2364601 ], [ 69.4979842, 41.2364364 ], [ 69.4983515, 41.2372363 ], [ 69.4980428, 41.2374384 ], [ 69.4983285, 41.2394352 ], [ 69.4981636, 41.2395106 ], [ 69.4978261, 41.2392206 ], [ 69.4971557, 41.2388653 ], [ 69.4963839, 41.2384378 ], [ 69.4956496, 41.238146 ], [ 69.4955569, 41.2378476 ] ] ] } },
{ "type": "Feature", "properties": { "osm_id": "w203689472", "kind": "cemetery" }, "geometry": { "type": "Polygon", "coordinates": [ [ [ 69.4776664, 41.2109857 ], [ 69.4777994, 41.2112934 ], [ 69.4780163, 41.2115752 ], [ 69.4784155, 41.2116308 ], [ 69.4786619, 41.2116308 ], [ 69.4786964, 41.2115307 ], [ 69.4786028, 41.2112638 ], [ 69.4783909, 41.2109041 ], [ 69.4783169, 41.2108485 ], [ 69.4780853, 41.2109597 ], [ 69.4778931, 41.2110487 ], [ 69.4776664, 41.2109857 ] ] ] } },
{ "type": "Feature", "properties": { "osm_id": "w203700937", "kind": "cemetery" }, "geometry": { "type": "Polygon", "coordinates": [ [ [ 69.4532418, 41.2597739 ], [ 69.4536879, 41.2595172 ], [ 69.4539667, 41.2595224 ], [ 69.4548554, 41.2598158 ], [ 69.4553189, 41.2599887 ], [ 69.4556639, 41.260159 ], [ 69.4558835, 41.2607196 ], [ 69.4563609, 41.2610838 ], [ 69.4568419, 41.2613117 ], [ 69.4568454, 41.2614532 ], [ 69.4564934, 41.2619614 ], [ 69.4532662, 41.2599206 ], [ 69.4532209, 41.2598263 ], [ 69.4532418, 41.2597739 ] ] ] } },
{ "type": "Feature", "properties": { "osm_id": "w203711097", "kind": "cemetery" }, "geometry": { "type": "Polygon", "coordinates": [ [ [ 69.4121006, 41.2536464 ], [ 69.4119211, 41.2537902 ], [ 69.4118235, 41.2539193 ], [ 69.4118313, 41.2541541 ], [ 69.4120967, 41.2544065 ], [ 69.4123426, 41.254697 ], [ 69.412409, 41.25492 ], [ 69.4125573, 41.2551049 ], [ 69.41285, 41.2552017 ], [ 69.4132326, 41.2552076 ], [ 69.4134551, 41.2550638 ], [ 69.4135605, 41.2548701 ], [ 69.4136346, 41.2547293 ], [ 69.4135722, 41.2546148 ], [ 69.4134199, 41.2543184 ], [ 69.4134238, 41.2542275 ], [ 69.4133341, 41.2540074 ], [ 69.4131194, 41.2538049 ], [ 69.4127368, 41.2536053 ], [ 69.4124363, 41.2535408 ], [ 69.4122255, 41.2535731 ], [ 69.4121006, 41.2536464 ] ] ] } },
{ "type": "Feature", "properties": { "osm_id": "w204090072", "kind": "industrial" }, "geometry": { "type": "Polygon", "coordinates": [ [ [ 69.4988756, 41.16603 ], [ 69.4969255, 41.1659222 ], [ 69.4967817, 41.1659357 ], [ 69.4945318, 41.1665002 ], [ 69.4941709, 41.1665908 ], [ 69.4940468, 41.1667114 ], [ 69.4931906, 41.1671492 ], [ 69.492609, 41.1673878 ], [ 69.492569, 41.1673751 ], [ 69.4914143, 41.1661928 ], [ 69.4921688, 41.1655302 ], [ 69.492357, 41.1653649 ], [ 69.4917886, 41.1642603 ], [ 69.4935562, 41.1636185 ], [ 69.4939097, 41.1634793 ], [ 69.4949286, 41.1631958 ], [ 69.4951181, 41.1632062 ], [ 69.4956287, 41.1632636 ], [ 69.4958598, 41.163281 ], [ 69.4960308, 41.1632445 ], [ 69.4961255, 41.1632114 ], [ 69.4962896, 41.1631349 ], [ 69.4964836, 41.1630532 ], [ 69.4966523, 41.1630044 ], [ 69.4967401, 41.1630044 ], [ 69.4967586, 41.1630671 ], [ 69.4967586, 41.1634724 ], [ 69.4967794, 41.1635906 ], [ 69.4968002, 41.163615 ], [ 69.4968949, 41.1636063 ], [ 69.4973524, 41.1635593 ], [ 69.4975372, 41.1635385 ], [ 69.497669, 41.1635628 ], [ 69.4978214, 41.1636968 ], [ 69.4978561, 41.1638203 ], [ 69.4978515, 41.1640151 ], [ 69.4978492, 41.1641942 ], [ 69.4983344, 41.1648848 ], [ 69.4984823, 41.1652118 ], [ 69.4988843, 41.1660032 ], [ 69.4988756, 41.16603 ] ] ] } },
{ "type": "Feature", "properties": { "osm_id": "w204620421", "kind": "cemetery" }, "geometry": { "type": "Polygon", "coordinates": [ [ [ 69.3373016, 41.1214228 ], [ 69.337999, 41.121613 ], [ 69.3387203, 41.1227361 ], [ 69.3389728, 41.1233882 ], [ 69.338564, 41.1242304 ], [ 69.3382875, 41.1242576 ], [ 69.3378306, 41.1239678 ], [ 69.3377705, 41.1236418 ], [ 69.3379629, 41.1232523 ], [ 69.3375661, 41.1225278 ], [ 69.3373016, 41.1214228 ] ] ] } },
{ "type": "Feature", "properties": { "osm_id": "w204620422", "kind": "cemetery" }, "geometry": { "type": "Polygon", "coordinates": [ [ [ 69.3471033, 41.1256176 ], [ 69.3479269, 41.1246667 ], [ 69.3481914, 41.1245172 ], [ 69.3484319, 41.1245761 ], [ 69.3486483, 41.1248659 ], [ 69.349003, 41.1255452 ], [ 69.349045, 41.1257535 ], [ 69.3487986, 41.1258667 ], [ 69.3484559, 41.1259482 ], [ 69.3481433, 41.1258893 ], [ 69.3479509, 41.1258848 ], [ 69.3476023, 41.125921 ], [ 69.3472055, 41.1258304 ], [ 69.3470552, 41.1257399 ], [ 69.3471033, 41.1256176 ] ] ] } },
{ "type": "Feature", "properties": { "osm_id": "w204621105", "kind": "cemetery" }, "geometry": { "type": "Polygon", "coordinates": [ [ [ 69.3730348, 41.1193844 ], [ 69.3730348, 41.1195092 ], [ 69.3733183, 41.1209252 ], [ 69.3753374, 41.1206919 ], [ 69.3747618, 41.1191018 ], [ 69.3746397, 41.1190394 ], [ 69.3731526, 41.1192825 ], [ 69.3730348, 41.1193844 ] ] ] } },
{ "type": "Feature", "properties": { "osm_id": "w204621888", "kind": "cemetery" }, "geometry": { "type": "Polygon", "coordinates": [ [ [ 69.3397757, 41.170117 ], [ 69.3404424, 41.1697306 ], [ 69.3409203, 41.1697128 ], [ 69.3420365, 41.1704747 ], [ 69.3423186, 41.1705744 ], [ 69.3427198, 41.170801 ], [ 69.3426018, 41.1710763 ], [ 69.3423894, 41.171214 ], [ 69.3422006, 41.1712229 ], [ 69.3420885, 41.1711563 ], [ 69.3417522, 41.1712495 ], [ 69.3414277, 41.171214 ], [ 69.3412389, 41.1710852 ], [ 69.3407964, 41.171254 ], [ 69.3397188, 41.1701573 ], [ 69.3397757, 41.170117 ] ] ] } },
{ "type": "Feature", "properties": { "osm_id": "w205044415", "kind": "cemetery" }, "geometry": { "type": "Polygon", "coordinates": [ [ [ 69.3001093, 41.1729532 ], [ 69.2998651, 41.1733376 ], [ 69.3000372, 41.1741272 ], [ 69.3002092, 41.1743361 ], [ 69.3010862, 41.1748541 ], [ 69.3014636, 41.1752803 ], [ 69.3017188, 41.1759062 ], [ 69.3029041, 41.1769992 ], [ 69.3033751, 41.1766624 ], [ 69.3017812, 41.1729907 ], [ 69.3014557, 41.1728751 ], [ 69.3009833, 41.1728685 ], [ 69.3007525, 41.1731121 ], [ 69.3001093, 41.1729532 ] ] ] } },
{ "type": "Feature", "properties": { "osm_id": "w206507006", "kind": "cemetery" }, "geometry": { "type": "Polygon", "coordinates": [ [ [ 69.0878766, 41.1264473 ], [ 69.0887049, 41.1257468 ], [ 69.0887613, 41.1256387 ], [ 69.0887429, 41.1256213 ], [ 69.0888488, 41.125477 ], [ 69.088791, 41.1254392 ], [ 69.0893094, 41.1249189 ], [ 69.0899702, 41.1252824 ], [ 69.0903491, 41.1274534 ], [ 69.089463, 41.1275994 ], [ 69.0878766, 41.1264473 ] ] ] } },
{ "type": "Feature", "properties": { "osm_id": "w206616162", "kind": "cemetery" }, "geometry": { "type": "Polygon", "coordinates": [ [ [ 69.2608893, 41.1311492 ], [ 69.2614734, 41.1309388 ], [ 69.2618798, 41.1308737 ], [ 69.2623928, 41.1309273 ], [ 69.2628092, 41.1309082 ], [ 69.2625045, 41.1314935 ], [ 69.2621794, 41.1317651 ], [ 69.2620321, 41.1317728 ], [ 69.2618594, 41.1317345 ], [ 69.2617121, 41.1316351 ], [ 69.2614887, 41.13157 ], [ 69.2612093, 41.13157 ], [ 69.2609706, 41.1314514 ], [ 69.2608893, 41.1311492 ] ] ] } },
{ "type": "Feature", "properties": { "osm_id": "w206617736", "kind": "cemetery" }, "geometry": { "type": "Polygon", "coordinates": [ [ [ 69.2668315, 41.1843195 ], [ 69.267342, 41.1833107 ], [ 69.2690961, 41.1839787 ], [ 69.268763, 41.1845451 ], [ 69.2682397, 41.1848801 ], [ 69.2668315, 41.1843195 ] ] ] } },
{ "type": "Feature", "properties": { "osm_id": "w206625735", "kind": "cemetery" }, "geometry": { "type": "Polygon", "coordinates": [ [ [ 69.2800745, 41.1296759 ], [ 69.2803565, 41.1287469 ], [ 69.2832015, 41.1291382 ], [ 69.2831483, 41.129293 ], [ 69.2833024, 41.1293359 ], [ 69.2826512, 41.1307385 ], [ 69.2800745, 41.1296759 ] ] ] } },
{ "type": "Feature", "properties": { "osm_id": "w207137940", "kind": "cemetery" }, "geometry": { "type": "Polygon", "coordinates": [ [ [ 69.231568, 41.1513805 ], [ 69.2324039, 41.1506252 ], [ 69.2333925, 41.1512655 ], [ 69.2328909, 41.1518457 ], [ 69.2322949, 41.151583 ], [ 69.231568, 41.1513805 ] ] ] } },
{ "type": "Feature", "properties": { "osm_id": "w207156319", "kind": "cemetery" }, "geometry": { "type": "Polygon", "coordinates": [ [ [ 69.2723548, 41.1546909 ], [ 69.2724941, 41.1546365 ], [ 69.2731115, 41.1544696 ], [ 69.2732104, 41.1544951 ], [ 69.273366, 41.1553378 ], [ 69.2731562, 41.1552634 ], [ 69.2725246, 41.1549602 ], [ 69.2723257, 41.1548937 ], [ 69.2721608, 41.1548221 ], [ 69.2723548, 41.1546909 ] ] ] } },
{ "type": "Feature", "properties": { "osm_id": "w207417243", "kind": "cemetery" }, "geometry": { "type": "Polygon", "coordinates": [ [ [ 69.2162376, 41.1850471 ], [ 69.2163817, 41.1843164 ], [ 69.2165104, 41.1842716 ], [ 69.2173527, 41.1843629 ], [ 69.2176383, 41.1844476 ], [ 69.2172886, 41.1851164 ], [ 69.2164312, 41.1850881 ], [ 69.2162376, 41.1850471 ] ] ] } },
{ "type": "Feature", "properties": { "osm_id": "w207440658", "kind": "industrial" }, "geometry": { "type": "Polygon", "coordinates": [ [ [ 69.2023796, 41.1409591 ], [ 69.2036907, 41.1417662 ], [ 69.2046331, 41.1423464 ], [ 69.2044127, 41.1425713 ], [ 69.2040486, 41.1428893 ], [ 69.203994, 41.1429446 ], [ 69.2039504, 41.1429889 ], [ 69.2037575, 41.1431638 ], [ 69.2033405, 41.1435296 ], [ 69.2010873, 41.1421562 ], [ 69.2023796, 41.1409591 ] ] ] } },
{ "type": "Feature", "properties": { "osm_id": "w207446376", "kind": "cemetery" }, "geometry": { "type": "Polygon", "coordinates": [ [ [ 69.1922538, 41.1442248 ], [ 69.1923611, 41.1443735 ], [ 69.1927899, 41.1446369 ], [ 69.1931171, 41.1447176 ], [ 69.1933541, 41.1450576 ], [ 69.1936362, 41.1454867 ], [ 69.1943867, 41.1447686 ], [ 69.1940425, 41.1442503 ], [ 69.1937886, 41.144059 ], [ 69.1934021, 41.1439082 ], [ 69.1933936, 41.1438232 ], [ 69.1930071, 41.1438211 ], [ 69.1926516, 41.1438466 ], [ 69.1923864, 41.1440123 ], [ 69.1922538, 41.1442248 ] ] ] } },
{ "type": "Feature", "properties": { "osm_id": "w207451137", "kind": "cemetery" }, "geometry": { "type": "Polygon", "coordinates": [ [ [ 69.1902795, 41.1548004 ], [ 69.1903303, 41.1543799 ], [ 69.19075, 41.1543927 ], [ 69.1909362, 41.1544921 ], [ 69.1912814, 41.1548463 ], [ 69.1910377, 41.1548794 ], [ 69.1906789, 41.1548922 ], [ 69.1902795, 41.1548004 ] ] ] } },
{ "type": "Feature", "properties": { "osm_id": "w207549105", "kind": "cemetery" }, "geometry": { "type": "Polygon", "coordinates": [ [ [ 69.122796, 41.1672374 ], [ 69.1231183, 41.1667903 ], [ 69.1234383, 41.1666736 ], [ 69.1236055, 41.1666358 ], [ 69.1239987, 41.1665412 ], [ 69.1240567, 41.1667008 ], [ 69.1242932, 41.1669017 ], [ 69.1240613, 41.1671174 ], [ 69.1243184, 41.1673086 ], [ 69.1240756, 41.1676304 ], [ 69.1238887, 41.1677636 ], [ 69.1234147, 41.1677611 ], [ 69.1227524, 41.1674722 ], [ 69.122796, 41.1672374 ] ] ] } },
{ "type": "Feature", "properties": { "osm_id": "w207559590", "kind": "cemetery" }, "geometry": { "type": "Polygon", "coordinates": [ [ [ 69.1598438, 41.2141458 ], [ 69.1606086, 41.2132839 ], [ 69.1617073, 41.2141298 ], [ 69.1606414, 41.2148286 ], [ 69.1598438, 41.2141458 ] ] ] } },
{ "type": "Feature", "properties": { "osm_id": "w207559593", "kind": "cemetery" }, "geometry": { "type": "Polygon", "coordinates": [ [ [ 69.1435828, 41.1402606 ], [ 69.144618, 41.1396611 ], [ 69.1453309, 41.1400841 ], [ 69.1457689, 41.1401304 ], [ 69.1462123, 41.1401848 ], [ 69.1468953, 41.1403744 ], [ 69.1466382, 41.1408726 ], [ 69.14651, 41.1409028 ], [ 69.1442224, 41.1406551 ], [ 69.1441239, 41.1406441 ], [ 69.1440199, 41.1406169 ], [ 69.1437853, 41.1404345 ], [ 69.1435828, 41.1402606 ] ] ] } },
{ "type": "Feature", "properties": { "osm_id": "w207564726", "kind": "cemetery" }, "geometry": { "type": "Polygon", "coordinates": [ [ [ 69.0901052, 41.2766836 ], [ 69.090185, 41.27638 ], [ 69.0902995, 41.2763276 ], [ 69.0905859, 41.2762471 ], [ 69.0909482, 41.276375 ], [ 69.0910381, 41.2766696 ], [ 69.0911815, 41.2768794 ], [ 69.0913328, 41.2769973 ], [ 69.090283, 41.277292 ], [ 69.0901265, 41.2772153 ], [ 69.0900729, 41.2769635 ], [ 69.0901052, 41.2766836 ] ] ] } },
{ "type": "Feature", "properties": { "osm_id": "w207564727", "kind": "cemetery" }, "geometry": { "type": "Polygon", "coordinates": [ [ [ 69.1112365, 41.2639948 ], [ 69.1110381, 41.2638209 ], [ 69.1108513, 41.2633526 ], [ 69.1123146, 41.2626217 ], [ 69.1129362, 41.2630264 ], [ 69.1129272, 41.2636618 ], [ 69.1112365, 41.2639948 ] ] ] } },
{ "type": "Feature", "properties": { "osm_id": "w207698796", "kind": "industrial" }, "geometry": { "type": "Polygon", "coordinates": [ [ [ 69.16739, 41.1775094 ], [ 69.168781, 41.1765731 ], [ 69.1679861, 41.1758834 ], [ 69.1666503, 41.1768751 ], [ 69.16739, 41.1775094 ] ] ] } },
{ "type": "Feature", "properties": { "osm_id": "w207698798", "kind": "industrial" }, "geometry": { "type": "Polygon", "coordinates": [ [ [ 69.1636776, 41.1767337 ], [ 69.1644427, 41.1779402 ], [ 69.1609963, 41.1793014 ], [ 69.1604733, 41.1784494 ], [ 69.1605721, 41.1778266 ], [ 69.1636776, 41.1767337 ] ] ] } },
{ "type": "Feature", "properties": { "osm_id": "w207715647", "kind": "cemetery" }, "geometry": { "type": "Polygon", "coordinates": [ [ [ 69.1627116, 41.2313126 ], [ 69.1623354, 41.2307906 ], [ 69.1626185, 41.2306039 ], [ 69.1640029, 41.2317471 ], [ 69.1632816, 41.2322488 ], [ 69.1627116, 41.2313126 ] ] ] } },
{ "type": "Feature", "properties": { "osm_id": "w207716659", "kind": "cemetery" }, "geometry": { "type": "Polygon", "coordinates": [ [ [ 69.1542328, 41.3345068 ], [ 69.1539145, 41.3341138 ], [ 69.1543403, 41.3341979 ], [ 69.1545122, 41.3337764 ], [ 69.1550683, 41.333642 ], [ 69.1557739, 41.3335525 ], [ 69.1558666, 41.33387 ], [ 69.1559204, 41.3342625 ], [ 69.1554297, 41.334323 ], [ 69.1551402, 41.3343817 ], [ 69.1549131, 41.3344217 ], [ 69.1544238, 41.3345083 ], [ 69.1542328, 41.3345068 ] ] ] } },
{ "type": "Feature", "properties": { "osm_id": "w208171764", "kind": "cemetery" }, "geometry": { "type": "Polygon", "coordinates": [ [ [ 69.1396746, 41.3235488 ], [ 69.139863, 41.3234993 ], [ 69.1402865, 41.3235829 ], [ 69.1406113, 41.3236741 ], [ 69.1407808, 41.3237289 ], [ 69.140952, 41.3239981 ], [ 69.1410471, 41.3243405 ], [ 69.1407962, 41.3244258 ], [ 69.1403208, 41.3244714 ], [ 69.1400382, 41.3243703 ], [ 69.1398348, 41.3241461 ], [ 69.1396922, 41.3239061 ], [ 69.1396746, 41.3235488 ] ] ] } },
{ "type": "Feature", "properties": { "osm_id": "w208204869", "kind": "cemetery" }, "geometry": { "type": "Polygon", "coordinates": [ [ [ 69.1260816, 41.2484721 ], [ 69.1263563, 41.2486303 ], [ 69.126409, 41.2488092 ], [ 69.1264434, 41.2489245 ], [ 69.1266263, 41.2490651 ], [ 69.1266285, 41.2492126 ], [ 69.1268126, 41.2494771 ], [ 69.1259536, 41.2499636 ], [ 69.1252613, 41.2500184 ], [ 69.1250463, 41.2492571 ], [ 69.1250013, 41.2491416 ], [ 69.1249379, 41.2490535 ], [ 69.1247565, 41.2488774 ], [ 69.125228, 41.248543 ], [ 69.1252976, 41.2484949 ], [ 69.1256066, 41.2484342 ], [ 69.1259811, 41.2483804 ], [ 69.1260816, 41.2484721 ] ] ] } },
{ "type": "Feature", "properties": { "osm_id": "w208204871", "kind": "cemetery" }, "geometry": { "type": "Polygon", "coordinates": [ [ [ 69.1121581, 41.2169029 ], [ 69.1120525, 41.2166131 ], [ 69.111935, 41.216305 ], [ 69.1118777, 41.2160731 ], [ 69.1119604, 41.2157527 ], [ 69.1121797, 41.2152435 ], [ 69.1127232, 41.2149064 ], [ 69.1131268, 41.2148514 ], [ 69.1131649, 41.2149733 ], [ 69.1136544, 41.2148801 ], [ 69.1138038, 41.2151478 ], [ 69.1136512, 41.2151837 ], [ 69.1128217, 41.2153439 ], [ 69.1127218, 41.215666 ], [ 69.1127893, 41.2159061 ], [ 69.1127893, 41.2160312 ], [ 69.1126144, 41.2161205 ], [ 69.1124682, 41.2161587 ], [ 69.1124428, 41.2162543 ], [ 69.1126077, 41.2171253 ], [ 69.1121581, 41.2169029 ] ] ] } },
{ "type": "Feature", "properties": { "osm_id": "w208215298", "kind": "cemetery" }, "geometry": { "type": "Polygon", "coordinates": [ [ [ 69.1229384, 41.1996726 ], [ 69.1246686, 41.199258 ], [ 69.1247077, 41.1992874 ], [ 69.1246186, 41.1999743 ], [ 69.1237806, 41.1999443 ], [ 69.1232251, 41.199895 ], [ 69.1230795, 41.1998748 ], [ 69.1229429, 41.1998226 ], [ 69.1229228, 41.1997636 ], [ 69.1229384, 41.1996726 ] ] ] } },
{ "type": "Feature", "properties": { "osm_id": "w208386689", "kind": "cemetery" }, "geometry": { "type": "Polygon", "coordinates": [ [ [ 69.1263468, 41.1307408 ], [ 69.1263196, 41.1305818 ], [ 69.1263945, 41.1304485 ], [ 69.1264762, 41.1303818 ], [ 69.1265851, 41.1303562 ], [ 69.1267463, 41.130428 ], [ 69.1268529, 41.1305117 ], [ 69.1268892, 41.1306844 ], [ 69.1267304, 41.1308143 ], [ 69.1265102, 41.1308023 ], [ 69.1263468, 41.1307408 ] ] ] } },
{ "type": "Feature", "properties": { "osm_id": "w208390438", "kind": "cemetery" }, "geometry": { "type": "Polygon", "coordinates": [ [ [ 69.0954786, 41.1308814 ], [ 69.0958579, 41.1312443 ], [ 69.0962524, 41.1313757 ], [ 69.0966735, 41.13133 ], [ 69.0971346, 41.1310381 ], [ 69.0973438, 41.1309229 ], [ 69.0974135, 41.1307431 ], [ 69.0967966, 41.1306279 ], [ 69.0962977, 41.130636 ], [ 69.09589, 41.1306401 ], [ 69.0955949, 41.1307047 ], [ 69.0954554, 41.1307613 ], [ 69.0954786, 41.1308814 ] ] ] } },
{ "type": "Feature", "properties": { "osm_id": "w208411849", "kind": "cemetery" }, "geometry": { "type": "Polygon", "coordinates": [ [ [ 69.1209913, 41.1863867 ], [ 69.1208258, 41.1863878 ], [ 69.1206241, 41.1863909 ], [ 69.1203551, 41.1863467 ], [ 69.1200651, 41.1864131 ], [ 69.1195188, 41.1870773 ], [ 69.1201828, 41.1874315 ], [ 69.1210065, 41.1878553 ], [ 69.1215654, 41.187403 ], [ 69.1218974, 41.1871279 ], [ 69.1219227, 41.1870456 ], [ 69.121847, 41.1868843 ], [ 69.1216621, 41.1866471 ], [ 69.1213595, 41.1864574 ], [ 69.1209913, 41.1863867 ] ] ] } },
{ "type": "Feature", "properties": { "osm_id": "w208875464", "kind": "cemetery" }, "geometry": { "type": "Polygon", "coordinates": [ [ [ 69.5660086, 41.398994 ], [ 69.5666702, 41.3994095 ], [ 69.5671318, 41.3997634 ], [ 69.5674857, 41.3999404 ], [ 69.5679063, 41.3998865 ], [ 69.5684807, 41.3997134 ], [ 69.5685576, 41.3996826 ], [ 69.5679165, 41.3992556 ], [ 69.5675524, 41.3988093 ], [ 69.5672344, 41.3987477 ], [ 69.5666086, 41.3988555 ], [ 69.5663778, 41.3988747 ], [ 69.5660086, 41.398994 ] ] ] } },
{ "type": "Feature", "properties": { "osm_id": "w208883388", "kind": "cemetery" }, "geometry": { "type": "Polygon", "coordinates": [ [ [ 69.0836311, 41.1653857 ], [ 69.0853042, 41.1647301 ], [ 69.085729, 41.1650475 ], [ 69.0860904, 41.1655254 ], [ 69.0859468, 41.1659308 ], [ 69.0858391, 41.166129 ], [ 69.0858032, 41.1663587 ], [ 69.0850971, 41.1665119 ], [ 69.0845406, 41.1665344 ], [ 69.0836311, 41.1653857 ] ] ] } },
{ "type": "Feature", "properties": { "osm_id": "w208889106", "kind": "cemetery" }, "geometry": { "type": "Polygon", "coordinates": [ [ [ 69.0882416, 41.2057372 ], [ 69.0889196, 41.2071257 ], [ 69.0890359, 41.2070941 ], [ 69.0892531, 41.2074131 ], [ 69.0876624, 41.2081192 ], [ 69.0872957, 41.208298 ], [ 69.0872513, 41.2082445 ], [ 69.0872787, 41.207946 ], [ 69.0873188, 41.2071402 ], [ 69.0871149, 41.2067763 ], [ 69.0868814, 41.2064666 ], [ 69.0870838, 41.206341 ], [ 69.0874268, 41.2059528 ], [ 69.0882416, 41.2057372 ] ] ] } },
{ "type": "Feature", "properties": { "osm_id": "w209165161", "kind": "cemetery" }, "geometry": { "type": "Polygon", "coordinates": [ [ [ 69.0663737, 41.1742331 ], [ 69.0666493, 41.1740392 ], [ 69.0670379, 41.1743079 ], [ 69.0670289, 41.1746922 ], [ 69.0670379, 41.1750765 ], [ 69.0671373, 41.1752568 ], [ 69.0674039, 41.1754234 ], [ 69.0669475, 41.1756683 ], [ 69.0663827, 41.1753248 ], [ 69.0664189, 41.1752636 ], [ 69.0662833, 41.1751412 ], [ 69.0663511, 41.1749371 ], [ 69.0668255, 41.1745494 ], [ 69.0663737, 41.1742331 ] ] ] } },
{ "type": "Feature", "properties": { "osm_id": "w209165162", "kind": "cemetery" }, "geometry": { "type": "Polygon", "coordinates": [ [ [ 69.0972921, 41.1754657 ], [ 69.0977801, 41.174976 ], [ 69.0984624, 41.1752719 ], [ 69.0982907, 41.1760133 ], [ 69.0972921, 41.1754657 ] ] ] } },
{ "type": "Feature", "properties": { "osm_id": "w209171027", "kind": "cemetery" }, "geometry": { "type": "Polygon", "coordinates": [ [ [ 69.2674407, 41.477711 ], [ 69.2667001, 41.478235 ], [ 69.2669993, 41.4789271 ], [ 69.2677362, 41.4789159 ], [ 69.2678764, 41.4788571 ], [ 69.2678204, 41.4787128 ], [ 69.2680085, 41.4786402 ], [ 69.2690465, 41.4784066 ], [ 69.2688622, 41.4779114 ], [ 69.2688077, 41.4777921 ], [ 69.2686, 41.4773378 ], [ 69.268531, 41.477187 ], [ 69.2674391, 41.4775856 ], [ 69.2674407, 41.477711 ] ] ] } },
{ "type": "Feature", "properties": { "osm_id": "w209171028", "kind": "cemetery" }, "geometry": { "type": "Polygon", "coordinates": [ [ [ 69.2016974, 41.4472871 ], [ 69.2014221, 41.447653 ], [ 69.201233, 41.4475882 ], [ 69.2012292, 41.4476876 ], [ 69.2009462, 41.4479918 ], [ 69.2014584, 41.4483823 ], [ 69.2019477, 41.4484103 ], [ 69.2022693, 41.4483138 ], [ 69.2025465, 41.4478423 ], [ 69.2019682, 41.4470221 ], [ 69.2016974, 41.4472871 ] ] ] } },
{ "type": "Feature", "properties": { "osm_id": "w209498267", "kind": "cemetery" }, "geometry": { "type": "Polygon", "coordinates": [ [ [ 69.1181654, 41.3359235 ], [ 69.1183617, 41.3359979 ], [ 69.1184082, 41.3361386 ], [ 69.1183759, 41.3364112 ], [ 69.118443, 41.3365205 ], [ 69.1191115, 41.3372714 ], [ 69.1192442, 41.3372704 ], [ 69.1197046, 41.3380551 ], [ 69.1187922, 41.3384031 ], [ 69.118344, 41.3378573 ], [ 69.1176584, 41.3370224 ], [ 69.1174025, 41.3366795 ], [ 69.1172652, 41.3365096 ], [ 69.1172241, 41.3363599 ], [ 69.1172241, 41.3359804 ], [ 69.1181654, 41.3359235 ] ] ] } },
{ "type": "Feature", "properties": { "osm_id": "w209720738", "kind": "cemetery" }, "geometry": { "type": "Polygon", "coordinates": [ [ [ 69.2478613, 41.2429242 ], [ 69.2479449, 41.2425607 ], [ 69.2473762, 41.2425163 ], [ 69.2472971, 41.2418064 ], [ 69.2471979, 41.2417439 ], [ 69.2470302, 41.2411025 ], [ 69.2471992, 41.2409956 ], [ 69.2477826, 41.2412618 ], [ 69.2479811, 41.2410117 ], [ 69.2488635, 41.2413425 ], [ 69.2486836, 41.2415765 ], [ 69.249739, 41.2420134 ], [ 69.249758, 41.2421214 ], [ 69.2501843, 41.2421545 ], [ 69.2499022, 41.2427005 ], [ 69.2491685, 41.2427062 ], [ 69.2489945, 41.2429466 ], [ 69.2479607, 41.2429802 ], [ 69.2478613, 41.2429242 ] ] ] } },
{ "type": "Feature", "properties": { "osm_id": "w209730224", "kind": "cemetery" }, "geometry": { "type": "Polygon", "coordinates": [ [ [ 69.419702, 41.2337574 ], [ 69.4200244, 41.2337692 ], [ 69.4202438, 41.2339419 ], [ 69.4203464, 41.2340751 ], [ 69.4205684, 41.2340797 ], [ 69.4207962, 41.2339709 ], [ 69.4209805, 41.2337833 ], [ 69.4211105, 41.2334424 ], [ 69.420484, 41.2334338 ], [ 69.4202933, 41.233311 ], [ 69.4198479, 41.2331883 ], [ 69.4190601, 41.2333361 ], [ 69.4191435, 41.2337171 ], [ 69.419702, 41.2337574 ] ] ] } },
{ "type": "Feature", "properties": { "osm_id": "w210683328", "kind": "industrial" }, "geometry": { "type": "Polygon", "coordinates": [ [ [ 69.1817567, 41.1220495 ], [ 69.1827229, 41.1213436 ], [ 69.1829193, 41.1214268 ], [ 69.1842291, 41.1199211 ], [ 69.1867404, 41.1226781 ], [ 69.1867765, 41.1230017 ], [ 69.1864045, 41.123208 ], [ 69.1858035, 41.1227461 ], [ 69.1854368, 41.1231738 ], [ 69.1831369, 41.1232964 ], [ 69.1817567, 41.1220495 ] ] ] } },
{ "type": "Feature", "properties": { "osm_id": "w210921657", "kind": "cemetery" }, "geometry": { "type": "Polygon", "coordinates": [ [ [ 69.0925198, 41.1387231 ], [ 69.0924823, 41.138402 ], [ 69.0927253, 41.1383487 ], [ 69.0937438, 41.1385467 ], [ 69.0936845, 41.1387377 ], [ 69.0934627, 41.13886 ], [ 69.093344, 41.1389942 ], [ 69.0933221, 41.1391448 ], [ 69.0934221, 41.1393354 ], [ 69.0933565, 41.1394671 ], [ 69.0928128, 41.1395918 ], [ 69.0926678, 41.1396107 ], [ 69.0924772, 41.1390236 ], [ 69.0925198, 41.1387231 ] ] ] } },
{ "type": "Feature", "properties": { "osm_id": "w210944941", "kind": "cemetery" }, "geometry": { "type": "Polygon", "coordinates": [ [ [ 69.0858928, 41.260123 ], [ 69.0854704, 41.2597664 ], [ 69.0853989, 41.2596198 ], [ 69.0858311, 41.2595881 ], [ 69.086091, 41.2596052 ], [ 69.0863185, 41.2598274 ], [ 69.0864777, 41.2600009 ], [ 69.0864907, 41.2601352 ], [ 69.0863932, 41.2602085 ], [ 69.08613, 41.26025 ], [ 69.0859513, 41.2601963 ], [ 69.0858928, 41.260123 ] ] ] } },
{ "type": "Feature", "properties": { "osm_id": "w211026838", "kind": "cemetery" }, "geometry": { "type": "Polygon", "coordinates": [ [ [ 69.0649592, 41.2234897 ], [ 69.0650109, 41.2232696 ], [ 69.0652921, 41.2231833 ], [ 69.0654814, 41.2229804 ], [ 69.0657052, 41.2228639 ], [ 69.0659979, 41.2229027 ], [ 69.0661987, 41.2229632 ], [ 69.0663823, 41.2232739 ], [ 69.0665832, 41.2236408 ], [ 69.0661126, 41.2235588 ], [ 69.065424, 41.2238264 ], [ 69.0653322, 41.223835 ], [ 69.0652175, 41.2237703 ], [ 69.0652806, 41.2236192 ], [ 69.0649592, 41.2234897 ] ] ] } },
{ "type": "Feature", "properties": { "osm_id": "w211078816", "kind": "cemetery" }, "geometry": { "type": "Polygon", "coordinates": [ [ [ 69.0655503, 41.2794161 ], [ 69.0656312, 41.2802601 ], [ 69.0657026, 41.2803531 ], [ 69.0661785, 41.2800241 ], [ 69.0664164, 41.2797308 ], [ 69.0664307, 41.2796235 ], [ 69.0661975, 41.2796092 ], [ 69.0661166, 41.2791622 ], [ 69.0658834, 41.2792695 ], [ 69.0655503, 41.2794161 ] ] ] } },
{ "type": "Feature", "properties": { "osm_id": "w213333945", "kind": "industrial" }, "geometry": { "type": "Polygon", "coordinates": [ [ [ 69.0600555, 41.1982806 ], [ 69.0612771, 41.1993031 ], [ 69.0621567, 41.198613 ], [ 69.062698, 41.1981617 ], [ 69.0626755, 41.1980791 ], [ 69.0614282, 41.1971595 ], [ 69.0600555, 41.1982806 ] ] ] } },
{ "type": "Feature", "properties": { "osm_id": "w215204081", "kind": "cemetery" }, "geometry": { "type": "Polygon", "coordinates": [ [ [ 69.5229654, 41.4066112 ], [ 69.5230805, 41.4064039 ], [ 69.5232615, 41.4061917 ], [ 69.523391, 41.4061353 ], [ 69.5235667, 41.4061065 ], [ 69.5237165, 41.4061333 ], [ 69.5240969, 41.4063042 ], [ 69.525014, 41.4067016 ], [ 69.5246662, 41.4070618 ], [ 69.5249716, 41.407233 ], [ 69.525097, 41.407139 ], [ 69.5255438, 41.4074404 ], [ 69.5252511, 41.4076773 ], [ 69.525142, 41.407708 ], [ 69.5241328, 41.4073841 ], [ 69.5236103, 41.4070665 ], [ 69.5237132, 41.4068688 ], [ 69.5229654, 41.4066112 ] ] ] } },
{ "type": "Feature", "properties": { "osm_id": "w215231055", "kind": "cemetery" }, "geometry": { "type": "Polygon", "coordinates": [ [ [ 69.5049729, 41.3416694 ], [ 69.5048552, 41.3414134 ], [ 69.5053332, 41.3413026 ], [ 69.5058812, 41.3415085 ], [ 69.5059023, 41.3419412 ], [ 69.5055583, 41.3422811 ], [ 69.5052367, 41.3420185 ], [ 69.5049729, 41.3416694 ] ] ] } },
{ "type": "Feature", "properties": { "osm_id": "w215234234", "kind": "cemetery" }, "geometry": { "type": "Polygon", "coordinates": [ [ [ 69.4974487, 41.4202101 ], [ 69.4975603, 41.4201264 ], [ 69.497753, 41.4201231 ], [ 69.4978953, 41.4201526 ], [ 69.4979697, 41.4202462 ], [ 69.4979325, 41.420366 ], [ 69.4978427, 41.4204235 ], [ 69.4976698, 41.4203972 ], [ 69.4974968, 41.4203496 ], [ 69.4974246, 41.420279 ], [ 69.4974487, 41.4202101 ] ] ] } },
{ "type": "Feature", "properties": { "osm_id": "w215351869", "kind": "cemetery" }, "geometry": { "type": "Polygon", "coordinates": [ [ [ 69.5233634, 41.4552436 ], [ 69.523084, 41.4543039 ], [ 69.5234691, 41.4539801 ], [ 69.5244427, 41.4543784 ], [ 69.5245899, 41.4544072 ], [ 69.525462, 41.4545504 ], [ 69.5256112, 41.4542768 ], [ 69.5257999, 41.4540672 ], [ 69.5259377, 41.4540167 ], [ 69.5261145, 41.4539899 ], [ 69.5265299, 41.4540016 ], [ 69.5270113, 41.4540656 ], [ 69.5269026, 41.4543129 ], [ 69.5264523, 41.4547493 ], [ 69.5260175, 41.4547173 ], [ 69.5253134, 41.4559793 ], [ 69.5252023, 41.4559508 ], [ 69.524971, 41.4563086 ], [ 69.524589, 41.4562188 ], [ 69.5246165, 41.4559975 ], [ 69.5245211, 41.4558948 ], [ 69.524106, 41.4555698 ], [ 69.5233634, 41.4552436 ] ] ] } },
{ "type": "Feature", "properties": { "osm_id": "w215366670", "kind": "cemetery" }, "geometry": { "type": "Polygon", "coordinates": [ [ [ 69.5078986, 41.3728236 ], [ 69.5078893, 41.3727302 ], [ 69.5078917, 41.3727092 ], [ 69.5079801, 41.3727354 ], [ 69.5080708, 41.3728166 ], [ 69.5081046, 41.3728742 ], [ 69.5080999, 41.3729144 ], [ 69.5080685, 41.3729275 ], [ 69.5079766, 41.3729039 ], [ 69.5078986, 41.3728236 ] ] ] } },
{ "type": "Feature", "properties": { "osm_id": "w215369962", "kind": "industrial" }, "geometry": { "type": "Polygon", "coordinates": [ [ [ 69.524674, 41.4303825 ], [ 69.5297448, 41.4261549 ], [ 69.5385508, 41.4318019 ], [ 69.5383191, 41.4319849 ], [ 69.5358324, 41.4341803 ], [ 69.5359537, 41.4342865 ], [ 69.5339689, 41.4360555 ], [ 69.5336684, 41.4360075 ], [ 69.533555, 41.4358122 ], [ 69.5295212, 41.4331966 ], [ 69.5293115, 41.4333373 ], [ 69.5294109, 41.4335466 ], [ 69.5293178, 41.4335632 ], [ 69.5291862, 41.4335874 ], [ 69.529114, 41.4332792 ], [ 69.528441, 41.4327368 ], [ 69.5279424, 41.4328392 ], [ 69.5278177, 41.4327066 ], [ 69.5275587, 41.4322864 ], [ 69.5267208, 41.43173 ], [ 69.524674, 41.4303825 ] ] ] } },
{ "type": "Feature", "properties": { "osm_id": "w215541355", "kind": "military" }, "geometry": { "type": "Polygon", "coordinates": [ [ [ 69.5473812, 41.4481835 ], [ 69.545188, 41.4500927 ], [ 69.5439441, 41.4511644 ], [ 69.5443329, 41.4514877 ], [ 69.544558, 41.4515446 ], [ 69.5443072, 41.4522698 ], [ 69.54416, 41.452874 ], [ 69.5454079, 41.4533539 ], [ 69.545508, 41.4531722 ], [ 69.5457343, 41.4532357 ], [ 69.5456478, 41.4533909 ], [ 69.5465159, 41.4536986 ], [ 69.5466228, 41.453544 ], [ 69.5480691, 41.4541615 ], [ 69.5495198, 41.4545828 ], [ 69.5499473, 41.4538272 ], [ 69.5511844, 41.4521508 ], [ 69.5512443, 41.4519859 ], [ 69.55237, 41.4523173 ], [ 69.5531256, 41.4527254 ], [ 69.5537542, 41.4522606 ], [ 69.5512287, 41.4506053 ], [ 69.5476345, 41.4483429 ], [ 69.5473812, 41.4481835 ] ] ] } },
{ "type": "Feature", "properties": { "osm_id": "w215541356", "kind": "military" }, "geometry": { "type": "Polygon", "coordinates": [ [ [ 69.5515618, 41.4504802 ], [ 69.5532515, 41.4491435 ], [ 69.5541048, 41.4498901 ], [ 69.5550423, 41.4505487 ], [ 69.5566771, 41.4519208 ], [ 69.5561095, 41.4523556 ], [ 69.5548559, 41.4515463 ], [ 69.5541405, 41.4521829 ], [ 69.5539837, 41.4520875 ], [ 69.5515618, 41.4504802 ] ] ] } },
{ "type": "Feature", "properties": { "osm_id": "w215541358", "kind": "industrial" }, "geometry": { "type": "Polygon", "coordinates": [ [ [ 69.5389718, 41.4593691 ], [ 69.539494, 41.4589051 ], [ 69.5398762, 41.4588222 ], [ 69.5407253, 41.4592516 ], [ 69.5408158, 41.4591865 ], [ 69.5430868, 41.4604916 ], [ 69.5423595, 41.4611193 ], [ 69.5419146, 41.4611613 ], [ 69.5402832, 41.460163 ], [ 69.5389718, 41.4593691 ] ] ] } },
{ "type": "Feature", "properties": { "osm_id": "w215541359", "kind": "industrial" }, "geometry": { "type": "Polygon", "coordinates": [ [ [ 69.5343397, 41.4224777 ], [ 69.5338636, 41.4232904 ], [ 69.5338762, 41.4235517 ], [ 69.5340706, 41.4241746 ], [ 69.5340878, 41.4243204 ], [ 69.533908, 41.4248813 ], [ 69.5333644, 41.4263873 ], [ 69.5351795, 41.4276677 ], [ 69.5353351, 41.4276753 ], [ 69.5360388, 41.4282218 ], [ 69.5365047, 41.4278454 ], [ 69.5366471, 41.4278513 ], [ 69.5371994, 41.4279943 ], [ 69.5381221, 41.427243 ], [ 69.5413665, 41.4289839 ], [ 69.5420635, 41.4285087 ], [ 69.5422811, 41.4286742 ], [ 69.5423592, 41.4289728 ], [ 69.5424523, 41.4291484 ], [ 69.5425305, 41.429226 ], [ 69.5431433, 41.4295021 ], [ 69.5441367, 41.4281822 ], [ 69.5430902, 41.4276051 ], [ 69.5430922, 41.427542 ], [ 69.5368217, 41.4238884 ], [ 69.5344557, 41.4224032 ], [ 69.5343397, 41.4224777 ] ] ] } },
{ "type": "Feature", "properties": { "osm_id": "w215541406", "kind": "military" }, "geometry": { "type": "Polygon", "coordinates": [ [ [ 69.5460236, 41.4471091 ], [ 69.5458378, 41.4469738 ], [ 69.5460671, 41.4467829 ], [ 69.546871, 41.4468995 ], [ 69.5476837, 41.4457841 ], [ 69.5483016, 41.4463601 ], [ 69.5484756, 41.4464154 ], [ 69.5494079, 41.446515 ], [ 69.5502586, 41.4462057 ], [ 69.5508953, 41.4472977 ], [ 69.5510321, 41.4472735 ], [ 69.5518028, 41.4478861 ], [ 69.5514448, 41.4483237 ], [ 69.5518202, 41.4485786 ], [ 69.5521316, 41.4484275 ], [ 69.552925, 41.4491602 ], [ 69.551755, 41.4500619 ], [ 69.5515823, 41.4499588 ], [ 69.551527, 41.4500022 ], [ 69.5514119, 41.4500926 ], [ 69.5512045, 41.4502554 ], [ 69.5478106, 41.4481944 ], [ 69.5460236, 41.4471091 ] ] ] } },
{ "type": "Feature", "properties": { "osm_id": "w215552596", "kind": "military" }, "geometry": { "type": "Polygon", "coordinates": [ [ [ 69.5645256, 41.4700821 ], [ 69.5644424, 41.469913 ], [ 69.5644349, 41.4698041 ], [ 69.5643747, 41.4689319 ], [ 69.5644749, 41.46888 ], [ 69.565435, 41.4690195 ], [ 69.5663862, 41.4692567 ], [ 69.5689338, 41.4721575 ], [ 69.5668826, 41.4730896 ], [ 69.5664271, 41.4729629 ], [ 69.5661398, 41.4726087 ], [ 69.5661032, 41.4726254 ], [ 69.5655128, 41.4719547 ], [ 69.5642725, 41.4704758 ], [ 69.5644767, 41.4703822 ], [ 69.564398, 41.4701218 ], [ 69.5645256, 41.4700821 ] ] ] } },
{ "type": "Feature", "properties": { "osm_id": "w215628558", "kind": "cemetery" }, "geometry": { "type": "Polygon", "coordinates": [ [ [ 69.1461716, 41.3744909 ], [ 69.1469937, 41.3741551 ], [ 69.1484578, 41.373361 ], [ 69.1488246, 41.3732556 ], [ 69.1491914, 41.3734124 ], [ 69.1489633, 41.3742448 ], [ 69.1486086, 41.37489 ], [ 69.1489712, 41.3748895 ], [ 69.1493749, 41.3754266 ], [ 69.1484339, 41.3751885 ], [ 69.1480266, 41.3751806 ], [ 69.1477808, 41.3752733 ], [ 69.1475159, 41.3749095 ], [ 69.1470951, 41.3748685 ], [ 69.146873, 41.3746323 ], [ 69.1464214, 41.3747902 ], [ 69.1461716, 41.3744909 ] ] ] } },
{ "type": "Feature", "properties": { "osm_id": "w216576660", "kind": "cemetery" }, "geometry": { "type": "Polygon", "coordinates": [ [ [ 69.5478994, 41.3562814 ], [ 69.5481192, 41.3559445 ], [ 69.5484718, 41.3558104 ], [ 69.5488657, 41.3557967 ], [ 69.5492732, 41.3553017 ], [ 69.5496991, 41.3552776 ], [ 69.5502578, 41.3558448 ], [ 69.5507204, 41.3562264 ], [ 69.5505143, 41.3567076 ], [ 69.5499648, 41.3571235 ], [ 69.5494427, 41.3571717 ], [ 69.5488519, 41.3571132 ], [ 69.5484627, 41.3566698 ], [ 69.5478536, 41.3564223 ], [ 69.5478994, 41.3562814 ] ] ] } },
{ "type": "Feature", "properties": { "osm_id": "w216729116", "kind": "industrial" }, "geometry": { "type": "Polygon", "coordinates": [ [ [ 69.5712128, 41.4398012 ], [ 69.569304, 41.4388174 ], [ 69.5671981, 41.4387022 ], [ 69.5672061, 41.4385631 ], [ 69.5674111, 41.438562 ], [ 69.5680099, 41.4384787 ], [ 69.5707167, 41.4374714 ], [ 69.5709018, 41.4378072 ], [ 69.5716444, 41.4378259 ], [ 69.5721994, 41.4377932 ], [ 69.5719719, 41.4373623 ], [ 69.5716121, 41.4371142 ], [ 69.574381, 41.4359715 ], [ 69.5751903, 41.4373053 ], [ 69.5746951, 41.4372778 ], [ 69.5741397, 41.4374475 ], [ 69.5741186, 41.4376985 ], [ 69.5748109, 41.4377497 ], [ 69.5747918, 41.4379147 ], [ 69.5755422, 41.4379663 ], [ 69.5755228, 41.4380663 ], [ 69.5771178, 41.4381908 ], [ 69.5770835, 41.4385657 ], [ 69.5778875, 41.438592 ], [ 69.5783184, 41.4387682 ], [ 69.5782489, 41.4390874 ], [ 69.5781989, 41.4392422 ], [ 69.578052, 41.4394915 ], [ 69.5774672, 41.4397939 ], [ 69.577019, 41.4392983 ], [ 69.5770278, 41.4391999 ], [ 69.5761152, 41.4391667 ], [ 69.5760974, 41.4393654 ], [ 69.5756855, 41.4393531 ], [ 69.5756854, 41.4394053 ], [ 69.5749063, 41.4393827 ], [ 69.5748527, 41.4400193 ], [ 69.5718441, 41.4398391 ], [ 69.5712128, 41.4398012 ] ] ] } },
{ "type": "Feature", "properties": { "osm_id": "w216933599", "kind": "industrial" }, "geometry": { "type": "Polygon", "coordinates": [ [ [ 69.5918812, 41.4238711 ], [ 69.594915, 41.4224729 ], [ 69.5970253, 41.4250331 ], [ 69.5956346, 41.4256777 ], [ 69.5939859, 41.4264419 ], [ 69.5918812, 41.4238711 ] ] ] } },
{ "type": "Feature", "properties": { "osm_id": "w217126674", "kind": "military" }, "geometry": { "type": "Polygon", "coordinates": [ [ [ 69.5666411, 41.4786852 ], [ 69.5674316, 41.4802507 ], [ 69.5675255, 41.4802108 ], [ 69.5681543, 41.4813195 ], [ 69.5695583, 41.4808945 ], [ 69.5697264, 41.4812359 ], [ 69.5711113, 41.4808348 ], [ 69.5714652, 41.4809741 ], [ 69.5726555, 41.4805232 ], [ 69.5729942, 41.4810702 ], [ 69.5765859, 41.4800483 ], [ 69.573949, 41.4743156 ], [ 69.5684152, 41.4759513 ], [ 69.5681852, 41.4759921 ], [ 69.5679635, 41.4760145 ], [ 69.5670813, 41.4759082 ], [ 69.5670516, 41.4762609 ], [ 69.5673997, 41.4770551 ], [ 69.5680261, 41.4782658 ], [ 69.5666411, 41.4786852 ] ] ] } },
{ "type": "Feature", "properties": { "osm_id": "w217127591", "kind": "industrial" }, "geometry": { "type": "Polygon", "coordinates": [ [ [ 69.5510736, 41.4543017 ], [ 69.5501192, 41.4539092 ], [ 69.551069, 41.4525457 ], [ 69.5525083, 41.4531838 ], [ 69.5528964, 41.4528163 ], [ 69.5553422, 41.454401 ], [ 69.5531365, 41.4557532 ], [ 69.5529304, 41.4556619 ], [ 69.5507743, 41.4547064 ], [ 69.5510736, 41.4543017 ] ] ] } },
{ "type": "Feature", "properties": { "osm_id": "w217130177", "kind": "industrial" }, "geometry": { "type": "Polygon", "coordinates": [ [ [ 69.5946538, 41.481314 ], [ 69.5979476, 41.4795115 ], [ 69.6056688, 41.4874719 ], [ 69.6056028, 41.4875694 ], [ 69.6017497, 41.4873214 ], [ 69.6012088, 41.4877229 ], [ 69.5968298, 41.4830517 ], [ 69.5964712, 41.4832457 ], [ 69.5946538, 41.481314 ] ] ] } },
{ "type": "Feature", "properties": { "osm_id": "w217134199", "kind": "military" }, "geometry": { "type": "Polygon", "coordinates": [ [ [ 69.5328111, 41.4704173 ], [ 69.5327568, 41.4719638 ], [ 69.5324309, 41.4725031 ], [ 69.5342505, 41.4728795 ], [ 69.5350612, 41.4723903 ], [ 69.5343891, 41.471907 ], [ 69.5339002, 41.4712151 ], [ 69.5336898, 41.4704521 ], [ 69.5329158, 41.4702893 ], [ 69.5327936, 41.4703249 ], [ 69.5328111, 41.4704173 ] ] ] } },
{ "type": "Feature", "properties": { "osm_id": "w217134200", "kind": "military" }, "geometry": { "type": "Polygon", "coordinates": [ [ [ 69.5352511, 41.4801074 ], [ 69.5359809, 41.4798485 ], [ 69.5363649, 41.4799995 ], [ 69.5359233, 41.4804383 ], [ 69.5352511, 41.4801074 ] ] ] } },
{ "type": "Feature", "properties": { "osm_id": "w217134202", "kind": "military" }, "geometry": { "type": "Polygon", "coordinates": [ [ [ 69.5490574, 41.4726792 ], [ 69.5512092, 41.4701739 ], [ 69.5515509, 41.4701236 ], [ 69.5517982, 41.4703607 ], [ 69.55412, 41.472417 ], [ 69.5547937, 41.472645 ], [ 69.5550243, 41.4723533 ], [ 69.555616, 41.4726079 ], [ 69.5559261, 41.4727932 ], [ 69.5555603, 41.4733081 ], [ 69.555204, 41.4739232 ], [ 69.5537928, 41.4737312 ], [ 69.5536817, 41.4738148 ], [ 69.5535153, 41.4737988 ], [ 69.5533119, 41.4738924 ], [ 69.5532272, 41.4739923 ], [ 69.5532711, 41.4741023 ], [ 69.553444, 41.4742057 ], [ 69.5532718, 41.47442 ], [ 69.5490574, 41.4726792 ] ] ] } },
{ "type": "Feature", "properties": { "osm_id": "w217397748", "kind": "industrial" }, "geometry": { "type": "Polygon", "coordinates": [ [ [ 69.5811408, 41.4622214 ], [ 69.5817235, 41.4602686 ], [ 69.5825102, 41.4604083 ], [ 69.5827701, 41.4594595 ], [ 69.5863412, 41.4600273 ], [ 69.5864152, 41.4597718 ], [ 69.5866417, 41.4596515 ], [ 69.5868492, 41.4598158 ], [ 69.5871282, 41.4603209 ], [ 69.5872672, 41.4602781 ], [ 69.5895995, 41.4664549 ], [ 69.5889606, 41.4667379 ], [ 69.5876435, 41.4653372 ], [ 69.5878246, 41.4652284 ], [ 69.5879427, 41.4650548 ], [ 69.5875372, 41.4649975 ], [ 69.5876341, 41.4647051 ], [ 69.5876653, 41.4645132 ], [ 69.5877224, 41.464505 ], [ 69.5878017, 41.4638875 ], [ 69.587904, 41.4632792 ], [ 69.5879708, 41.4632577 ], [ 69.5879473, 41.4631214 ], [ 69.587536, 41.4628072 ], [ 69.5872568, 41.4626343 ], [ 69.5866503, 41.4625466 ], [ 69.5846298, 41.4622262 ], [ 69.5846078, 41.4622961 ], [ 69.5844869, 41.4622768 ], [ 69.5843448, 41.4627165 ], [ 69.58367, 41.462622 ], [ 69.5835696, 41.4629499 ], [ 69.5831269, 41.4628857 ], [ 69.5830161, 41.4629468 ], [ 69.5828932, 41.462945 ], [ 69.5827803, 41.4633387 ], [ 69.5822672, 41.4632581 ], [ 69.5823334, 41.4630349 ], [ 69.5812089, 41.4628466 ], [ 69.5812415, 41.4627317 ], [ 69.5809942, 41.4626918 ], [ 69.5811408, 41.4622214 ] ] ] } },
{ "type": "Feature", "properties": { "osm_id": "w217833443", "kind": "industrial" }, "geometry": { "type": "Polygon", "coordinates": [ [ [ 69.4190962, 41.2599809 ], [ 69.4192438, 41.2601382 ], [ 69.4193993, 41.2600394 ], [ 69.4192498, 41.2599361 ], [ 69.4190962, 41.2599809 ] ] ] } },
{ "type": "Feature", "properties": { "osm_id": "w217833451", "kind": "industrial" }, "geometry": { "type": "Polygon", "coordinates": [ [ [ 69.4786673, 41.2451487 ], [ 69.4779521, 41.2443651 ], [ 69.4778716, 41.244361 ], [ 69.476678, 41.2449882 ], [ 69.4769436, 41.2452524 ], [ 69.4775246, 41.2458475 ], [ 69.4783652, 41.2453629 ], [ 69.4786673, 41.2451487 ] ] ] } },
{ "type": "Feature", "properties": { "osm_id": "w226541913", "kind": "cemetery" }, "geometry": { "type": "Polygon", "coordinates": [ [ [ 69.5746834, 41.3176508 ], [ 69.5750123, 41.3174735 ], [ 69.5759651, 41.3174355 ], [ 69.5764964, 41.3176761 ], [ 69.576724, 41.3180688 ], [ 69.5765638, 41.3183094 ], [ 69.5755351, 41.3183031 ], [ 69.5750039, 41.3182018 ], [ 69.5746497, 41.3180181 ], [ 69.5745738, 41.3177901 ], [ 69.5746834, 41.3176508 ] ] ] } },
{ "type": "Feature", "properties": { "osm_id": "w226541916", "kind": "cemetery" }, "geometry": { "type": "Polygon", "coordinates": [ [ [ 69.5241622, 41.3259319 ], [ 69.524336, 41.3276822 ], [ 69.5246451, 41.3278659 ], [ 69.5250636, 41.3286686 ], [ 69.5252181, 41.3286976 ], [ 69.5260809, 41.327131 ], [ 69.5262869, 41.3266427 ], [ 69.526963, 41.3256369 ], [ 69.5256448, 41.3253057 ], [ 69.5255184, 41.3256001 ], [ 69.5251134, 41.3255075 ], [ 69.5251254, 41.325892 ], [ 69.5241622, 41.3259319 ] ] ] } },
{ "type": "Feature", "properties": { "osm_id": "w228631181", "kind": "cemetery" }, "geometry": { "type": "Polygon", "coordinates": [ [ [ 69.53267, 41.3141462 ], [ 69.5328298, 41.314 ], [ 69.5334281, 41.3141014 ], [ 69.5336658, 41.3141324 ], [ 69.535064, 41.313698 ], [ 69.5363831, 41.3137207 ], [ 69.5364141, 41.3140555 ], [ 69.532949, 41.3146831 ], [ 69.53267, 41.3141462 ] ] ] } },
{ "type": "Feature", "properties": { "osm_id": "w232539012", "kind": "industrial" }, "geometry": { "type": "Polygon", "coordinates": [ [ [ 69.2816516, 41.2659076 ], [ 69.2815087, 41.2658858 ], [ 69.2789463, 41.2654255 ], [ 69.2788407, 41.2654068 ], [ 69.2789544, 41.2646537 ], [ 69.2789273, 41.2646445 ], [ 69.2788617, 41.2646237 ], [ 69.2788537, 41.2645797 ], [ 69.2788915, 41.2644463 ], [ 69.2789289, 41.2643147 ], [ 69.2787958, 41.2642933 ], [ 69.2788024, 41.264272 ], [ 69.2786653, 41.2642576 ], [ 69.27866, 41.264257 ], [ 69.2782403, 41.2643358 ], [ 69.2781856, 41.2643295 ], [ 69.2776382, 41.2642668 ], [ 69.2774911, 41.26425 ], [ 69.2774045, 41.26424 ], [ 69.2770093, 41.2641946 ], [ 69.2766996, 41.264159 ], [ 69.2758595, 41.2640652 ], [ 69.2754848, 41.2640679 ], [ 69.2734556, 41.2638027 ], [ 69.2733718, 41.2641942 ], [ 69.2733211, 41.2644314 ], [ 69.2733124, 41.2644717 ], [ 69.2736983, 41.2645023 ], [ 69.2736146, 41.2649608 ], [ 69.2735958, 41.2650703 ], [ 69.273561, 41.2650915 ], [ 69.2735306, 41.2651163 ], [ 69.273512, 41.2651467 ], [ 69.2735053, 41.2651753 ], [ 69.273354, 41.2660372 ], [ 69.2730121, 41.2660019 ], [ 69.272877, 41.2666316 ], [ 69.2727515, 41.2673356 ], [ 69.272711, 41.2673267 ], [ 69.272711, 41.2674406 ], [ 69.272732, 41.2676997 ], [ 69.2727771, 41.2679436 ], [ 69.2728124, 41.2681085 ], [ 69.2728479, 41.2681079 ], [ 69.2728902, 41.2682038 ], [ 69.2729629, 41.2683425 ], [ 69.2726527, 41.268244 ], [ 69.2726587, 41.2684214 ], [ 69.2726599, 41.2684373 ], [ 69.2726655, 41.2685136 ], [ 69.2726686, 41.268584 ], [ 69.2725801, 41.2689145 ], [ 69.2726357, 41.2689245 ], [ 69.2726197, 41.2689884 ], [ 69.2742556, 41.2692991 ], [ 69.2745256, 41.2693416 ], [ 69.274554, 41.2692398 ], [ 69.274717, 41.268655 ], [ 69.2748605, 41.2686822 ], [ 69.2749564, 41.2687004 ], [ 69.2749026, 41.2688596 ], [ 69.2750786, 41.2688932 ], [ 69.275083, 41.2688802 ], [ 69.2751867, 41.2689 ], [ 69.2752145, 41.2689053 ], [ 69.2751299, 41.2691879 ], [ 69.2755445, 41.2692547 ], [ 69.2754611, 41.2695103 ], [ 69.2758897, 41.2695884 ], [ 69.276431, 41.2696871 ], [ 69.2766068, 41.2691387 ], [ 69.2766271, 41.2690732 ], [ 69.2766408, 41.2690303 ], [ 69.2767296, 41.2687419 ], [ 69.2767477, 41.268746 ], [ 69.276759, 41.2687134 ], [ 69.2767791, 41.2686549 ], [ 69.2769605, 41.2680877 ], [ 69.276982, 41.2680927 ], [ 69.2771688, 41.2675331 ], [ 69.2772151, 41.2673798 ], [ 69.277246, 41.2672809 ], [ 69.2771835, 41.267271 ], [ 69.2772553, 41.2670419 ], [ 69.2773814, 41.2670638 ], [ 69.2774354, 41.2670722 ], [ 69.2774926, 41.2670594 ], [ 69.277638, 41.2668158 ], [ 69.2777815, 41.2666672 ], [ 69.2778194, 41.2666848 ], [ 69.277847, 41.2666493 ], [ 69.2780484, 41.2667079 ], [ 69.2781054, 41.2667061 ], [ 69.278181, 41.2667337 ], [ 69.2782159, 41.2667487 ], [ 69.2783026, 41.2667737 ], [ 69.2783612, 41.2666779 ], [ 69.2784829, 41.2666635 ], [ 69.2791513, 41.2667956 ], [ 69.2795513, 41.2668718 ], [ 69.2813582, 41.2671868 ], [ 69.2815645, 41.2664616 ], [ 69.2817184, 41.2664964 ], [ 69.2818334, 41.2663634 ], [ 69.2819361, 41.2662326 ], [ 69.2820192, 41.2662498 ], [ 69.2820598, 41.2661484 ], [ 69.2821121, 41.265995 ], [ 69.2816516, 41.2659076 ] ] ] } },
{ "type": "Feature", "properties": { "osm_id": "w234739245", "kind": "industrial" }, "geometry": { "type": "Polygon", "coordinates": [ [ [ 69.5159089, 41.1156226 ], [ 69.5202266, 41.1156498 ], [ 69.5207734, 41.115541 ], [ 69.522349, 41.1143658 ], [ 69.5343401, 41.1144263 ], [ 69.5346028, 41.1178339 ], [ 69.5411102, 41.1177459 ], [ 69.5410853, 41.1207271 ], [ 69.5405612, 41.1215023 ], [ 69.5398648, 41.1222926 ], [ 69.538999, 41.1228045 ], [ 69.537824, 41.1229779 ], [ 69.5364448, 41.1229679 ], [ 69.5362936, 41.1199663 ], [ 69.529812, 41.1181752 ], [ 69.5220313, 41.1183629 ], [ 69.5173204, 41.118458 ], [ 69.5165887, 41.1178732 ], [ 69.5157931, 41.1172486 ], [ 69.5159089, 41.1156226 ] ] ] } },
{ "type": "Feature", "properties": { "osm_id": "w236675217", "kind": "industrial" }, "geometry": { "type": "Polygon", "coordinates": [ [ [ 69.5797651, 41.2316232 ], [ 69.5798961, 41.2323983 ], [ 69.5804655, 41.2327451 ], [ 69.580938, 41.2327194 ], [ 69.5822874, 41.2317089 ], [ 69.5825493, 41.2313406 ], [ 69.5818206, 41.2309253 ], [ 69.5830675, 41.2294651 ], [ 69.5827145, 41.2286472 ], [ 69.5821109, 41.2277779 ], [ 69.5810931, 41.2289058 ], [ 69.5812186, 41.2299559 ], [ 69.5797651, 41.2316232 ] ] ] } },
{ "type": "Feature", "properties": { "osm_id": "w238150942", "kind": "industrial" }, "geometry": { "type": "Polygon", "coordinates": [ [ [ 69.5497629, 41.2035207 ], [ 69.5488914, 41.2052652 ], [ 69.5483654, 41.2058217 ], [ 69.5480544, 41.205701 ], [ 69.5478105, 41.205272 ], [ 69.5476507, 41.2048669 ], [ 69.5480191, 41.2037748 ], [ 69.5478303, 41.203264 ], [ 69.5476313, 41.2030746 ], [ 69.5475325, 41.2026317 ], [ 69.54892, 41.202103 ], [ 69.5497932, 41.2019558 ], [ 69.5509573, 41.2021992 ], [ 69.5517292, 41.2024725 ], [ 69.551822, 41.2026708 ], [ 69.5515979, 41.2030125 ], [ 69.5510564, 41.2030093 ], [ 69.5509382, 41.2039156 ], [ 69.5513608, 41.204437 ], [ 69.5517638, 41.2042223 ], [ 69.5521259, 41.2037189 ], [ 69.5526323, 41.203781 ], [ 69.5524894, 41.2045717 ], [ 69.5532207, 41.2051462 ], [ 69.5528069, 41.2055247 ], [ 69.5519938, 41.2060372 ], [ 69.5509883, 41.2047499 ], [ 69.550556, 41.2040702 ], [ 69.5505161, 41.2036108 ], [ 69.5503345, 41.2034233 ], [ 69.5500635, 41.2034425 ], [ 69.5497629, 41.2035207 ] ] ] } },
{ "type": "Feature", "properties": { "osm_id": "w238160344", "kind": "cemetery" }, "geometry": { "type": "Polygon", "coordinates": [ [ [ 69.5573457, 41.158459 ], [ 69.5572818, 41.1595469 ], [ 69.5577609, 41.15955 ], [ 69.5594964, 41.1594796 ], [ 69.559816, 41.1591428 ], [ 69.5599094, 41.1587208 ], [ 69.5597472, 41.1582248 ], [ 69.5582919, 41.1584358 ], [ 69.5573457, 41.158459 ] ] ] } },
{ "type": "Feature", "properties": { "osm_id": "w238174265", "kind": "cemetery" }, "geometry": { "type": "Polygon", "coordinates": [ [ [ 69.5838986, 41.1198355 ], [ 69.5838762, 41.1200803 ], [ 69.5839201, 41.1205651 ], [ 69.5841697, 41.1208516 ], [ 69.5847086, 41.1214784 ], [ 69.5856476, 41.121559 ], [ 69.5863291, 41.121562 ], [ 69.5866342, 41.1203024 ], [ 69.5866579, 41.1198487 ], [ 69.5861706, 41.119804 ], [ 69.586024, 41.119804 ], [ 69.5854653, 41.1200338 ], [ 69.5853227, 41.1199532 ], [ 69.5850136, 41.1196398 ], [ 69.584772, 41.1195622 ], [ 69.584554, 41.1195562 ], [ 69.5840469, 41.1196607 ], [ 69.5838986, 41.1198355 ] ] ] } },
{ "type": "Feature", "properties": { "osm_id": "w238271937", "kind": "industrial" }, "geometry": { "type": "Polygon", "coordinates": [ [ [ 69.5704565, 41.1400241 ], [ 69.5707086, 41.1396614 ], [ 69.5717525, 41.1381595 ], [ 69.5752569, 41.1395295 ], [ 69.5733681, 41.1408425 ], [ 69.5726475, 41.1408338 ], [ 69.5704565, 41.1400241 ] ] ] } },
{ "type": "Feature", "properties": { "osm_id": "w238274460", "kind": "cemetery" }, "geometry": { "type": "Polygon", "coordinates": [ [ [ 69.5083698, 41.2348037 ], [ 69.5082474, 41.2336801 ], [ 69.5084891, 41.2336872 ], [ 69.5087496, 41.2337651 ], [ 69.5090823, 41.2337627 ], [ 69.5090258, 41.2343245 ], [ 69.5088846, 41.2343646 ], [ 69.5088877, 41.2347989 ], [ 69.5083698, 41.2348037 ] ] ] } },
{ "type": "Feature", "properties": { "osm_id": "w238287606", "kind": "industrial" }, "geometry": { "type": "Polygon", "coordinates": [ [ [ 69.5019337, 41.2295498 ], [ 69.5051706, 41.2296445 ], [ 69.5052724, 41.2303369 ], [ 69.5070652, 41.2303223 ], [ 69.5071718, 41.2313172 ], [ 69.5072494, 41.2313208 ], [ 69.5072811, 41.2316332 ], [ 69.5062463, 41.2318784 ], [ 69.5057125, 41.2320508 ], [ 69.5051692, 41.2321968 ], [ 69.5049276, 41.2321524 ], [ 69.5048901, 41.2319762 ], [ 69.5045114, 41.2314362 ], [ 69.503935, 41.2312625 ], [ 69.5033244, 41.2312953 ], [ 69.5025976, 41.2305373 ], [ 69.5019337, 41.2295498 ] ] ] } },
{ "type": "Feature", "properties": { "osm_id": "w239919954", "kind": "industrial" }, "geometry": { "type": "Polygon", "coordinates": [ [ [ 69.2206681, 41.2565801 ], [ 69.2209982, 41.2562316 ], [ 69.2217613, 41.2566324 ], [ 69.2221723, 41.2571473 ], [ 69.2231572, 41.2575631 ], [ 69.2240104, 41.2580187 ], [ 69.223926, 41.2581085 ], [ 69.2238782, 41.2580814 ], [ 69.2231259, 41.2576558 ], [ 69.2225723, 41.2574124 ], [ 69.2225071, 41.2573587 ], [ 69.2223309, 41.2573325 ], [ 69.2206681, 41.2565801 ] ] ] } },
{ "type": "Feature", "properties": { "osm_id": "w239920227", "kind": "industrial" }, "geometry": { "type": "Polygon", "coordinates": [ [ [ 69.2194851, 41.2566872 ], [ 69.2195712, 41.2565648 ], [ 69.2199782, 41.256725 ], [ 69.2202054, 41.2563521 ], [ 69.2209387, 41.2567197 ], [ 69.2205354, 41.2571423 ], [ 69.2203752, 41.2570866 ], [ 69.2202675, 41.2571232 ], [ 69.2200459, 41.2570012 ], [ 69.219725, 41.257195 ], [ 69.2194973, 41.2569097 ], [ 69.2194772, 41.256871 ], [ 69.2194557, 41.2567807 ], [ 69.2194851, 41.2566872 ] ] ] } },
{ "type": "Feature", "properties": { "osm_id": "w239920397", "kind": "industrial" }, "geometry": { "type": "Polygon", "coordinates": [ [ [ 69.2229203, 41.2583374 ], [ 69.2232982, 41.2584333 ], [ 69.2233976, 41.2582103 ], [ 69.223537, 41.2578976 ], [ 69.2225405, 41.2574106 ], [ 69.2224942, 41.2573699 ], [ 69.2223105, 41.2573434 ], [ 69.2213936, 41.2569402 ], [ 69.2212007, 41.2571976 ], [ 69.2218041, 41.2574881 ], [ 69.2218281, 41.2574771 ], [ 69.2216294, 41.2577299 ], [ 69.2229203, 41.2583374 ] ] ] } },
{ "type": "Feature", "properties": { "osm_id": "w239921192", "kind": "industrial" }, "geometry": { "type": "Polygon", "coordinates": [ [ [ 69.2872953, 41.2721974 ], [ 69.2868635, 41.271759 ], [ 69.2873168, 41.2714324 ], [ 69.2870915, 41.2711462 ], [ 69.2877084, 41.270997 ], [ 69.2883897, 41.271126 ], [ 69.2884487, 41.2712792 ], [ 69.2886311, 41.2713075 ], [ 69.2887276, 41.2713921 ], [ 69.2872953, 41.2721974 ] ] ] } },
{ "type": "Feature", "properties": { "osm_id": "w239921483", "kind": "industrial" }, "geometry": { "type": "Polygon", "coordinates": [ [ [ 69.2883693, 41.2732863 ], [ 69.2898821, 41.274785 ], [ 69.2907795, 41.2742798 ], [ 69.2917401, 41.2737271 ], [ 69.2918283, 41.2737235 ], [ 69.2919034, 41.273785 ], [ 69.2921106, 41.273635 ], [ 69.2919851, 41.2735346 ], [ 69.2918477, 41.2734061 ], [ 69.2914496, 41.2730962 ], [ 69.2914728, 41.273082 ], [ 69.2895141, 41.2715738 ], [ 69.2877041, 41.2725973 ], [ 69.2883693, 41.2732863 ] ] ] } },
{ "type": "Feature", "properties": { "osm_id": "w239921555", "kind": "industrial" }, "geometry": { "type": "Polygon", "coordinates": [ [ [ 69.287306, 41.2722075 ], [ 69.2876808, 41.2725727 ], [ 69.2894357, 41.2715695 ], [ 69.2891407, 41.2713357 ], [ 69.2886954, 41.2712873 ], [ 69.2887866, 41.27138 ], [ 69.287306, 41.2722075 ] ] ] } },
{ "type": "Feature", "properties": { "osm_id": "w263936326", "kind": "industrial" }, "geometry": { "type": "Polygon", "coordinates": [ [ [ 69.2291389, 41.3697103 ], [ 69.2291372, 41.3687682 ], [ 69.230901, 41.3687664 ], [ 69.2309027, 41.3697085 ], [ 69.2291389, 41.3697103 ] ] ] } },
{ "type": "Feature", "properties": { "osm_id": "w263941513", "kind": "industrial" }, "geometry": { "type": "Polygon", "coordinates": [ [ [ 69.2971319, 41.2662554 ], [ 69.2974148, 41.2654787 ], [ 69.2977279, 41.2655803 ], [ 69.2984157, 41.2658076 ], [ 69.298678, 41.2658938 ], [ 69.2981437, 41.2666532 ], [ 69.2979246, 41.2665698 ], [ 69.2973334, 41.2663446 ], [ 69.2971319, 41.2662554 ] ] ] } },
{ "type": "Feature", "properties": { "osm_id": "w265592146", "kind": "cemetery" }, "geometry": { "type": "Polygon", "coordinates": [ [ [ 69.0853752, 41.3532844 ], [ 69.0861691, 41.3525887 ], [ 69.0865896, 41.3529195 ], [ 69.0863933, 41.3531968 ], [ 69.0859169, 41.3532681 ], [ 69.085464, 41.3533557 ], [ 69.0853752, 41.3532844 ] ] ] } },
{ "type": "Feature", "properties": { "osm_id": "w270581022", "kind": "industrial" }, "geometry": { "type": "Polygon", "coordinates": [ [ [ 69.3400975, 41.2592427 ], [ 69.3386145, 41.2587011 ], [ 69.3385288, 41.2586322 ], [ 69.3382667, 41.258425 ], [ 69.3376391, 41.2582077 ], [ 69.3372221, 41.2589247 ], [ 69.3368221, 41.2595777 ], [ 69.3374178, 41.2597611 ], [ 69.3375009, 41.2596079 ], [ 69.3394919, 41.2603086 ], [ 69.3399721, 41.259508 ], [ 69.3400081, 41.2594494 ], [ 69.3399628, 41.2594397 ], [ 69.3400975, 41.2592427 ] ] ] } },
{ "type": "Feature", "properties": { "osm_id": "w300991090", "kind": "industrial" }, "geometry": { "type": "Polygon", "coordinates": [ [ [ 69.1620599, 41.2359921 ], [ 69.1623778, 41.2354617 ], [ 69.1624345, 41.2354795 ], [ 69.1625108, 41.2353262 ], [ 69.162921, 41.2353074 ], [ 69.1632006, 41.235451 ], [ 69.1631162, 41.2355439 ], [ 69.1626503, 41.2360721 ], [ 69.1625387, 41.2360232 ], [ 69.1624914, 41.2360912 ], [ 69.1623111, 41.2360291 ], [ 69.1622829, 41.2360675 ], [ 69.1620599, 41.2359921 ] ] ] } },
{ "type": "Feature", "properties": { "osm_id": "w300991092", "kind": "industrial" }, "geometry": { "type": "Polygon", "coordinates": [ [ [ 69.1604323, 41.2357138 ], [ 69.1608199, 41.2349082 ], [ 69.1610664, 41.2349707 ], [ 69.1611135, 41.2348684 ], [ 69.1625108, 41.2353262 ], [ 69.1624345, 41.2354795 ], [ 69.1623778, 41.2354617 ], [ 69.1620599, 41.2359921 ], [ 69.1618447, 41.2361555 ], [ 69.1604323, 41.2357138 ] ] ] } },
{ "type": "Feature", "properties": { "osm_id": "w301149142", "kind": "industrial" }, "geometry": { "type": "Polygon", "coordinates": [ [ [ 69.2555107, 41.2437513 ], [ 69.2561059, 41.2436891 ], [ 69.2560005, 41.2432009 ], [ 69.2554241, 41.2432349 ], [ 69.2555107, 41.2437513 ] ] ] } },
{ "type": "Feature", "properties": { "osm_id": "w304183063", "kind": "industrial" }, "geometry": { "type": "Polygon", "coordinates": [ [ [ 69.2278709, 41.2437761 ], [ 69.2277904, 41.2436914 ], [ 69.2277384, 41.243574 ], [ 69.2276858, 41.2434555 ], [ 69.2276833, 41.2433384 ], [ 69.2276751, 41.2429634 ], [ 69.228563, 41.2429792 ], [ 69.2285415, 41.2432598 ], [ 69.228428, 41.2437158 ], [ 69.2283832, 41.2438145 ], [ 69.2279138, 41.2437983 ], [ 69.2278709, 41.2437761 ] ] ] } },
{ "type": "Feature", "properties": { "osm_id": "w304184533", "kind": "industrial" }, "geometry": { "type": "Polygon", "coordinates": [ [ [ 69.2442383, 41.2473958 ], [ 69.2441927, 41.24743 ], [ 69.2441982, 41.2475349 ], [ 69.2442571, 41.2476156 ], [ 69.2444046, 41.2476115 ], [ 69.2444288, 41.2476559 ], [ 69.2445468, 41.2476559 ], [ 69.2446729, 41.2476741 ], [ 69.2459079, 41.2476882 ], [ 69.246424, 41.2476899 ], [ 69.2471888, 41.2477285 ], [ 69.2474945, 41.2477305 ], [ 69.2475723, 41.247787 ], [ 69.2476045, 41.2493458 ], [ 69.2475965, 41.2502208 ], [ 69.2471241, 41.2502007 ], [ 69.2471193, 41.2503219 ], [ 69.2467415, 41.2503186 ], [ 69.2461266, 41.2501247 ], [ 69.2457968, 41.2503193 ], [ 69.2439519, 41.2503564 ], [ 69.2436193, 41.2502101 ], [ 69.2435899, 41.2496438 ], [ 69.2427901, 41.2491543 ], [ 69.2426667, 41.2490272 ], [ 69.2425353, 41.2484182 ], [ 69.2425357, 41.2481086 ], [ 69.2414606, 41.2481076 ], [ 69.2413582, 41.2480515 ], [ 69.2413313, 41.2476981 ], [ 69.2413216, 41.2474875 ], [ 69.2414276, 41.2468233 ], [ 69.2414678, 41.2466966 ], [ 69.2414969, 41.2463311 ], [ 69.2414918, 41.2455747 ], [ 69.2410278, 41.24544 ], [ 69.2409648, 41.24537 ], [ 69.2410465, 41.2449225 ], [ 69.2411029, 41.2448402 ], [ 69.2413425, 41.244801 ], [ 69.2416837, 41.2452285 ], [ 69.2418245, 41.2453851 ], [ 69.242074, 41.2456432 ], [ 69.2436403, 41.2457279 ], [ 69.2433882, 41.2465548 ], [ 69.2432379, 41.2472203 ], [ 69.2442383, 41.2473958 ] ] ] } },
{ "type": "Feature", "properties": { "osm_id": "w304184538", "kind": "industrial" }, "geometry": { "type": "Polygon", "coordinates": [ [ [ 69.2455032, 41.2457418 ], [ 69.2456745, 41.2457485 ], [ 69.2456827, 41.2456677 ], [ 69.2473123, 41.24575 ], [ 69.2473209, 41.2465453 ], [ 69.2475526, 41.2476813 ], [ 69.2461233, 41.2476633 ], [ 69.2448092, 41.2476522 ], [ 69.2445785, 41.2475333 ], [ 69.2443277, 41.247303 ], [ 69.2448306, 41.2469847 ], [ 69.2452651, 41.246422 ], [ 69.2453751, 41.2461034 ], [ 69.2453697, 41.2459238 ], [ 69.2454476, 41.2459199 ], [ 69.2455032, 41.2457418 ] ] ] } },
{ "type": "Feature", "properties": { "osm_id": "w304184539", "kind": "industrial" }, "geometry": { "type": "Polygon", "coordinates": [ [ [ 69.2440788, 41.2451145 ], [ 69.2440022, 41.2451015 ], [ 69.244077, 41.2448428 ], [ 69.2413425, 41.244801 ], [ 69.2416837, 41.2452285 ], [ 69.242074, 41.2456432 ], [ 69.2436403, 41.2457279 ], [ 69.2433882, 41.2465548 ], [ 69.2432379, 41.2472203 ], [ 69.2442383, 41.2473958 ], [ 69.2443277, 41.247303 ], [ 69.2448306, 41.2469847 ], [ 69.2452651, 41.246422 ], [ 69.2453751, 41.2461034 ], [ 69.2453697, 41.2459238 ], [ 69.2454476, 41.2459199 ], [ 69.2455032, 41.2457418 ], [ 69.245544, 41.2456113 ], [ 69.245493, 41.2455568 ], [ 69.2452758, 41.2455568 ], [ 69.2452865, 41.2453935 ], [ 69.2453859, 41.2453895 ], [ 69.2454086, 41.2453551 ], [ 69.2454287, 41.2451666 ], [ 69.2454729, 41.2449518 ], [ 69.2454821, 41.244815 ], [ 69.2443998, 41.2448836 ], [ 69.2441493, 41.2450949 ], [ 69.2441264, 41.2451264 ], [ 69.2440788, 41.2451145 ] ] ] } },
{ "type": "Feature", "properties": { "osm_id": "w304186300", "kind": "industrial" }, "geometry": { "type": "Polygon", "coordinates": [ [ [ 69.2473464, 41.2451091 ], [ 69.2473123, 41.24575 ], [ 69.2456827, 41.2456677 ], [ 69.2456745, 41.2457485 ], [ 69.2455032, 41.2457418 ], [ 69.245544, 41.2456113 ], [ 69.245493, 41.2455568 ], [ 69.2452758, 41.2455568 ], [ 69.2452865, 41.2453935 ], [ 69.2453859, 41.2453895 ], [ 69.2454086, 41.2453551 ], [ 69.2454287, 41.2451666 ], [ 69.2454729, 41.2449518 ], [ 69.2454821, 41.244815 ], [ 69.2456885, 41.2447901 ], [ 69.2456584, 41.2449658 ], [ 69.2473025, 41.2449223 ], [ 69.2473439, 41.2449239 ], [ 69.2473464, 41.2451091 ] ] ] } },
{ "type": "Feature", "properties": { "osm_id": "w304762267", "kind": "industrial" }, "geometry": { "type": "Polygon", "coordinates": [ [ [ 69.2673842, 41.2436303 ], [ 69.2673123, 41.2436317 ], [ 69.2672576, 41.2436317 ], [ 69.2645714, 41.2436472 ], [ 69.2624646, 41.2436397 ], [ 69.2623704, 41.2436394 ], [ 69.2622887, 41.2436391 ], [ 69.2622679, 41.2378992 ], [ 69.2623109, 41.2378842 ], [ 69.2628551, 41.2378666 ], [ 69.2628583, 41.2377358 ], [ 69.2628604, 41.2376528 ], [ 69.2632067, 41.2376486 ], [ 69.2681066, 41.2376671 ], [ 69.2681026, 41.2378646 ], [ 69.2693693, 41.2378556 ], [ 69.2694164, 41.2378733 ], [ 69.2694218, 41.2388943 ], [ 69.2694571, 41.2411037 ], [ 69.2694506, 41.2418046 ], [ 69.2694296, 41.2428326 ], [ 69.2694458, 41.24363 ], [ 69.2678199, 41.2436219 ], [ 69.2675353, 41.2436219 ], [ 69.2675353, 41.2436683 ], [ 69.2673842, 41.2436683 ], [ 69.2673842, 41.2436303 ] ] ] } },
{ "type": "Feature", "properties": { "osm_id": "w304768350", "kind": "industrial" }, "geometry": { "type": "Polygon", "coordinates": [ [ [ 69.2599077, 41.2372462 ], [ 69.260091, 41.2368293 ], [ 69.2602437, 41.2368672 ], [ 69.2603312, 41.2366681 ], [ 69.2606435, 41.2367457 ], [ 69.2603727, 41.2373618 ], [ 69.2599077, 41.2372462 ] ] ] } },
{ "type": "Feature", "properties": { "osm_id": "w305562716", "kind": "industrial" }, "geometry": { "type": "Polygon", "coordinates": [ [ [ 69.4427511, 41.25586 ], [ 69.4429281, 41.2556846 ], [ 69.4443631, 41.2556171 ], [ 69.4455701, 41.2555636 ], [ 69.4455727, 41.2556371 ], [ 69.445672, 41.2556372 ], [ 69.4456774, 41.255735 ], [ 69.4458571, 41.2557269 ], [ 69.445849, 41.2555494 ], [ 69.4463493, 41.2555263 ], [ 69.4463453, 41.255618 ], [ 69.4463801, 41.2570416 ], [ 69.4455191, 41.2570981 ], [ 69.4452924, 41.2570971 ], [ 69.4452912, 41.2572674 ], [ 69.4440533, 41.2572433 ], [ 69.4440573, 41.2571666 ], [ 69.4435477, 41.2571767 ], [ 69.4431668, 41.2568037 ], [ 69.4428396, 41.2562008 ], [ 69.4427511, 41.25586 ] ] ] } },
{ "type": "Feature", "properties": { "osm_id": "w334270011", "kind": "cemetery" }, "geometry": { "type": "Polygon", "coordinates": [ [ [ 69.3415937, 41.3745148 ], [ 69.3421508, 41.3742693 ], [ 69.3425556, 41.3747626 ], [ 69.3425621, 41.3750008 ], [ 69.3422026, 41.3751053 ], [ 69.3421004, 41.3749532 ], [ 69.342018, 41.3748307 ], [ 69.3417172, 41.3746068 ], [ 69.3415937, 41.3745148 ] ] ] } },
{ "type": "Feature", "properties": { "osm_id": "w335699716", "kind": "garages" }, "geometry": { "type": "Polygon", "coordinates": [ [ [ 69.1672065, 41.2676321 ], [ 69.1672615, 41.2676172 ], [ 69.1674553, 41.2678068 ], [ 69.1673742, 41.2678421 ], [ 69.1669206, 41.2679439 ], [ 69.1667744, 41.2680012 ], [ 69.1646609, 41.2685881 ], [ 69.164518, 41.2683724 ], [ 69.1672065, 41.2676321 ] ] ] } },
{ "type": "Feature", "properties": { "osm_id": "w364856244", "kind": "industrial" }, "geometry": { "type": "Polygon", "coordinates": [ [ [ 69.4184837, 41.4324546 ], [ 69.4183824, 41.4324392 ], [ 69.4183771, 41.4320209 ], [ 69.4181866, 41.4320228 ], [ 69.4177176, 41.4318865 ], [ 69.4177977, 41.4313843 ], [ 69.4182406, 41.4314089 ], [ 69.4182597, 41.4306301 ], [ 69.4184393, 41.4302797 ], [ 69.4192809, 41.4305332 ], [ 69.4195816, 41.4300276 ], [ 69.42066, 41.4303152 ], [ 69.4217063, 41.4306254 ], [ 69.4217476, 41.4307035 ], [ 69.4204943, 41.4329567 ], [ 69.4210856, 41.4331377 ], [ 69.4210261, 41.4336546 ], [ 69.4222151, 41.4341683 ], [ 69.4232919, 41.4344389 ], [ 69.4232648, 41.4344935 ], [ 69.422542, 41.4343122 ], [ 69.4212441, 41.4339866 ], [ 69.4202762, 41.4337652 ], [ 69.4189954, 41.4334598 ], [ 69.4188319, 41.4335434 ], [ 69.4186914, 41.4338233 ], [ 69.4182646, 41.4334022 ], [ 69.4182083, 41.4331885 ], [ 69.4184837, 41.4324546 ] ] ] } },
{ "type": "Feature", "properties": { "osm_id": "w369783739", "kind": "garages" }, "geometry": { "type": "Polygon", "coordinates": [ [ [ 69.1535835, 41.2580228 ], [ 69.1537444, 41.2581418 ], [ 69.1553805, 41.2569118 ], [ 69.1552491, 41.256809 ], [ 69.1535835, 41.2580228 ] ] ] } },
{ "type": "Feature", "properties": { "osm_id": "w369825114", "kind": "military" }, "geometry": { "type": "Polygon", "coordinates": [ [ [ 69.33482, 41.3484205 ], [ 69.3353118, 41.3481347 ], [ 69.3358654, 41.3486716 ], [ 69.3353737, 41.3489574 ], [ 69.33482, 41.3484205 ] ] ] } },
{ "type": "Feature", "properties": { "osm_id": "w379502765", "kind": "military" }, "geometry": { "type": "Polygon", "coordinates": [ [ [ 69.2731956, 41.3191776 ], [ 69.2733302, 41.3197214 ], [ 69.2727951, 41.3198137 ], [ 69.2728173, 41.3198975 ], [ 69.2723188, 41.3199894 ], [ 69.2720783, 41.3193076 ], [ 69.2720385, 41.3191709 ], [ 69.2721884, 41.3190799 ], [ 69.272255, 41.319041 ], [ 69.2730793, 41.3188657 ], [ 69.2731877, 41.3191565 ], [ 69.2731956, 41.3191776 ] ] ] } },
{ "type": "Feature", "properties": { "osm_id": "w379868353", "kind": "industrial" }, "geometry": { "type": "Polygon", "coordinates": [ [ [ 69.3207307, 41.3073869 ], [ 69.3220986, 41.3072983 ], [ 69.3228285, 41.3071406 ], [ 69.3229587, 41.3073173 ], [ 69.3233851, 41.3071252 ], [ 69.3239139, 41.3068869 ], [ 69.3235953, 41.3063887 ], [ 69.3215527, 41.3056681 ], [ 69.3213347, 41.3059981 ], [ 69.3211437, 41.3059362 ], [ 69.3211437, 41.3057388 ], [ 69.3205375, 41.3058073 ], [ 69.320645, 41.306265 ], [ 69.3207307, 41.3073869 ] ] ] } },
{ "type": "Feature", "properties": { "osm_id": "w380056943", "kind": "military" }, "geometry": { "type": "Polygon", "coordinates": [ [ [ 69.3176917, 41.2874389 ], [ 69.3184309, 41.2882643 ], [ 69.3195509, 41.2877906 ], [ 69.3186475, 41.2867501 ], [ 69.3184635, 41.2866543 ], [ 69.3176917, 41.2874389 ] ] ] } },
{ "type": "Feature", "properties": { "osm_id": "w380709637", "kind": "garages" }, "geometry": { "type": "Polygon", "coordinates": [ [ [ 69.3091711, 41.308653 ], [ 69.3097369, 41.3082091 ], [ 69.3101858, 41.3085241 ], [ 69.3102354, 41.3085595 ], [ 69.3100162, 41.3087327 ], [ 69.3099473, 41.3087801 ], [ 69.3098998, 41.3087382 ], [ 69.3096778, 41.3088749 ], [ 69.3097615, 41.3089656 ], [ 69.309682, 41.3090183 ], [ 69.309568, 41.3090694 ], [ 69.3094912, 41.3089969 ], [ 69.3091711, 41.308653 ] ] ] } },
{ "type": "Feature", "properties": { "osm_id": "w382831859", "kind": "industrial" }, "geometry": { "type": "Polygon", "coordinates": [ [ [ 69.327208, 41.296114 ], [ 69.327128, 41.296116 ], [ 69.3270508, 41.2961155 ], [ 69.3271795, 41.2981065 ], [ 69.3288572, 41.298046 ], [ 69.3288572, 41.2979553 ], [ 69.3287311, 41.2978626 ], [ 69.3286706, 41.2964842 ], [ 69.3274249, 41.2964834 ], [ 69.3273143, 41.2962801 ], [ 69.3273063, 41.2961116 ], [ 69.327208, 41.296114 ] ] ] } },
{ "type": "Feature", "properties": { "osm_id": "w385235027", "kind": "garages" }, "geometry": { "type": "Polygon", "coordinates": [ [ [ 69.309277, 41.3002533 ], [ 69.3092423, 41.3000765 ], [ 69.309544, 41.3000431 ], [ 69.3095037, 41.2998469 ], [ 69.3093215, 41.2999044 ], [ 69.3090768, 41.2991565 ], [ 69.3086772, 41.2999157 ], [ 69.3085365, 41.3000464 ], [ 69.3085895, 41.3003378 ], [ 69.309277, 41.3002533 ] ] ] } },
{ "type": "Feature", "properties": { "osm_id": "w385960793", "kind": "railway" }, "geometry": { "type": "Polygon", "coordinates": [ [ [ 69.2964483, 41.2972542 ], [ 69.2965924, 41.2971541 ], [ 69.2970089, 41.2973897 ], [ 69.297092, 41.297287 ], [ 69.2966712, 41.2970672 ], [ 69.2963263, 41.296867 ], [ 69.2954824, 41.2962787 ], [ 69.2953307, 41.2961802 ], [ 69.295186, 41.2964521 ], [ 69.2951488, 41.2965938 ], [ 69.2953973, 41.2967609 ], [ 69.2958526, 41.2971579 ], [ 69.2958888, 41.2971597 ], [ 69.2963528, 41.2976391 ], [ 69.2965561, 41.2978964 ], [ 69.2966104, 41.297965 ], [ 69.2967728, 41.298289 ], [ 69.2969199, 41.2986215 ], [ 69.2970042, 41.2988003 ], [ 69.2971346, 41.2992489 ], [ 69.2971799, 41.2995957 ], [ 69.297212, 41.2998912 ], [ 69.2973338, 41.2998794 ], [ 69.2973385, 41.2999277 ], [ 69.2973835, 41.3003909 ], [ 69.2973863, 41.3004738 ], [ 69.2973826, 41.300609 ], [ 69.2973895, 41.3007904 ], [ 69.2974221, 41.3015205 ], [ 69.2974437, 41.301949 ], [ 69.2974826, 41.3022273 ], [ 69.2975322, 41.3025153 ], [ 69.297581, 41.3027682 ], [ 69.2976426, 41.3030114 ], [ 69.2976899, 41.3031703 ], [ 69.2977564, 41.3033356 ], [ 69.2978909, 41.3036479 ], [ 69.2980127, 41.3038688 ], [ 69.2981665, 41.3041251 ], [ 69.2983071, 41.3043474 ], [ 69.298549, 41.3046937 ], [ 69.2987878, 41.304971 ], [ 69.299076, 41.3052796 ], [ 69.2993307, 41.3055056 ], [ 69.2995779, 41.3057191 ], [ 69.2998426, 41.3059324 ], [ 69.3001326, 41.3061291 ], [ 69.3007145, 41.3064872 ], [ 69.3011352, 41.30671 ], [ 69.301712, 41.3071098 ], [ 69.301761, 41.3071031 ], [ 69.30181, 41.3070964 ], [ 69.3018589, 41.3070896 ], [ 69.3019079, 41.3070829 ], [ 69.3011334, 41.3065912 ], [ 69.3002782, 41.3060293 ], [ 69.3000329, 41.3058535 ], [ 69.2997924, 41.3056635 ], [ 69.2992927, 41.3052211 ], [ 69.2990028, 41.3049267 ], [ 69.2986897, 41.3045101 ], [ 69.2984276, 41.3041154 ], [ 69.2981519, 41.3036259 ], [ 69.2979578, 41.3031759 ], [ 69.2978189, 41.3027024 ], [ 69.2977583, 41.3024339 ], [ 69.2977142, 41.3021689 ], [ 69.2976774, 41.3016676 ], [ 69.2977029, 41.3010926 ], [ 69.2975982, 41.3010833 ], [ 69.2976013, 41.3005417 ], [ 69.2976297, 41.2997235 ], [ 69.2976194, 41.2995076 ], [ 69.2974339, 41.2988809 ], [ 69.2971189, 41.2981743 ], [ 69.2969417, 41.2978845 ], [ 69.2967207, 41.2975364 ], [ 69.2964483, 41.2972542 ] ] ] } },
{ "type": "Feature", "properties": { "osm_id": "w385960797", "kind": "railway" }, "geometry": { "type": "Polygon", "coordinates": [ [ [ 69.3120337, 41.3182777 ], [ 69.3120672, 41.318271 ], [ 69.3121435, 41.3182619 ], [ 69.3120472, 41.3180441 ], [ 69.3118825, 41.3176981 ], [ 69.3115487, 41.3171706 ], [ 69.3112146, 41.3166816 ], [ 69.3109295, 41.3162191 ], [ 69.31054, 41.3156824 ], [ 69.3102428, 41.315195 ], [ 69.3099386, 41.3147358 ], [ 69.3096453, 41.3142228 ], [ 69.3089416, 41.3133045 ], [ 69.308558, 41.3127815 ], [ 69.3083973, 41.3125567 ], [ 69.3081019, 41.3120612 ], [ 69.3079772, 41.3121023 ], [ 69.3074446, 41.3114005 ], [ 69.307132, 41.3109525 ], [ 69.3068456, 41.310574 ], [ 69.3064808, 41.3101713 ], [ 69.3062481, 41.3099288 ], [ 69.3058928, 41.3096327 ], [ 69.3047538, 41.308862 ], [ 69.3037673, 41.3082638 ], [ 69.3033164, 41.3079832 ], [ 69.3028201, 41.3076703 ], [ 69.3027535, 41.307629 ], [ 69.3024996, 41.3074713 ], [ 69.3024701, 41.3074845 ], [ 69.3024406, 41.3074977 ], [ 69.3024111, 41.3075109 ], [ 69.3023816, 41.3075241 ], [ 69.3030057, 41.3079158 ], [ 69.3034963, 41.308221 ], [ 69.3043958, 41.3087808 ], [ 69.3050146, 41.3091714 ], [ 69.3052604, 41.3093298 ], [ 69.3054973, 41.3094945 ], [ 69.3057806, 41.3097072 ], [ 69.3059608, 41.3098573 ], [ 69.3061926, 41.3100725 ], [ 69.3063703, 41.3102506 ], [ 69.3065824, 41.3104833 ], [ 69.3067987, 41.3107514 ], [ 69.3071295, 41.3111994 ], [ 69.3074344, 41.3116152 ], [ 69.3078356, 41.3121584 ], [ 69.3083063, 41.3128077 ], [ 69.3087125, 41.313366 ], [ 69.3091458, 41.3139634 ], [ 69.3095789, 41.3145685 ], [ 69.3099797, 41.3151309 ], [ 69.3099839, 41.3151368 ], [ 69.3103039, 41.3155862 ], [ 69.310685, 41.3160753 ], [ 69.3110311, 41.3165657 ], [ 69.311524, 41.3173009 ], [ 69.3118121, 41.3177811 ], [ 69.3120056, 41.3182038 ], [ 69.3120337, 41.3182777 ] ] ] } },
{ "type": "Feature", "properties": { "osm_id": "w385975379", "kind": "industrial" }, "geometry": { "type": "Polygon", "coordinates": [ [ [ 69.3168748, 41.3259465 ], [ 69.3159724, 41.3258672 ], [ 69.3154247, 41.3258542 ], [ 69.3151471, 41.3258488 ], [ 69.3151876, 41.3261014 ], [ 69.3154389, 41.3264867 ], [ 69.3156654, 41.3267844 ], [ 69.316122, 41.3270954 ], [ 69.3168748, 41.3259465 ] ] ] } },
{ "type": "Feature", "properties": { "osm_id": "w386940252", "kind": "industrial" }, "geometry": { "type": "Polygon", "coordinates": [ [ [ 69.3471451, 41.3085751 ], [ 69.3475778, 41.3088424 ], [ 69.3480453, 41.3088546 ], [ 69.3482931, 41.3086392 ], [ 69.3487405, 41.30825 ], [ 69.3483462, 41.3077094 ], [ 69.3477418, 41.3077235 ], [ 69.3472781, 41.3076778 ], [ 69.3471451, 41.3085751 ] ] ] } },
{ "type": "Feature", "properties": { "osm_id": "w386940263", "kind": "industrial" }, "geometry": { "type": "Polygon", "coordinates": [ [ [ 69.3458212, 41.3100702 ], [ 69.3460407, 41.3098141 ], [ 69.3459128, 41.3097046 ], [ 69.346138, 41.3094211 ], [ 69.3463809, 41.309212 ], [ 69.3468346, 41.3088214 ], [ 69.3471132, 41.3088293 ], [ 69.3475778, 41.3088424 ], [ 69.3480453, 41.3088546 ], [ 69.3482931, 41.3086392 ], [ 69.348977, 41.3090737 ], [ 69.3485504, 41.309515 ], [ 69.3490885, 41.30981 ], [ 69.3493472, 41.3095477 ], [ 69.3498334, 41.3098339 ], [ 69.3500584, 41.3115248 ], [ 69.3502565, 41.3128351 ], [ 69.3502337, 41.3129929 ], [ 69.3491229, 41.3124239 ], [ 69.3485485, 41.3118697 ], [ 69.3486839, 41.3117153 ], [ 69.3472749, 41.3109367 ], [ 69.3475431, 41.3106829 ], [ 69.3466151, 41.3101832 ], [ 69.3463361, 41.3104209 ], [ 69.3458212, 41.3100702 ] ] ] } },
{ "type": "Feature", "properties": { "osm_id": "w387479898", "kind": "industrial" }, "geometry": { "type": "Polygon", "coordinates": [ [ [ 69.3129977, 41.2975948 ], [ 69.3131698, 41.2979789 ], [ 69.3127017, 41.2987624 ], [ 69.31237, 41.29884 ], [ 69.3119621, 41.2989422 ], [ 69.3115755, 41.2990433 ], [ 69.3111422, 41.2981589 ], [ 69.3112179, 41.2981365 ], [ 69.3124827, 41.2977997 ], [ 69.3129977, 41.2975948 ] ] ] } },
{ "type": "Feature", "properties": { "osm_id": "w392197980", "kind": "industrial" }, "geometry": { "type": "Polygon", "coordinates": [ [ [ 69.1474962, 41.3422757 ], [ 69.1483048, 41.3418592 ], [ 69.1486626, 41.3415332 ], [ 69.1493771, 41.3413783 ], [ 69.1495499, 41.3413235 ], [ 69.149818, 41.3411243 ], [ 69.150224, 41.340963 ], [ 69.1504954, 41.340792 ], [ 69.151048, 41.3413363 ], [ 69.1509531, 41.3415386 ], [ 69.152197, 41.3430788 ], [ 69.1519111, 41.3431984 ], [ 69.1541213, 41.3457913 ], [ 69.1520774, 41.3466738 ], [ 69.1515339, 41.3469085 ], [ 69.1512591, 41.3467914 ], [ 69.1503425, 41.3456967 ], [ 69.150247, 41.345728 ], [ 69.1501221, 41.3455253 ], [ 69.149986, 41.3453164 ], [ 69.1494595, 41.3445981 ], [ 69.1492464, 41.3444819 ], [ 69.1476484, 41.3426379 ], [ 69.1474962, 41.3422757 ] ] ] } },
{ "type": "Feature", "properties": { "osm_id": "w392197981", "kind": "industrial" }, "geometry": { "type": "Polygon", "coordinates": [ [ [ 69.1662854, 41.3595876 ], [ 69.1673376, 41.3591551 ], [ 69.1678673, 41.3600167 ], [ 69.1682106, 41.360844 ], [ 69.1676174, 41.3609603 ], [ 69.1673561, 41.3604922 ], [ 69.1673247, 41.360458 ], [ 69.1669386, 41.3605924 ], [ 69.1662854, 41.3595876 ] ] ] } },
{ "type": "Feature", "properties": { "osm_id": "w399862256", "kind": "industrial" }, "geometry": { "type": "Polygon", "coordinates": [ [ [ 69.3555118, 41.2511429 ], [ 69.3567051, 41.250551 ], [ 69.3568491, 41.2506721 ], [ 69.3569647, 41.2506161 ], [ 69.3572661, 41.2509192 ], [ 69.3573855, 41.2512561 ], [ 69.3571998, 41.2515345 ], [ 69.3571467, 41.2516008 ], [ 69.3566395, 41.2523942 ], [ 69.3555118, 41.2511429 ] ] ] } },
{ "type": "Feature", "properties": { "osm_id": "w400695364", "kind": "garages" }, "geometry": { "type": "Polygon", "coordinates": [ [ [ 69.2873435, 41.3138867 ], [ 69.2876535, 41.3139884 ], [ 69.2876964, 41.3139148 ], [ 69.2873864, 41.3138131 ], [ 69.2873435, 41.3138867 ] ] ] } },
{ "type": "Feature", "properties": { "osm_id": "w404179305", "kind": "garages" }, "geometry": { "type": "Polygon", "coordinates": [ [ [ 69.1684568, 41.2797157 ], [ 69.1698663, 41.2790737 ], [ 69.1699548, 41.2793125 ], [ 69.1695632, 41.2798346 ], [ 69.168662, 41.2798306 ], [ 69.1684568, 41.2797157 ] ] ] } },
{ "type": "Feature", "properties": { "osm_id": "w405593565", "kind": "cemetery" }, "geometry": { "type": "Polygon", "coordinates": [ [ [ 69.2182462, 41.393625 ], [ 69.2180156, 41.3936693 ], [ 69.2178573, 41.3938182 ], [ 69.2170938, 41.3940599 ], [ 69.2169302, 41.3941988 ], [ 69.2168363, 41.3946535 ], [ 69.2166324, 41.3948913 ], [ 69.2141488, 41.3945378 ], [ 69.2141596, 41.3946666 ], [ 69.2142561, 41.3948275 ], [ 69.2144761, 41.3950247 ], [ 69.2145565, 41.3953105 ], [ 69.2147818, 41.3954553 ], [ 69.216705, 41.3953245 ], [ 69.2177588, 41.3952361 ], [ 69.2179002, 41.395112 ], [ 69.2179539, 41.3950959 ], [ 69.2187759, 41.3938564 ], [ 69.2186151, 41.3937437 ], [ 69.2184957, 41.3936733 ], [ 69.2182462, 41.393625 ] ] ] } },
{ "type": "Feature", "properties": { "osm_id": "w406552823", "kind": "industrial" }, "geometry": { "type": "Polygon", "coordinates": [ [ [ 69.3283872, 41.3046771 ], [ 69.3284099, 41.3037142 ], [ 69.3298115, 41.3036662 ], [ 69.3300764, 41.3036626 ], [ 69.3310052, 41.3036575 ], [ 69.3309875, 41.3048029 ], [ 69.3295966, 41.3047628 ], [ 69.3283872, 41.3046771 ] ] ] } },
{ "type": "Feature", "properties": { "osm_id": "w406552826", "kind": "industrial" }, "geometry": { "type": "Polygon", "coordinates": [ [ [ 69.3316161, 41.3049503 ], [ 69.3316172, 41.3048574 ], [ 69.3310568, 41.3048125 ], [ 69.3309875, 41.3048029 ], [ 69.3310052, 41.3036575 ], [ 69.3310189, 41.3033537 ], [ 69.3317813, 41.3033342 ], [ 69.3317839, 41.303395 ], [ 69.3329336, 41.3033643 ], [ 69.3332133, 41.3034364 ], [ 69.3332947, 41.3050255 ], [ 69.333208, 41.305025 ], [ 69.3325422, 41.3050362 ], [ 69.3316161, 41.3049503 ] ] ] } },
{ "type": "Feature", "properties": { "osm_id": "w406552828", "kind": "industrial" }, "geometry": { "type": "Polygon", "coordinates": [ [ [ 69.3324524, 41.3022236 ], [ 69.3340026, 41.3032392 ], [ 69.3343211, 41.3032286 ], [ 69.3342432, 41.3018939 ], [ 69.3324595, 41.301979 ], [ 69.3324524, 41.3022236 ] ] ] } },
{ "type": "Feature", "properties": { "osm_id": "w406552829", "kind": "industrial" }, "geometry": { "type": "Polygon", "coordinates": [ [ [ 69.3343897, 41.3034328 ], [ 69.3353243, 41.3034164 ], [ 69.3353297, 41.303501 ], [ 69.3359742, 41.303486 ], [ 69.3359172, 41.3025674 ], [ 69.3343499, 41.3026339 ], [ 69.3343897, 41.3034328 ] ] ] } },
{ "type": "Feature", "properties": { "osm_id": "w406719644", "kind": "industrial" }, "geometry": { "type": "Polygon", "coordinates": [ [ [ 69.252875, 41.2801246 ], [ 69.2519465, 41.2819305 ], [ 69.2522415, 41.2820374 ], [ 69.2523354, 41.2822611 ], [ 69.2522447, 41.282484 ], [ 69.2519859, 41.2829899 ], [ 69.2509394, 41.2818749 ], [ 69.2508234, 41.2819569 ], [ 69.250657, 41.2818875 ], [ 69.2501455, 41.2813966 ], [ 69.2499607, 41.281216 ], [ 69.2500945, 41.280662 ], [ 69.2504459, 41.2800841 ], [ 69.2508014, 41.2795587 ], [ 69.252875, 41.2801246 ] ] ] } },
{ "type": "Feature", "properties": { "osm_id": "w406725034", "kind": "industrial" }, "geometry": { "type": "Polygon", "coordinates": [ [ [ 69.2617027, 41.2812536 ], [ 69.2621757, 41.2806516 ], [ 69.261541, 41.2803575 ], [ 69.26139, 41.2805196 ], [ 69.2611045, 41.2804561 ], [ 69.2609186, 41.2806956 ], [ 69.2606906, 41.2806122 ], [ 69.2605427, 41.2807836 ], [ 69.2617027, 41.2812536 ] ] ] } },
{ "type": "Feature", "properties": { "osm_id": "w407653551", "kind": "industrial" }, "geometry": { "type": "Polygon", "coordinates": [ [ [ 69.3844813, 41.3590377 ], [ 69.3843189, 41.3589598 ], [ 69.3842599, 41.3587916 ], [ 69.3843564, 41.3585425 ], [ 69.3852175, 41.3587781 ], [ 69.3850002, 41.3591163 ], [ 69.3844813, 41.3590377 ] ] ] } },
{ "type": "Feature", "properties": { "osm_id": "w408642567", "kind": "railway" }, "geometry": { "type": "Polygon", "coordinates": [ [ [ 69.245916, 41.2140531 ], [ 69.2491327, 41.2132372 ], [ 69.2497365, 41.2097605 ], [ 69.2468527, 41.2083327 ], [ 69.245916, 41.2140531 ] ] ] } },
{ "type": "Feature", "properties": { "osm_id": "w411915335", "kind": "industrial" }, "geometry": { "type": "Polygon", "coordinates": [ [ [ 69.2322329, 41.2597445 ], [ 69.2331622, 41.2599889 ], [ 69.2335495, 41.2601989 ], [ 69.2335488, 41.2602651 ], [ 69.2335478, 41.2603646 ], [ 69.2333898, 41.260543 ], [ 69.2330406, 41.2609094 ], [ 69.2329869, 41.2608857 ], [ 69.2320378, 41.2604434 ], [ 69.2318465, 41.2603643 ], [ 69.2320685, 41.2600574 ], [ 69.2322329, 41.2597445 ] ] ] } },
{ "type": "Feature", "properties": { "osm_id": "w412375825", "kind": "industrial" }, "geometry": { "type": "Polygon", "coordinates": [ [ [ 69.576029, 41.4416509 ], [ 69.5822133, 41.438766 ], [ 69.5813531, 41.4361879 ], [ 69.5811757, 41.4362409 ], [ 69.5806735, 41.436466 ], [ 69.5809438, 41.4368809 ], [ 69.5794912, 41.437524 ], [ 69.5791828, 41.4374562 ], [ 69.5786597, 41.4374422 ], [ 69.5785425, 41.4380122 ], [ 69.5788172, 41.4382962 ], [ 69.5783469, 41.438637 ], [ 69.5783184, 41.4387682 ], [ 69.5782489, 41.4390874 ], [ 69.5781989, 41.4392422 ], [ 69.578052, 41.4394915 ], [ 69.5774672, 41.4397939 ], [ 69.577019, 41.4392983 ], [ 69.5770278, 41.4391999 ], [ 69.5761152, 41.4391667 ], [ 69.5760974, 41.4393654 ], [ 69.5756855, 41.4393531 ], [ 69.5756854, 41.4394053 ], [ 69.5749063, 41.4393827 ], [ 69.5748527, 41.4400193 ], [ 69.5748502, 41.4400486 ], [ 69.574851, 41.4402709 ], [ 69.576029, 41.4416509 ] ] ] } },
{ "type": "Feature", "properties": { "osm_id": "w416362770", "kind": "industrial" }, "geometry": { "type": "Polygon", "coordinates": [ [ [ 69.2338608, 41.2184116 ], [ 69.2354019, 41.219051 ], [ 69.236858, 41.2169689 ], [ 69.2352296, 41.2163354 ], [ 69.2348369, 41.2168682 ], [ 69.2347473, 41.2168325 ], [ 69.2338608, 41.2184116 ] ] ] } },
{ "type": "Feature", "properties": { "osm_id": "w421076563", "kind": "industrial" }, "geometry": { "type": "Polygon", "coordinates": [ [ [ 69.1760005, 41.3834947 ], [ 69.1807453, 41.3833035 ], [ 69.1782306, 41.3804095 ], [ 69.1768635, 41.3808141 ], [ 69.1764016, 41.3809508 ], [ 69.1761834, 41.3810154 ], [ 69.1761488, 41.3810256 ], [ 69.1749612, 41.3813771 ], [ 69.174878, 41.3814017 ], [ 69.1743549, 41.3814912 ], [ 69.1750684, 41.382264 ], [ 69.1755297, 41.3830288 ], [ 69.1760005, 41.3834947 ] ] ] } },
{ "type": "Feature", "properties": { "osm_id": "w429558754", "kind": "industrial" }, "geometry": { "type": "Polygon", "coordinates": [ [ [ 69.2573981, 41.2527099 ], [ 69.2565736, 41.2520425 ], [ 69.2564216, 41.2512245 ], [ 69.2570136, 41.2508931 ], [ 69.2571839, 41.2508285 ], [ 69.2572291, 41.2509736 ], [ 69.2573525, 41.2510714 ], [ 69.2574942, 41.2510956 ], [ 69.2578154, 41.2527236 ], [ 69.2575482, 41.252758 ], [ 69.2573981, 41.2527099 ] ] ] } },
{ "type": "Feature", "properties": { "osm_id": "w432915384", "kind": "industrial" }, "geometry": { "type": "Polygon", "coordinates": [ [ [ 69.2309862, 41.3550702 ], [ 69.2311267, 41.3548489 ], [ 69.2310594, 41.3540668 ], [ 69.2309141, 41.3529433 ], [ 69.2281577, 41.3531494 ], [ 69.2274211, 41.3557494 ], [ 69.2272255, 41.3565001 ], [ 69.228017, 41.3565625 ], [ 69.2286455, 41.3564871 ], [ 69.2295438, 41.3562978 ], [ 69.2309313, 41.3559207 ], [ 69.2305194, 41.3556175 ], [ 69.2304287, 41.3556769 ], [ 69.230281, 41.3555645 ], [ 69.2309862, 41.3550702 ] ] ] } },
{ "type": "Feature", "properties": { "osm_id": "w433209683", "kind": "cemetery" }, "geometry": { "type": "Polygon", "coordinates": [ [ [ 69.3850819, 41.361906 ], [ 69.3850457, 41.3617722 ], [ 69.3851275, 41.3617973 ], [ 69.3852367, 41.3614835 ], [ 69.3853183, 41.3613262 ], [ 69.3867713, 41.3618266 ], [ 69.3863909, 41.3625714 ], [ 69.3856854, 41.3623278 ], [ 69.3852321, 41.3620761 ], [ 69.3851329, 41.3619493 ], [ 69.3850819, 41.361906 ] ] ] } },
{ "type": "Feature", "properties": { "osm_id": "w436194987", "kind": "cemetery" }, "geometry": { "type": "Polygon", "coordinates": [ [ [ 69.4455135, 41.1269957 ], [ 69.4458568, 41.1268805 ], [ 69.4461087, 41.1265673 ], [ 69.4457474, 41.1259109 ], [ 69.4450499, 41.1261361 ], [ 69.4455135, 41.1269957 ] ] ] } },
{ "type": "Feature", "properties": { "osm_id": "w436194988", "kind": "cemetery" }, "geometry": { "type": "Polygon", "coordinates": [ [ [ 69.441272, 41.1273127 ], [ 69.4410647, 41.1272568 ], [ 69.4408953, 41.1270661 ], [ 69.4407818, 41.1270196 ], [ 69.4403643, 41.1265363 ], [ 69.4406415, 41.1259605 ], [ 69.4407732, 41.1257016 ], [ 69.4411784, 41.1254658 ], [ 69.4417934, 41.1253096 ], [ 69.442284, 41.1251896 ], [ 69.4429618, 41.1266845 ], [ 69.4429574, 41.1271443 ], [ 69.4428401, 41.1273881 ], [ 69.4427102, 41.1274097 ], [ 69.4421023, 41.1273376 ], [ 69.4417578, 41.1273253 ], [ 69.4416163, 41.1272676 ], [ 69.441272, 41.1273127 ] ] ] } },
{ "type": "Feature", "properties": { "osm_id": "w436817772", "kind": "cemetery" }, "geometry": { "type": "Polygon", "coordinates": [ [ [ 69.2040575, 41.2456251 ], [ 69.2040467, 41.2454739 ], [ 69.2047656, 41.2451915 ], [ 69.2048112, 41.245125 ], [ 69.2040561, 41.2446722 ], [ 69.2040548, 41.2445946 ], [ 69.2041017, 41.2443878 ], [ 69.2049721, 41.2444887 ], [ 69.2052913, 41.2447448 ], [ 69.2048541, 41.2453881 ], [ 69.2048648, 41.245737 ], [ 69.2046717, 41.2459488 ], [ 69.2044625, 41.2459064 ], [ 69.2040575, 41.2456251 ] ] ] } },
{ "type": "Feature", "properties": { "osm_id": "w436817773", "kind": "cemetery" }, "geometry": { "type": "Polygon", "coordinates": [ [ [ 69.2061496, 41.2449435 ], [ 69.2064701, 41.2453418 ], [ 69.2065385, 41.2456191 ], [ 69.2069918, 41.2456574 ], [ 69.2071796, 41.2455908 ], [ 69.2072017, 41.2449138 ], [ 69.2070979, 41.2448002 ], [ 69.2064549, 41.2447765 ], [ 69.2062615, 41.2448231 ], [ 69.2061496, 41.2449435 ] ] ] } },
{ "type": "Feature", "properties": { "osm_id": "w442188790", "kind": "industrial" }, "geometry": { "type": "Polygon", "coordinates": [ [ [ 69.2548876, 41.2500039 ], [ 69.2553344, 41.2503867 ], [ 69.2561202, 41.2499069 ], [ 69.2558891, 41.2497065 ], [ 69.2559247, 41.2496827 ], [ 69.2557005, 41.2494862 ], [ 69.2548876, 41.2500039 ] ] ] } },
{ "type": "Feature", "properties": { "osm_id": "w442193914", "kind": "industrial" }, "geometry": { "type": "Polygon", "coordinates": [ [ [ 69.2529041, 41.2615163 ], [ 69.2528059, 41.261631 ], [ 69.2514807, 41.2611379 ], [ 69.2513673, 41.261061 ], [ 69.2509235, 41.260903 ], [ 69.25082, 41.2608479 ], [ 69.2511353, 41.260364 ], [ 69.2512031, 41.2603518 ], [ 69.2516154, 41.2598376 ], [ 69.2519895, 41.2601096 ], [ 69.2531225, 41.2611141 ], [ 69.2531791, 41.261224 ], [ 69.2529041, 41.2615163 ] ] ] } },
{ "type": "Feature", "properties": { "osm_id": "w443292700", "kind": "industrial" }, "geometry": { "type": "Polygon", "coordinates": [ [ [ 69.2438175, 41.2705654 ], [ 69.243829, 41.270467 ], [ 69.243566, 41.2704497 ], [ 69.2435487, 41.2705985 ], [ 69.243622, 41.2706033 ], [ 69.2436158, 41.270657 ], [ 69.2440263, 41.270684 ], [ 69.2440384, 41.2705799 ], [ 69.2438175, 41.2705654 ] ] ] } },
{ "type": "Feature", "properties": { "osm_id": "w444360632", "kind": "industrial" }, "geometry": { "type": "Polygon", "coordinates": [ [ [ 69.302745, 41.3617416 ], [ 69.3034799, 41.3624845 ], [ 69.302635, 41.3629898 ], [ 69.3029247, 41.363334 ], [ 69.3034718, 41.3630602 ], [ 69.3038205, 41.3634608 ], [ 69.3043543, 41.3631689 ], [ 69.3045206, 41.3633441 ], [ 69.3060655, 41.3624643 ], [ 69.304994, 41.3614367 ], [ 69.3048639, 41.3615071 ], [ 69.3042081, 41.3608759 ], [ 69.302745, 41.3617416 ] ] ] } },
{ "type": "Feature", "properties": { "osm_id": "w444554247", "kind": "cemetery" }, "geometry": { "type": "Polygon", "coordinates": [ [ [ 69.2497782, 41.1782013 ], [ 69.2505829, 41.1784435 ], [ 69.2511301, 41.178712 ], [ 69.2512776, 41.1788897 ], [ 69.2510228, 41.179358 ], [ 69.2508002, 41.1798728 ], [ 69.2506795, 41.1799253 ], [ 69.2501511, 41.1797981 ], [ 69.2498533, 41.1796709 ], [ 69.2497943, 41.1795599 ], [ 69.2497729, 41.1793298 ], [ 69.2496199, 41.1790148 ], [ 69.2495824, 41.1786959 ], [ 69.2497782, 41.1782013 ] ] ] } },
{ "type": "Feature", "properties": { "osm_id": "w444857579", "kind": "industrial" }, "geometry": { "type": "Polygon", "coordinates": [ [ [ 69.2337107, 41.3651786 ], [ 69.2337169, 41.3645283 ], [ 69.2346852, 41.3645233 ], [ 69.2347335, 41.3645475 ], [ 69.2349869, 41.3645464 ], [ 69.2349825, 41.3652711 ], [ 69.2337107, 41.3651786 ] ] ] } },
{ "type": "Feature", "properties": { "osm_id": "w445005073", "kind": "industrial" }, "geometry": { "type": "Polygon", "coordinates": [ [ [ 69.2318694, 41.3103874 ], [ 69.2319258, 41.3105278 ], [ 69.2320129, 41.3107285 ], [ 69.2320609, 41.3107802 ], [ 69.2323825, 41.310515 ], [ 69.2324764, 41.3105553 ], [ 69.2324467, 41.3105968 ], [ 69.2322234, 41.3108243 ], [ 69.2321993, 41.3108767 ], [ 69.232341, 41.3109185 ], [ 69.2323312, 41.3109383 ], [ 69.2323267, 41.3110576 ], [ 69.2318097, 41.3110617 ], [ 69.2318081, 41.3109424 ], [ 69.2317371, 41.3108165 ], [ 69.231704, 41.3105553 ], [ 69.2317155, 41.3104323 ], [ 69.2318694, 41.3103874 ] ] ] } },
{ "type": "Feature", "properties": { "osm_id": "w445005190", "kind": "industrial" }, "geometry": { "type": "Polygon", "coordinates": [ [ [ 69.2317871, 41.3122799 ], [ 69.2322082, 41.3122819 ], [ 69.2322981, 41.3120975 ], [ 69.2323074, 41.3120784 ], [ 69.2323718, 41.3119535 ], [ 69.232459, 41.3117858 ], [ 69.2322203, 41.3117309 ], [ 69.2321437, 41.3118534 ], [ 69.2318997, 41.3118004 ], [ 69.2319183, 41.3117365 ], [ 69.2318459, 41.3117285 ], [ 69.2318341, 41.3117949 ], [ 69.2317813, 41.311783 ], [ 69.2317817, 41.3119596 ], [ 69.2317842, 41.3120474 ], [ 69.2317871, 41.3122799 ] ] ] } },
{ "type": "Feature", "properties": { "osm_id": "w448253920", "kind": "industrial" }, "geometry": { "type": "Polygon", "coordinates": [ [ [ 69.3912225, 41.3552048 ], [ 69.3908191, 41.3557308 ], [ 69.3903046, 41.3555176 ], [ 69.3907164, 41.3550014 ], [ 69.3912225, 41.3552048 ] ] ] } },
{ "type": "Feature", "properties": { "osm_id": "w455230637", "kind": "industrial" }, "geometry": { "type": "Polygon", "coordinates": [ [ [ 69.4565408, 41.125881 ], [ 69.4565573, 41.1259634 ], [ 69.4566217, 41.1260255 ], [ 69.4568322, 41.1260023 ], [ 69.4566406, 41.1249162 ], [ 69.456407, 41.1243906 ], [ 69.4561718, 41.1243071 ], [ 69.4561607, 41.1239055 ], [ 69.4556143, 41.1239106 ], [ 69.4554959, 41.1236432 ], [ 69.4551935, 41.1234915 ], [ 69.4551497, 41.1228305 ], [ 69.4534126, 41.1237016 ], [ 69.4519213, 41.1252796 ], [ 69.4519803, 41.12611 ], [ 69.452388, 41.1261019 ], [ 69.4528118, 41.1262393 ], [ 69.4532892, 41.1261706 ], [ 69.4538846, 41.1261181 ], [ 69.4542601, 41.1261363 ], [ 69.4565408, 41.125881 ] ] ] } },
{ "type": "Feature", "properties": { "osm_id": "w457829707", "kind": "industrial" }, "geometry": { "type": "Polygon", "coordinates": [ [ [ 69.4470576, 41.1300065 ], [ 69.4506466, 41.1305134 ], [ 69.4506198, 41.1305839 ], [ 69.4517137, 41.1306545 ], [ 69.4517495, 41.1300281 ], [ 69.4510668, 41.129912 ], [ 69.4511127, 41.1297324 ], [ 69.449155, 41.1295984 ], [ 69.4472507, 41.1293034 ], [ 69.4470576, 41.1300065 ] ] ] } },
{ "type": "Feature", "properties": { "osm_id": "w457855212", "kind": "industrial" }, "geometry": { "type": "Polygon", "coordinates": [ [ [ 69.4762566, 41.1214318 ], [ 69.4760005, 41.1212143 ], [ 69.4768664, 41.1205589 ], [ 69.4776226, 41.1201301 ], [ 69.4779966, 41.1204702 ], [ 69.4762566, 41.1214318 ] ] ] } },
{ "type": "Feature", "properties": { "osm_id": "w458056359", "kind": "industrial" }, "geometry": { "type": "Polygon", "coordinates": [ [ [ 69.4636768, 41.1241487 ], [ 69.4639336, 41.1241661 ], [ 69.4640535, 41.1241725 ], [ 69.4641402, 41.1241462 ], [ 69.464017, 41.1237594 ], [ 69.4641177, 41.1235173 ], [ 69.4649685, 41.1231214 ], [ 69.4661352, 41.1225925 ], [ 69.4663679, 41.1225402 ], [ 69.4654062, 41.1218121 ], [ 69.4650954, 41.1221301 ], [ 69.4636884, 41.1227801 ], [ 69.4631803, 41.1230076 ], [ 69.4624773, 41.1231359 ], [ 69.4621322, 41.1233709 ], [ 69.4618397, 41.1238493 ], [ 69.4613541, 41.12397 ], [ 69.460774, 41.124552 ], [ 69.4608378, 41.1248735 ], [ 69.461187, 41.1248314 ], [ 69.4619725, 41.1246265 ], [ 69.4636768, 41.1241487 ] ] ] } },
{ "type": "Feature", "properties": { "osm_id": "w458060458", "kind": "industrial" }, "geometry": { "type": "Polygon", "coordinates": [ [ [ 69.4171467, 41.1232653 ], [ 69.4176815, 41.1239221 ], [ 69.4173577, 41.1240592 ], [ 69.4178408, 41.1246363 ], [ 69.4181041, 41.1245158 ], [ 69.4189998, 41.1254842 ], [ 69.419666, 41.1253071 ], [ 69.419882, 41.1259309 ], [ 69.4203089, 41.1259769 ], [ 69.4204918, 41.1255512 ], [ 69.420465, 41.125463 ], [ 69.4204436, 41.1249907 ], [ 69.4207496, 41.1246039 ], [ 69.4205912, 41.12413 ], [ 69.4204791, 41.1236005 ], [ 69.4203211, 41.1234014 ], [ 69.4202086, 41.1234149 ], [ 69.4198861, 41.1229819 ], [ 69.4196599, 41.1230771 ], [ 69.4192025, 41.1224662 ], [ 69.4171467, 41.1232653 ] ] ] } },
{ "type": "Feature", "properties": { "osm_id": "w459731387", "kind": "industrial" }, "geometry": { "type": "Polygon", "coordinates": [ [ [ 69.3242092, 41.2759588 ], [ 69.330401, 41.279877 ], [ 69.3312945, 41.2806132 ], [ 69.3315342, 41.2808164 ], [ 69.3310322, 41.2812575 ], [ 69.3304217, 41.2810548 ], [ 69.32936, 41.2805058 ], [ 69.3284777, 41.2799585 ], [ 69.3282772, 41.2800851 ], [ 69.3273344, 41.2795661 ], [ 69.326825, 41.280091 ], [ 69.3255785, 41.2796166 ], [ 69.3243142, 41.2790718 ], [ 69.3241924, 41.2790187 ], [ 69.3239646, 41.2788806 ], [ 69.324273, 41.2785282 ], [ 69.322586, 41.2775178 ], [ 69.3242092, 41.2759588 ] ] ] } },
{ "type": "Feature", "properties": { "osm_id": "w459739926", "kind": "industrial" }, "geometry": { "type": "Polygon", "coordinates": [ [ [ 69.2597815, 41.3704576 ], [ 69.2611451, 41.3709249 ], [ 69.2604451, 41.371825 ], [ 69.2600562, 41.3722215 ], [ 69.2595671, 41.3726649 ], [ 69.2579229, 41.3719777 ], [ 69.257985, 41.3718942 ], [ 69.2597815, 41.3704576 ] ] ] } },
{ "type": "Feature", "properties": { "osm_id": "w462037973", "kind": "cemetery" }, "geometry": { "type": "Polygon", "coordinates": [ [ [ 69.4685989, 41.423032 ], [ 69.4687599, 41.4228148 ], [ 69.4682771, 41.4223884 ], [ 69.4682717, 41.422131 ], [ 69.4683951, 41.4218534 ], [ 69.4698971, 41.4225775 ], [ 69.4708896, 41.4233136 ], [ 69.4716191, 41.4237118 ], [ 69.4708788, 41.4243836 ], [ 69.4685989, 41.423032 ] ] ] } },
{ "type": "Feature", "properties": { "osm_id": "w464037542", "kind": "cemetery" }, "geometry": { "type": "Polygon", "coordinates": [ [ [ 69.1173059, 41.3654503 ], [ 69.1169855, 41.3653369 ], [ 69.1163354, 41.3657116 ], [ 69.116206, 41.3656445 ], [ 69.1166343, 41.364967 ], [ 69.1169516, 41.3645831 ], [ 69.1173429, 41.3642663 ], [ 69.1180392, 41.364116 ], [ 69.1183782, 41.3643727 ], [ 69.1175286, 41.3651433 ], [ 69.1173059, 41.3654503 ] ] ] } },
{ "type": "Feature", "properties": { "osm_id": "w465570416", "kind": "cemetery" }, "geometry": { "type": "Polygon", "coordinates": [ [ [ 69.1329859, 41.3628915 ], [ 69.1334794, 41.3624848 ], [ 69.134555, 41.3630787 ], [ 69.1351156, 41.3636665 ], [ 69.1345147, 41.363892 ], [ 69.1334579, 41.3634994 ], [ 69.1329242, 41.3630847 ], [ 69.1329269, 41.3629599 ], [ 69.1329859, 41.3628915 ] ] ] } },
{ "type": "Feature", "properties": { "osm_id": "w466578052", "kind": "military" }, "geometry": { "type": "Polygon", "coordinates": [ [ [ 69.1385722, 41.2110689 ], [ 69.1388724, 41.2101516 ], [ 69.1389395, 41.2099465 ], [ 69.1389527, 41.2099063 ], [ 69.1394649, 41.2083411 ], [ 69.1395311, 41.2081386 ], [ 69.1395439, 41.2080996 ], [ 69.1396774, 41.2076915 ], [ 69.1392246, 41.2076035 ], [ 69.1392405, 41.2075438 ], [ 69.1394229, 41.2068224 ], [ 69.1375365, 41.2064328 ], [ 69.1369268, 41.2082799 ], [ 69.1337255, 41.2076862 ], [ 69.1329432, 41.2100422 ], [ 69.1336841, 41.2101787 ], [ 69.1385722, 41.2110689 ] ] ] } },
{ "type": "Feature", "properties": { "osm_id": "w466822291", "kind": "industrial" }, "geometry": { "type": "Polygon", "coordinates": [ [ [ 69.2348451, 41.4206875 ], [ 69.2350222, 41.4187364 ], [ 69.2359127, 41.4185434 ], [ 69.2367495, 41.4206432 ], [ 69.2361916, 41.4207639 ], [ 69.2351348, 41.4207277 ], [ 69.2348451, 41.4206875 ] ] ] } },
{ "type": "Feature", "properties": { "osm_id": "w466823390", "kind": "cemetery" }, "geometry": { "type": "Polygon", "coordinates": [ [ [ 69.202309, 41.4169975 ], [ 69.2022452, 41.4165648 ], [ 69.2016599, 41.4165348 ], [ 69.2019067, 41.416215 ], [ 69.2023385, 41.4161325 ], [ 69.2026255, 41.4161989 ], [ 69.2027784, 41.4163156 ], [ 69.2026631, 41.4169673 ], [ 69.202309, 41.4169975 ] ] ] } },
{ "type": "Feature", "properties": { "osm_id": "w472985085", "kind": "industrial" }, "geometry": { "type": "Polygon", "coordinates": [ [ [ 69.5360322, 41.4283199 ], [ 69.5376097, 41.4292856 ], [ 69.5379918, 41.4289575 ], [ 69.5388668, 41.4294242 ], [ 69.5391626, 41.4292625 ], [ 69.5403087, 41.4297707 ], [ 69.5412146, 41.4289668 ], [ 69.538078, 41.4273312 ], [ 69.537203, 41.4281074 ], [ 69.5364882, 41.427918 ], [ 69.5360322, 41.4283199 ] ] ] } },
{ "type": "Feature", "properties": { "osm_id": "w472985090", "kind": "industrial" }, "geometry": { "type": "Polygon", "coordinates": [ [ [ 69.5443246, 41.4307944 ], [ 69.5468235, 41.4325068 ], [ 69.5463851, 41.4330295 ], [ 69.548491, 41.4343097 ], [ 69.548944, 41.4340051 ], [ 69.5507233, 41.4350729 ], [ 69.5504006, 41.435318 ], [ 69.5506439, 41.4355035 ], [ 69.5524839, 41.4341101 ], [ 69.5504851, 41.4327971 ], [ 69.5502189, 41.4328111 ], [ 69.5478606, 41.43112 ], [ 69.5454517, 41.429431 ], [ 69.5443246, 41.4307944 ] ] ] } },
{ "type": "Feature", "properties": { "osm_id": "w474591298", "kind": "industrial" }, "geometry": { "type": "Polygon", "coordinates": [ [ [ 69.3977758, 41.2465134 ], [ 69.3960624, 41.2485705 ], [ 69.3957459, 41.2484394 ], [ 69.3956421, 41.248606 ], [ 69.3931041, 41.2478386 ], [ 69.3931204, 41.2477711 ], [ 69.3945066, 41.2466493 ], [ 69.394809, 41.2464054 ], [ 69.3950476, 41.2463435 ], [ 69.3955439, 41.2463051 ], [ 69.3960492, 41.2463361 ], [ 69.3976825, 41.2464658 ], [ 69.3977758, 41.2465134 ] ] ] } },
{ "type": "Feature", "properties": { "osm_id": "w474591299", "kind": "industrial" }, "geometry": { "type": "Polygon", "coordinates": [ [ [ 69.3930383, 41.2479232 ], [ 69.3958315, 41.2487973 ], [ 69.3955655, 41.2490808 ], [ 69.3978574, 41.2502096 ], [ 69.3963428, 41.251915 ], [ 69.3981042, 41.252727 ], [ 69.3982122, 41.2525931 ], [ 69.4019334, 41.25456 ], [ 69.400637, 41.2560193 ], [ 69.4005967, 41.2560051 ], [ 69.3998224, 41.2567738 ], [ 69.398866, 41.2562644 ], [ 69.3988006, 41.2563312 ], [ 69.3985321, 41.2561992 ], [ 69.3969272, 41.2580426 ], [ 69.3938432, 41.2565272 ], [ 69.3935956, 41.2568035 ], [ 69.3916098, 41.2557856 ], [ 69.3909783, 41.2547917 ], [ 69.39112, 41.2546729 ], [ 69.3924367, 41.2530486 ], [ 69.3913837, 41.2525119 ], [ 69.3910999, 41.252748 ], [ 69.3888892, 41.2513486 ], [ 69.3907642, 41.2496729 ], [ 69.3929517, 41.2479494 ], [ 69.3930383, 41.2479232 ] ] ] } },
{ "type": "Feature", "properties": { "osm_id": "w475238617", "kind": "cemetery" }, "geometry": { "type": "Polygon", "coordinates": [ [ [ 69.4208619, 41.3771657 ], [ 69.4211895, 41.3763076 ], [ 69.421403, 41.3760865 ], [ 69.4218044, 41.3760829 ], [ 69.4222273, 41.3764336 ], [ 69.4224968, 41.3766256 ], [ 69.4228761, 41.3767674 ], [ 69.4229972, 41.3769821 ], [ 69.4223777, 41.3773582 ], [ 69.4221533, 41.3780768 ], [ 69.4220554, 41.3781345 ], [ 69.421937, 41.377846 ], [ 69.4216033, 41.3775286 ], [ 69.4208619, 41.3771657 ] ] ] } },
{ "type": "Feature", "properties": { "osm_id": "w475238618", "kind": "cemetery" }, "geometry": { "type": "Polygon", "coordinates": [ [ [ 69.4206259, 41.3783636 ], [ 69.4211678, 41.3781161 ], [ 69.4214937, 41.3781419 ], [ 69.421876, 41.3781942 ], [ 69.4225667, 41.3790209 ], [ 69.4221603, 41.3792209 ], [ 69.4206259, 41.3783636 ] ] ] } },
{ "type": "Feature", "properties": { "osm_id": "w475267334", "kind": "industrial" }, "geometry": { "type": "Polygon", "coordinates": [ [ [ 69.3441005, 41.3063168 ], [ 69.3473299, 41.3052617 ], [ 69.3478412, 41.3061408 ], [ 69.3482471, 41.3068639 ], [ 69.3444591, 41.3064485 ], [ 69.3441005, 41.3063168 ] ] ] } },
{ "type": "Feature", "properties": { "osm_id": "w475267337", "kind": "industrial" }, "geometry": { "type": "Polygon", "coordinates": [ [ [ 69.3495886, 41.3055377 ], [ 69.3495343, 41.3055955 ], [ 69.3494334, 41.3056228 ], [ 69.3482159, 41.3057784 ], [ 69.348113, 41.3057632 ], [ 69.3480448, 41.3056685 ], [ 69.3479451, 41.30553 ], [ 69.3479155, 41.3054834 ], [ 69.3477985, 41.305287 ], [ 69.3491642, 41.3048477 ], [ 69.3495886, 41.3055377 ] ] ] } },
{ "type": "Feature", "properties": { "osm_id": "w475868872", "kind": "garages" }, "geometry": { "type": "Polygon", "coordinates": [ [ [ 69.0594824, 41.13587 ], [ 69.0592842, 41.1358406 ], [ 69.0591015, 41.1358135 ], [ 69.0588011, 41.1356317 ], [ 69.0593161, 41.1346095 ], [ 69.0599866, 41.1347751 ], [ 69.0598793, 41.1351832 ], [ 69.0596487, 41.1351509 ], [ 69.0594824, 41.13587 ] ] ] } },
{ "type": "Feature", "properties": { "osm_id": "w475868873", "kind": "industrial" }, "geometry": { "type": "Polygon", "coordinates": [ [ [ 69.0600966, 41.136267 ], [ 69.0599866, 41.136167 ], [ 69.0602012, 41.1359852 ], [ 69.0603407, 41.1360054 ], [ 69.0605526, 41.1362619 ], [ 69.06033, 41.1363781 ], [ 69.060216, 41.1362548 ], [ 69.0601771, 41.1362821 ], [ 69.0601409, 41.1362447 ], [ 69.0600966, 41.136267 ] ] ] } },
{ "type": "Feature", "properties": { "osm_id": "w476303673", "kind": "industrial" }, "geometry": { "type": "Polygon", "coordinates": [ [ [ 69.2944839, 41.2539829 ], [ 69.294182, 41.2546641 ], [ 69.2949252, 41.2548602 ], [ 69.2950792, 41.254524 ], [ 69.2951385, 41.2543885 ], [ 69.2953405, 41.2539406 ], [ 69.2947563, 41.2537041 ], [ 69.2947692, 41.2536893 ], [ 69.2945011, 41.2535735 ], [ 69.2944765, 41.2536036 ], [ 69.2942728, 41.2535217 ], [ 69.2942078, 41.2539503 ], [ 69.2944839, 41.2539829 ] ] ] } },
{ "type": "Feature", "properties": { "osm_id": "w477403802", "kind": "industrial" }, "geometry": { "type": "Polygon", "coordinates": [ [ [ 69.3608852, 41.2307285 ], [ 69.3635728, 41.2271539 ], [ 69.3652304, 41.2282755 ], [ 69.3624516, 41.2317613 ], [ 69.3608852, 41.2307285 ] ] ] } },
{ "type": "Feature", "properties": { "osm_id": "w477616706", "kind": "cemetery" }, "geometry": { "type": "Polygon", "coordinates": [ [ [ 69.4259774, 41.3982646 ], [ 69.4260535, 41.3981678 ], [ 69.4267087, 41.3981689 ], [ 69.426986, 41.3982298 ], [ 69.4276708, 41.3985239 ], [ 69.4280158, 41.3986396 ], [ 69.42834, 41.3987554 ], [ 69.4283352, 41.3988682 ], [ 69.428398, 41.3990077 ], [ 69.4284685, 41.3993116 ], [ 69.4282495, 41.399282 ], [ 69.428191, 41.3995023 ], [ 69.4277935, 41.399447 ], [ 69.4259774, 41.3982646 ] ] ] } },
{ "type": "Feature", "properties": { "osm_id": "w478007711", "kind": "cemetery" }, "geometry": { "type": "Polygon", "coordinates": [ [ [ 69.4476042, 41.2986302 ], [ 69.4474647, 41.2990292 ], [ 69.4477651, 41.3000609 ], [ 69.4479261, 41.3001254 ], [ 69.4482533, 41.3000529 ], [ 69.4477423, 41.2987481 ], [ 69.4477048, 41.2985929 ], [ 69.4476042, 41.2986302 ] ] ] } },
{ "type": "Feature", "properties": { "osm_id": "w479417435", "kind": "cemetery" }, "geometry": { "type": "Polygon", "coordinates": [ [ [ 69.4597136, 41.1564097 ], [ 69.4600194, 41.1563532 ], [ 69.4603466, 41.1563613 ], [ 69.4604297, 41.1564158 ], [ 69.4605236, 41.156747 ], [ 69.4603976, 41.1568459 ], [ 69.4599309, 41.1568964 ], [ 69.4597136, 41.1566884 ], [ 69.4597136, 41.1564097 ] ] ] } },
{ "type": "Feature", "properties": { "osm_id": "w480348959", "kind": "industrial" }, "geometry": { "type": "Polygon", "coordinates": [ [ [ 69.266575, 41.3540954 ], [ 69.2671513, 41.3539482 ], [ 69.267736, 41.354595 ], [ 69.2678008, 41.3546199 ], [ 69.2681424, 41.3547762 ], [ 69.2675791, 41.3555759 ], [ 69.2678393, 41.3557853 ], [ 69.2675563, 41.3561669 ], [ 69.2671111, 41.3561457 ], [ 69.2662649, 41.3558699 ], [ 69.2667503, 41.3549176 ], [ 69.2666325, 41.3549024 ], [ 69.2667517, 41.3544596 ], [ 69.266575, 41.3540954 ] ] ] } },
{ "type": "Feature", "properties": { "osm_id": "w484507434", "kind": "industrial" }, "geometry": { "type": "Polygon", "coordinates": [ [ [ 69.3284161, 41.3254534 ], [ 69.3292561, 41.3255458 ], [ 69.3293065, 41.3253644 ], [ 69.3293783, 41.3253418 ], [ 69.32943, 41.3250544 ], [ 69.3285396, 41.3249372 ], [ 69.3284161, 41.3254534 ] ] ] } },
{ "type": "Feature", "properties": { "osm_id": "w484509882", "kind": "garages" }, "geometry": { "type": "Polygon", "coordinates": [ [ [ 69.3017769, 41.3191575 ], [ 69.3018296, 41.3191777 ], [ 69.3019338, 41.3190381 ], [ 69.3018774, 41.3190163 ], [ 69.3017769, 41.3191575 ] ] ] } },
{ "type": "Feature", "properties": { "osm_id": "w484545546", "kind": "garages" }, "geometry": { "type": "Polygon", "coordinates": [ [ [ 69.2506281, 41.3258543 ], [ 69.2506132, 41.3256315 ], [ 69.2511616, 41.3255865 ], [ 69.2506281, 41.3258543 ] ] ] } },
{ "type": "Feature", "properties": { "osm_id": "w484545558", "kind": "garages" }, "geometry": { "type": "Polygon", "coordinates": [ [ [ 69.2513347, 41.3279309 ], [ 69.2512911, 41.3278869 ], [ 69.2518603, 41.32756 ], [ 69.2518938, 41.3275676 ], [ 69.2520278, 41.3277134 ], [ 69.2520127, 41.3277323 ], [ 69.2519675, 41.3277473 ], [ 69.2517649, 41.3277599 ], [ 69.2513347, 41.3279309 ] ] ] } },
{ "type": "Feature", "properties": { "osm_id": "w484921149", "kind": "industrial" }, "geometry": { "type": "Polygon", "coordinates": [ [ [ 69.2219239, 41.2772861 ], [ 69.2217247, 41.2771002 ], [ 69.2218019, 41.2770534 ], [ 69.2220011, 41.2772393 ], [ 69.2219239, 41.2772861 ] ] ] } },
{ "type": "Feature", "properties": { "osm_id": "w485854560", "kind": "industrial" }, "geometry": { "type": "Polygon", "coordinates": [ [ [ 69.3803314, 41.2736316 ], [ 69.3800943, 41.2735357 ], [ 69.3799236, 41.2732945 ], [ 69.3800091, 41.2711386 ], [ 69.3812074, 41.2710859 ], [ 69.3815138, 41.2715948 ], [ 69.3832701, 41.2715993 ], [ 69.3841445, 41.271513 ], [ 69.3841875, 41.271763 ], [ 69.3844503, 41.2718316 ], [ 69.3844932, 41.2720009 ], [ 69.3842196, 41.2722307 ], [ 69.3846595, 41.2727428 ], [ 69.3854052, 41.2732104 ], [ 69.3855447, 41.2734201 ], [ 69.3848312, 41.2737467 ], [ 69.3844132, 41.2740944 ], [ 69.3840777, 41.2744695 ], [ 69.3846615, 41.2747507 ], [ 69.3842308, 41.2754953 ], [ 69.383152, 41.2755198 ], [ 69.3820079, 41.2747687 ], [ 69.3819238, 41.2746521 ], [ 69.38081, 41.2739007 ], [ 69.3803314, 41.2736316 ] ] ] } },
{ "type": "Feature", "properties": { "osm_id": "w485854561", "kind": "industrial" }, "geometry": { "type": "Polygon", "coordinates": [ [ [ 69.3815588, 41.2747219 ], [ 69.3810693, 41.2751564 ], [ 69.3808293, 41.2755636 ], [ 69.3801319, 41.2759627 ], [ 69.3799978, 41.2761401 ], [ 69.381752, 41.2769665 ], [ 69.3822616, 41.277152 ], [ 69.3824118, 41.2768819 ], [ 69.3828624, 41.2770028 ], [ 69.3834793, 41.2765473 ], [ 69.3833184, 41.2758861 ], [ 69.3831038, 41.2756724 ], [ 69.3824064, 41.2752289 ], [ 69.3815588, 41.2747219 ] ] ] } },
{ "type": "Feature", "properties": { "osm_id": "w486535159", "kind": "industrial" }, "geometry": { "type": "Polygon", "coordinates": [ [ [ 69.452172, 41.3826034 ], [ 69.4524996, 41.3822491 ], [ 69.4525459, 41.3822092 ], [ 69.4525076, 41.3821921 ], [ 69.4528087, 41.3818137 ], [ 69.450266, 41.380893 ], [ 69.4500132, 41.3815748 ], [ 69.4504289, 41.3816402 ], [ 69.4504853, 41.3815023 ], [ 69.4506891, 41.3815546 ], [ 69.450498, 41.3820321 ], [ 69.452172, 41.3826034 ] ] ] } },
{ "type": "Feature", "properties": { "osm_id": "w486704849", "kind": "military" }, "geometry": { "type": "Polygon", "coordinates": [ [ [ 69.1792048, 41.3098343 ], [ 69.1796659, 41.3106489 ], [ 69.1785649, 41.3107023 ], [ 69.1784804, 41.3106791 ], [ 69.1784704, 41.310581 ], [ 69.1784449, 41.31018 ], [ 69.1787346, 41.3100236 ], [ 69.1792048, 41.3098343 ] ] ] } },
{ "type": "Feature", "properties": { "osm_id": "w486767314", "kind": "industrial" }, "geometry": { "type": "Polygon", "coordinates": [ [ [ 69.3586552, 41.3743134 ], [ 69.3590415, 41.3754003 ], [ 69.3595846, 41.376941 ], [ 69.360451, 41.3768062 ], [ 69.3605931, 41.3772107 ], [ 69.360805, 41.3771725 ], [ 69.3608345, 41.377257 ], [ 69.3613012, 41.3772812 ], [ 69.3618719, 41.3772605 ], [ 69.3619349, 41.3775051 ], [ 69.3619094, 41.3775455 ], [ 69.3618718, 41.377605 ], [ 69.3618021, 41.3777154 ], [ 69.3621434, 41.3778227 ], [ 69.3639814, 41.3784007 ], [ 69.3643127, 41.3779931 ], [ 69.3646346, 41.3771559 ], [ 69.3649551, 41.3761667 ], [ 69.3650262, 41.3757027 ], [ 69.3646842, 41.3744558 ], [ 69.3645863, 41.3739074 ], [ 69.364762, 41.3731053 ], [ 69.3642845, 41.3729664 ], [ 69.3640834, 41.3730389 ], [ 69.3632787, 41.3733589 ], [ 69.3586552, 41.3743134 ] ] ] } },
{ "type": "Feature", "properties": { "osm_id": "w490630867", "kind": "industrial" }, "geometry": { "type": "Polygon", "coordinates": [ [ [ 69.3509246, 41.2565492 ], [ 69.3514913, 41.2561277 ], [ 69.3521283, 41.2551432 ], [ 69.3516937, 41.2549517 ], [ 69.3518393, 41.2547505 ], [ 69.3500175, 41.253607 ], [ 69.3497672, 41.2538694 ], [ 69.3499282, 41.2539742 ], [ 69.3495124, 41.2543533 ], [ 69.3487956, 41.2551987 ], [ 69.3509246, 41.2565492 ] ] ] } },
{ "type": "Feature", "properties": { "osm_id": "w491856228", "kind": "cemetery" }, "geometry": { "type": "Polygon", "coordinates": [ [ [ 69.2431972, 41.4721361 ], [ 69.2431086, 41.4724537 ], [ 69.2431864, 41.4731692 ], [ 69.2432696, 41.4733701 ], [ 69.2436872, 41.4735122 ], [ 69.2452271, 41.4735151 ], [ 69.2458013, 41.4727772 ], [ 69.2431972, 41.4721361 ] ] ] } },
{ "type": "Feature", "properties": { "osm_id": "w491880565", "kind": "industrial" }, "geometry": { "type": "Polygon", "coordinates": [ [ [ 69.5375669, 41.3136729 ], [ 69.5380873, 41.3135507 ], [ 69.5383179, 41.3139456 ], [ 69.5384279, 41.3139496 ], [ 69.5384896, 41.3141632 ], [ 69.5382857, 41.3146829 ], [ 69.5374838, 41.3145218 ], [ 69.5375374, 41.3142699 ], [ 69.5375347, 41.3141652 ], [ 69.5373067, 41.3141329 ], [ 69.5373201, 41.3140382 ], [ 69.537524, 41.3140624 ], [ 69.5375669, 41.3136729 ] ] ] } },
{ "type": "Feature", "properties": { "osm_id": "w504277231", "kind": "industrial" }, "geometry": { "type": "Polygon", "coordinates": [ [ [ 69.3116283, 41.2432376 ], [ 69.3117651, 41.2436611 ], [ 69.3123123, 41.2436087 ], [ 69.3124061, 41.2436813 ], [ 69.3124437, 41.2438264 ], [ 69.3124571, 41.2439213 ], [ 69.3119207, 41.2439838 ], [ 69.3113065, 41.2440201 ], [ 69.3109068, 41.2440403 ], [ 69.3108532, 41.2439213 ], [ 69.3108639, 41.2437902 ], [ 69.3111134, 41.2437297 ], [ 69.3111804, 41.2437277 ], [ 69.3111482, 41.2436188 ], [ 69.3109927, 41.2435865 ], [ 69.3111396, 41.2434356 ], [ 69.311226, 41.2433324 ], [ 69.3112582, 41.2432996 ], [ 69.3116283, 41.2432376 ] ] ] } },
{ "type": "Feature", "properties": { "osm_id": "w506697237", "kind": "industrial" }, "geometry": { "type": "Polygon", "coordinates": [ [ [ 69.3923033, 41.2530036 ], [ 69.3913848, 41.2525153 ], [ 69.3910965, 41.2527599 ], [ 69.3887678, 41.2513068 ], [ 69.3861442, 41.2535713 ], [ 69.3870423, 41.2541763 ], [ 69.3869364, 41.2543111 ], [ 69.3881215, 41.2551451 ], [ 69.3892132, 41.2557653 ], [ 69.3898882, 41.2551862 ], [ 69.3906778, 41.2546211 ], [ 69.3909743, 41.2547937 ], [ 69.3909523, 41.2546082 ], [ 69.3923033, 41.2530036 ] ] ] } },
{ "type": "Feature", "properties": { "osm_id": "w506697238", "kind": "industrial" }, "geometry": { "type": "Polygon", "coordinates": [ [ [ 69.1878332, 41.2488608 ], [ 69.1892767, 41.2498604 ], [ 69.1889292, 41.2501754 ], [ 69.1883504, 41.2506798 ], [ 69.1878005, 41.2512008 ], [ 69.1875618, 41.251427 ], [ 69.1869795, 41.2519055 ], [ 69.1868588, 41.2518227 ], [ 69.186162, 41.2513853 ], [ 69.1863732, 41.2512004 ], [ 69.1860044, 41.2509645 ], [ 69.1860661, 41.250904 ], [ 69.185324, 41.2504559 ], [ 69.1863906, 41.2494228 ], [ 69.1868708, 41.2496991 ], [ 69.1878332, 41.2488608 ] ] ] } },
{ "type": "Feature", "properties": { "osm_id": "w506700597", "kind": "industrial" }, "geometry": { "type": "Polygon", "coordinates": [ [ [ 69.1536669, 41.3153851 ], [ 69.153513, 41.3149616 ], [ 69.1533013, 41.3144488 ], [ 69.1532616, 41.3143192 ], [ 69.1530911, 41.3139395 ], [ 69.1528894, 41.3139907 ], [ 69.149534, 41.3148165 ], [ 69.1497864, 41.3153822 ], [ 69.1502547, 41.3159156 ], [ 69.1504012, 41.3161953 ], [ 69.1536669, 41.3153851 ] ] ] } },
{ "type": "Feature", "properties": { "osm_id": "w508112397", "kind": "industrial" }, "geometry": { "type": "Polygon", "coordinates": [ [ [ 69.5754095, 41.4319618 ], [ 69.5757763, 41.431734 ], [ 69.5758151, 41.4317099 ], [ 69.5762819, 41.4321084 ], [ 69.576463, 41.4323547 ], [ 69.5766608, 41.4327891 ], [ 69.5765465, 41.4328125 ], [ 69.576582, 41.4329134 ], [ 69.5765548, 41.4331728 ], [ 69.5760244, 41.4324935 ], [ 69.575975, 41.4324736 ], [ 69.5754095, 41.4319618 ] ] ] } },
{ "type": "Feature", "properties": { "osm_id": "w508112399", "kind": "industrial" }, "geometry": { "type": "Polygon", "coordinates": [ [ [ 69.5774194, 41.4342153 ], [ 69.5794949, 41.4335459 ], [ 69.5785088, 41.4312058 ], [ 69.5785193, 41.4311617 ], [ 69.5788644, 41.4309741 ], [ 69.5787004, 41.4307617 ], [ 69.578519, 41.430558 ], [ 69.5783144, 41.4303685 ], [ 69.5780866, 41.430205 ], [ 69.5775691, 41.4299116 ], [ 69.5765084, 41.4294847 ], [ 69.575743, 41.4291871 ], [ 69.5749776, 41.4288567 ], [ 69.5751331, 41.429338 ], [ 69.5752624, 41.4296081 ], [ 69.5753493, 41.4298239 ], [ 69.5756032, 41.4302902 ], [ 69.57614, 41.4300243 ], [ 69.5772704, 41.4315869 ], [ 69.5770127, 41.4324577 ], [ 69.5770402, 41.4327772 ], [ 69.5771647, 41.4327745 ], [ 69.5771033, 41.4332865 ], [ 69.577166, 41.433651 ], [ 69.5774194, 41.4342153 ] ] ] } },
{ "type": "Feature", "properties": { "osm_id": "w508420942", "kind": "industrial" }, "geometry": { "type": "Polygon", "coordinates": [ [ [ 69.2292872, 41.2203623 ], [ 69.2311764, 41.2208046 ], [ 69.2316744, 41.2201169 ], [ 69.2316733, 41.2200462 ], [ 69.2316945, 41.220012 ], [ 69.2311567, 41.2200085 ], [ 69.2307745, 41.2199243 ], [ 69.2296627, 41.2196287 ], [ 69.2292872, 41.2203623 ] ] ] } },
{ "type": "Feature", "properties": { "osm_id": "w510354824", "kind": "industrial" }, "geometry": { "type": "Polygon", "coordinates": [ [ [ 69.2519364, 41.1864802 ], [ 69.2458219, 41.1813124 ], [ 69.2451587, 41.1807108 ], [ 69.2439572, 41.1796513 ], [ 69.2440946, 41.1795623 ], [ 69.2452022, 41.178915 ], [ 69.2454276, 41.1789703 ], [ 69.2460228, 41.1794581 ], [ 69.2460729, 41.1794339 ], [ 69.2464594, 41.1797842 ], [ 69.2474908, 41.1790577 ], [ 69.2484336, 41.1797893 ], [ 69.2561676, 41.1864468 ], [ 69.2561522, 41.1865591 ], [ 69.2563105, 41.1866318 ], [ 69.2548352, 41.1875159 ], [ 69.2544758, 41.1874069 ], [ 69.2527217, 41.1860343 ], [ 69.2519364, 41.1864802 ] ] ] } },
{ "type": "Feature", "properties": { "osm_id": "w511738174", "kind": "industrial" }, "geometry": { "type": "Polygon", "coordinates": [ [ [ 69.0964902, 41.2097875 ], [ 69.0966082, 41.2096341 ], [ 69.0971017, 41.2093839 ], [ 69.097547, 41.2093072 ], [ 69.0974075, 41.2091902 ], [ 69.0977111, 41.2090476 ], [ 69.0973914, 41.2085969 ], [ 69.0959323, 41.2090126 ], [ 69.0964902, 41.2097875 ] ] ] } },
{ "type": "Feature", "properties": { "osm_id": "w516431538", "kind": "industrial" }, "geometry": { "type": "Polygon", "coordinates": [ [ [ 69.2299739, 41.2230644 ], [ 69.2302126, 41.2231996 ], [ 69.2301375, 41.2232823 ], [ 69.2308456, 41.2236717 ], [ 69.2316771, 41.2230644 ], [ 69.2306981, 41.2222938 ], [ 69.2299739, 41.2230644 ] ] ] } },
{ "type": "Feature", "properties": { "osm_id": "w517271884", "kind": "industrial" }, "geometry": { "type": "Polygon", "coordinates": [ [ [ 69.1480396, 41.2312621 ], [ 69.1480951, 41.2312965 ], [ 69.1494927, 41.2321625 ], [ 69.1505362, 41.2308234 ], [ 69.1496126, 41.2302517 ], [ 69.1495958, 41.2302679 ], [ 69.1490507, 41.2307963 ], [ 69.1487729, 41.2306242 ], [ 69.1487641, 41.2306319 ], [ 69.1482761, 41.2310564 ], [ 69.1480396, 41.2312621 ] ] ] } },
{ "type": "Feature", "properties": { "osm_id": "w517656782", "kind": "industrial" }, "geometry": { "type": "Polygon", "coordinates": [ [ [ 69.1241229, 41.3031732 ], [ 69.1234551, 41.3029364 ], [ 69.1229134, 41.3012383 ], [ 69.1226238, 41.30027 ], [ 69.1239088, 41.3001666 ], [ 69.1245819, 41.3006249 ], [ 69.124206, 41.3016433 ], [ 69.1234296, 41.3015646 ], [ 69.1243909, 41.3028099 ], [ 69.1243293, 41.3030413 ], [ 69.1241229, 41.3031732 ] ] ] } },
{ "type": "Feature", "properties": { "osm_id": "w517656783", "kind": "industrial" }, "geometry": { "type": "Polygon", "coordinates": [ [ [ 69.1207248, 41.2946024 ], [ 69.1201854, 41.2928376 ], [ 69.1197545, 41.2918296 ], [ 69.1200797, 41.2917013 ], [ 69.1213833, 41.293355 ], [ 69.1209386, 41.2935068 ], [ 69.1212807, 41.2944868 ], [ 69.1208474, 41.2945769 ], [ 69.1207248, 41.2946024 ] ] ] } },
{ "type": "Feature", "properties": { "osm_id": "w518183991", "kind": "industrial" }, "geometry": { "type": "Polygon", "coordinates": [ [ [ 69.3695372, 41.3876818 ], [ 69.3698854, 41.3867595 ], [ 69.36843, 41.3865216 ], [ 69.3682511, 41.3865948 ], [ 69.3677781, 41.3869977 ], [ 69.368414, 41.3873088 ], [ 69.3695372, 41.3876818 ] ] ] } },
{ "type": "Feature", "properties": { "osm_id": "w518681499", "kind": "industrial" }, "geometry": { "type": "Polygon", "coordinates": [ [ [ 69.2937546, 41.3954229 ], [ 69.2956788, 41.3943211 ], [ 69.2956344, 41.3942448 ], [ 69.2955313, 41.3940676 ], [ 69.2966417, 41.393613 ], [ 69.2955226, 41.3919475 ], [ 69.2940359, 41.3925122 ], [ 69.2938882, 41.3923204 ], [ 69.2938024, 41.3923466 ], [ 69.2933721, 41.3917193 ], [ 69.2913989, 41.392479 ], [ 69.2931066, 41.3950032 ], [ 69.2937546, 41.3954229 ] ] ] } },
{ "type": "Feature", "properties": { "osm_id": "w519930002", "kind": "industrial" }, "geometry": { "type": "Polygon", "coordinates": [ [ [ 69.2525802, 41.2823592 ], [ 69.2542175, 41.2827804 ], [ 69.254206, 41.2828058 ], [ 69.2537937, 41.2837168 ], [ 69.2537003, 41.2839172 ], [ 69.2529684, 41.2839239 ], [ 69.2527027, 41.2837976 ], [ 69.2523311, 41.283446 ], [ 69.2524132, 41.2834017 ], [ 69.252179, 41.2832257 ], [ 69.2525802, 41.2823592 ] ] ] } },
{ "type": "Feature", "properties": { "osm_id": "w522129363", "kind": "industrial" }, "geometry": { "type": "Polygon", "coordinates": [ [ [ 69.1830105, 41.2411551 ], [ 69.1828061, 41.2406889 ], [ 69.1821289, 41.2396916 ], [ 69.1821149, 41.2395546 ], [ 69.1833431, 41.2392772 ], [ 69.1835766, 41.2391683 ], [ 69.1852018, 41.2400743 ], [ 69.1847161, 41.2404957 ], [ 69.1830105, 41.2411551 ] ] ] } },
{ "type": "Feature", "properties": { "osm_id": "w526450241", "kind": "industrial" }, "geometry": { "type": "Polygon", "coordinates": [ [ [ 69.3571985, 41.2482348 ], [ 69.3570997, 41.2481512 ], [ 69.357029, 41.2481053 ], [ 69.3569631, 41.248007 ], [ 69.3503073, 41.2445218 ], [ 69.3492341, 41.2440151 ], [ 69.3479674, 41.2434956 ], [ 69.3481821, 41.2428948 ], [ 69.3494961, 41.2434811 ], [ 69.3534038, 41.2443543 ], [ 69.3552783, 41.2448813 ], [ 69.3578661, 41.2457422 ], [ 69.3590841, 41.2461118 ], [ 69.3591531, 41.2476064 ], [ 69.3591544, 41.2481557 ], [ 69.3587494, 41.2491082 ], [ 69.3571985, 41.2482348 ] ] ] } },
{ "type": "Feature", "properties": { "osm_id": "w529657802", "kind": "industrial" }, "geometry": { "type": "Polygon", "coordinates": [ [ [ 69.4607639, 41.3261609 ], [ 69.46464, 41.3280967 ], [ 69.4653779, 41.3265186 ], [ 69.4657141, 41.3253333 ], [ 69.4624171, 41.3237831 ], [ 69.4607639, 41.3261609 ] ] ] } },
{ "type": "Feature", "properties": { "osm_id": "w529657803", "kind": "industrial" }, "geometry": { "type": "Polygon", "coordinates": [ [ [ 69.4585442, 41.320054 ], [ 69.4548424, 41.3191185 ], [ 69.4542789, 41.3199459 ], [ 69.4536864, 41.3199243 ], [ 69.4531857, 41.3195465 ], [ 69.4514757, 41.3201999 ], [ 69.4528829, 41.3208484 ], [ 69.455272, 41.3223452 ], [ 69.4556059, 41.3233667 ], [ 69.4573642, 41.3238813 ], [ 69.4587838, 41.3243162 ], [ 69.4598206, 41.3251088 ], [ 69.4613787, 41.3232429 ], [ 69.4610706, 41.3230381 ], [ 69.4612922, 41.3227344 ], [ 69.4605394, 41.3223552 ], [ 69.4580967, 41.3208772 ], [ 69.4585442, 41.320054 ] ] ] } },
{ "type": "Feature", "properties": { "osm_id": "w529674641", "kind": "industrial" }, "geometry": { "type": "Polygon", "coordinates": [ [ [ 69.2188518, 41.2656716 ], [ 69.2189106, 41.2657413 ], [ 69.2188823, 41.2657627 ], [ 69.2193296, 41.2661594 ], [ 69.2190802, 41.2663126 ], [ 69.2193209, 41.2665228 ], [ 69.2196058, 41.2663937 ], [ 69.2194218, 41.2659202 ], [ 69.2195492, 41.2658431 ], [ 69.2196589, 41.2657779 ], [ 69.2197757, 41.2657832 ], [ 69.2199208, 41.2658936 ], [ 69.2200376, 41.2658204 ], [ 69.219981, 41.2657699 ], [ 69.220073, 41.2656821 ], [ 69.2200584, 41.2656713 ], [ 69.2198182, 41.2654932 ], [ 69.219491, 41.2657004 ], [ 69.2192627, 41.265484 ], [ 69.2192395, 41.2654604 ], [ 69.2188518, 41.2656716 ] ] ] } },
{ "type": "Feature", "properties": { "osm_id": "w529674645", "kind": "industrial" }, "geometry": { "type": "Polygon", "coordinates": [ [ [ 69.2200584, 41.2656713 ], [ 69.2201496, 41.2655428 ], [ 69.2197598, 41.2651961 ], [ 69.2197212, 41.2652052 ], [ 69.2197018, 41.2651879 ], [ 69.2192627, 41.265484 ], [ 69.219491, 41.2657004 ], [ 69.2198182, 41.2654932 ], [ 69.2200584, 41.2656713 ] ] ] } },
{ "type": "Feature", "properties": { "osm_id": "w531163968", "kind": "military" }, "geometry": { "type": "Polygon", "coordinates": [ [ [ 69.3573054, 41.2890066 ], [ 69.357862, 41.2893251 ], [ 69.357805, 41.289385 ], [ 69.3578731, 41.2894248 ], [ 69.3577943, 41.2895112 ], [ 69.3577138, 41.2895984 ], [ 69.3578925, 41.2897054 ], [ 69.3582683, 41.2892978 ], [ 69.358331, 41.2892246 ], [ 69.3584795, 41.2890487 ], [ 69.3579488, 41.2887586 ], [ 69.3576814, 41.2890238 ], [ 69.357424, 41.2888822 ], [ 69.3573054, 41.2890066 ] ] ] } },
{ "type": "Feature", "properties": { "osm_id": "w533632175", "kind": "industrial" }, "geometry": { "type": "Polygon", "coordinates": [ [ [ 69.1180131, 41.2987486 ], [ 69.1177288, 41.2978781 ], [ 69.1175598, 41.2973723 ], [ 69.1174042, 41.2968504 ], [ 69.1172567, 41.2964252 ], [ 69.1170663, 41.2958549 ], [ 69.1167766, 41.2950448 ], [ 69.1173989, 41.2948332 ], [ 69.1172908, 41.2945883 ], [ 69.1170877, 41.2939182 ], [ 69.1169804, 41.2935958 ], [ 69.1169536, 41.2935434 ], [ 69.1169617, 41.2932452 ], [ 69.1177341, 41.2931263 ], [ 69.1177073, 41.2928179 ], [ 69.1176107, 41.2924612 ], [ 69.1191463, 41.2921337 ], [ 69.1191316, 41.2924149 ], [ 69.1192456, 41.2924058 ], [ 69.1192791, 41.2924955 ], [ 69.1199899, 41.2946881 ], [ 69.1201186, 41.295079 ], [ 69.1203251, 41.295746 ], [ 69.1204432, 41.2961047 ], [ 69.1203144, 41.2961249 ], [ 69.1205209, 41.2967274 ], [ 69.1207892, 41.2973924 ], [ 69.1210091, 41.2980816 ], [ 69.1204695, 41.2992238 ], [ 69.1203925, 41.2992911 ], [ 69.1197029, 41.2989743 ], [ 69.1195366, 41.2989259 ], [ 69.1189197, 41.2987869 ], [ 69.1181338, 41.2988191 ], [ 69.1181204, 41.2987446 ], [ 69.1180131, 41.2987486 ] ] ] } },
{ "type": "Feature", "properties": { "osm_id": "w533632176", "kind": "industrial" }, "geometry": { "type": "Polygon", "coordinates": [ [ [ 69.1169617, 41.2932452 ], [ 69.1169536, 41.2935434 ], [ 69.1169804, 41.2935958 ], [ 69.1170877, 41.2939182 ], [ 69.1172908, 41.2945883 ], [ 69.1165566, 41.2947556 ], [ 69.1162375, 41.2935092 ], [ 69.1159639, 41.2926023 ], [ 69.1159853, 41.2924733 ], [ 69.1162428, 41.2924391 ], [ 69.1161677, 41.2921448 ], [ 69.1160095, 41.2921488 ], [ 69.1159102, 41.2917317 ], [ 69.1155589, 41.2909578 ], [ 69.115697, 41.2909034 ], [ 69.1156501, 41.2907805 ], [ 69.1161731, 41.2906676 ], [ 69.1158317, 41.2892984 ], [ 69.1176483, 41.2890049 ], [ 69.1176677, 41.2888936 ], [ 69.117946, 41.2888568 ], [ 69.1190645, 41.2918425 ], [ 69.1191088, 41.2919695 ], [ 69.1191463, 41.2921337 ], [ 69.1176107, 41.2924612 ], [ 69.1177073, 41.2928179 ], [ 69.1177341, 41.2931263 ], [ 69.1169617, 41.2932452 ] ] ] } },
{ "type": "Feature", "properties": { "osm_id": "w533632182", "kind": "industrial" }, "geometry": { "type": "Polygon", "coordinates": [ [ [ 69.115414, 41.2885514 ], [ 69.1154257, 41.2887328 ], [ 69.1154341, 41.2888649 ], [ 69.1154744, 41.2889747 ], [ 69.1157708, 41.2893082 ], [ 69.1158317, 41.2892984 ], [ 69.1176483, 41.2890049 ], [ 69.1176677, 41.2888936 ], [ 69.1176778, 41.2886301 ], [ 69.1175839, 41.2881101 ], [ 69.1174237, 41.2872727 ], [ 69.1170529, 41.2873392 ], [ 69.1160041, 41.2874833 ], [ 69.1155589, 41.2880315 ], [ 69.1155991, 41.2885474 ], [ 69.115414, 41.2885514 ] ] ] } },
{ "type": "Feature", "properties": { "osm_id": "w533632184", "kind": "industrial" }, "geometry": { "type": "Polygon", "coordinates": [ [ [ 69.1147875, 41.2867426 ], [ 69.1146857, 41.2867138 ], [ 69.1146268, 41.2866993 ], [ 69.1145235, 41.2857278 ], [ 69.114553, 41.2850869 ], [ 69.1148011, 41.2847039 ], [ 69.1154596, 41.283678 ], [ 69.1160705, 41.2836619 ], [ 69.1161013, 41.2835883 ], [ 69.1163548, 41.2836566 ], [ 69.1163863, 41.2841517 ], [ 69.1163501, 41.284321 ], [ 69.1157654, 41.2852703 ], [ 69.1151029, 41.2862115 ], [ 69.1147875, 41.2867426 ] ] ] } },
{ "type": "Feature", "properties": { "osm_id": "w533632187", "kind": "industrial" }, "geometry": { "type": "Polygon", "coordinates": [ [ [ 69.1145906, 41.2870742 ], [ 69.1147875, 41.2867426 ], [ 69.1151029, 41.2862115 ], [ 69.1157654, 41.2852703 ], [ 69.1163501, 41.284321 ], [ 69.1165714, 41.2843401 ], [ 69.1167149, 41.2848269 ], [ 69.1167176, 41.285621 ], [ 69.1170998, 41.285753 ], [ 69.1170984, 41.286796 ], [ 69.1170529, 41.2873392 ], [ 69.1160041, 41.2874833 ], [ 69.1155589, 41.2880315 ], [ 69.1155991, 41.2885474 ], [ 69.115414, 41.2885514 ], [ 69.1149393, 41.2885615 ], [ 69.1148239, 41.287838 ], [ 69.1149238, 41.2878325 ], [ 69.1149178, 41.2877995 ], [ 69.1148867, 41.287571 ], [ 69.1148782, 41.2875216 ], [ 69.1148239, 41.2871528 ], [ 69.1145906, 41.2870742 ] ] ] } },
{ "type": "Feature", "properties": { "osm_id": "w533984444", "kind": "industrial" }, "geometry": { "type": "Polygon", "coordinates": [ [ [ 69.2880691, 41.3658894 ], [ 69.28802, 41.3659466 ], [ 69.28764, 41.3664133 ], [ 69.2876226, 41.3666488 ], [ 69.2877854, 41.3666991 ], [ 69.287821, 41.3666594 ], [ 69.2878433, 41.3666205 ], [ 69.288341, 41.3659996 ], [ 69.2880691, 41.3658894 ] ] ] } },
{ "type": "Feature", "properties": { "osm_id": "w535456523", "kind": "industrial" }, "geometry": { "type": "Polygon", "coordinates": [ [ [ 69.3344878, 41.3146824 ], [ 69.3338625, 41.3143596 ], [ 69.3336573, 41.3145772 ], [ 69.3333381, 41.3144543 ], [ 69.3331879, 41.3148492 ], [ 69.3332818, 41.31511 ], [ 69.3340516, 41.3154696 ], [ 69.3347007, 41.3148049 ], [ 69.3344878, 41.3146824 ] ] ] } },
{ "type": "Feature", "properties": { "osm_id": "w535544598", "kind": "industrial" }, "geometry": { "type": "Polygon", "coordinates": [ [ [ 69.3423343, 41.3171397 ], [ 69.3417817, 41.3174358 ], [ 69.341138, 41.317315 ], [ 69.341374, 41.3170611 ], [ 69.3407357, 41.3166079 ], [ 69.3411246, 41.3163037 ], [ 69.342168, 41.3167791 ], [ 69.3424818, 41.3168758 ], [ 69.3423343, 41.3171397 ] ] ] } },
{ "type": "Feature", "properties": { "osm_id": "w536175552", "kind": "industrial" }, "geometry": { "type": "Polygon", "coordinates": [ [ [ 69.2332274, 41.1830124 ], [ 69.2347522, 41.1829458 ], [ 69.2347978, 41.180272 ], [ 69.234773, 41.1802675 ], [ 69.2347495, 41.1802702 ], [ 69.2347307, 41.1802826 ], [ 69.2347012, 41.1802832 ], [ 69.2330396, 41.1804507 ], [ 69.2332274, 41.1830124 ] ] ] } },
{ "type": "Feature", "properties": { "osm_id": "w539954100", "kind": "industrial" }, "geometry": { "type": "Polygon", "coordinates": [ [ [ 69.3506598, 41.1555489 ], [ 69.3522425, 41.1549179 ], [ 69.3528914, 41.1546603 ], [ 69.3518105, 41.1535778 ], [ 69.3521029, 41.1534405 ], [ 69.3517783, 41.152881 ], [ 69.3510783, 41.1520772 ], [ 69.3489781, 41.1530204 ], [ 69.3506598, 41.1555489 ] ] ] } },
{ "type": "Feature", "properties": { "osm_id": "w539954108", "kind": "industrial" }, "geometry": { "type": "Polygon", "coordinates": [ [ [ 69.3299449, 41.2619795 ], [ 69.3296126, 41.2617764 ], [ 69.3294409, 41.2617905 ], [ 69.3283294, 41.2609807 ], [ 69.3278957, 41.2607686 ], [ 69.3276957, 41.2606848 ], [ 69.3276411, 41.2607622 ], [ 69.3278185, 41.2612321 ], [ 69.3278584, 41.2614044 ], [ 69.3278874, 41.261597 ], [ 69.3279274, 41.2619013 ], [ 69.3278712, 41.2624505 ], [ 69.3290154, 41.2628421 ], [ 69.329068, 41.2626655 ], [ 69.32929, 41.2627447 ], [ 69.3299449, 41.2619795 ] ] ] } },
{ "type": "Feature", "properties": { "osm_id": "w542259247", "kind": "industrial" }, "geometry": { "type": "Polygon", "coordinates": [ [ [ 69.420982, 41.4567812 ], [ 69.4220602, 41.4565279 ], [ 69.4225538, 41.4563711 ], [ 69.4221622, 41.4561419 ], [ 69.4218336, 41.4558957 ], [ 69.4216391, 41.4557499 ], [ 69.4206575, 41.4560153 ], [ 69.420982, 41.4567812 ] ] ] } },
{ "type": "Feature", "properties": { "osm_id": "w542259248", "kind": "industrial" }, "geometry": { "type": "Polygon", "coordinates": [ [ [ 69.4253165, 41.4565319 ], [ 69.4254543, 41.4564773 ], [ 69.4263411, 41.4561259 ], [ 69.4255176, 41.4547649 ], [ 69.4253245, 41.4546222 ], [ 69.4251877, 41.4546262 ], [ 69.4248819, 41.4546885 ], [ 69.4240049, 41.4546101 ], [ 69.4237232, 41.4546483 ], [ 69.423176, 41.4548433 ], [ 69.4230473, 41.4550443 ], [ 69.4223928, 41.4554906 ], [ 69.4223902, 41.4556474 ], [ 69.4224733, 41.4557097 ], [ 69.42294, 41.4558987 ], [ 69.4238225, 41.4555871 ], [ 69.4242402, 41.4559178 ], [ 69.4248256, 41.4561902 ], [ 69.4253165, 41.4565319 ] ] ] } },
{ "type": "Feature", "properties": { "osm_id": "w543228678", "kind": "industrial" }, "geometry": { "type": "Polygon", "coordinates": [ [ [ 69.4786772, 41.1201161 ], [ 69.4796448, 41.1196445 ], [ 69.4793358, 41.1192892 ], [ 69.4783601, 41.1197731 ], [ 69.4786772, 41.1201161 ] ] ] } },
{ "type": "Feature", "properties": { "osm_id": "w543228933", "kind": "industrial" }, "geometry": { "type": "Polygon", "coordinates": [ [ [ 69.4466613, 41.1299284 ], [ 69.4468291, 41.1292687 ], [ 69.445326, 41.1289805 ], [ 69.4451246, 41.1297536 ], [ 69.4466613, 41.1299284 ] ] ] } },
{ "type": "Feature", "properties": { "osm_id": "w549021017", "kind": "industrial" }, "geometry": { "type": "Polygon", "coordinates": [ [ [ 69.1402225, 41.2224179 ], [ 69.1403671, 41.2223555 ], [ 69.1402483, 41.2222632 ], [ 69.1418142, 41.2212604 ], [ 69.1425352, 41.2219397 ], [ 69.1431988, 41.222603 ], [ 69.1433948, 41.2224827 ], [ 69.1443191, 41.224128 ], [ 69.1431691, 41.2245515 ], [ 69.1430381, 41.2245997 ], [ 69.1409218, 41.2232238 ], [ 69.140239, 41.2224369 ], [ 69.1402225, 41.2224179 ] ] ] } },
{ "type": "Feature", "properties": { "osm_id": "w551788330", "kind": "military" }, "geometry": { "type": "Polygon", "coordinates": [ [ [ 69.277702, 41.3188881 ], [ 69.2780931, 41.318797 ], [ 69.2779168, 41.3183703 ], [ 69.2775257, 41.3184615 ], [ 69.277702, 41.3188881 ] ] ] } },
{ "type": "Feature", "properties": { "osm_id": "w554019032", "kind": "military" }, "geometry": { "type": "Polygon", "coordinates": [ [ [ 69.1899366, 41.3375618 ], [ 69.1899085, 41.3375665 ], [ 69.1894759, 41.3376389 ], [ 69.1893711, 41.3376571 ], [ 69.1893048, 41.3376687 ], [ 69.1890456, 41.3376336 ], [ 69.1888378, 41.3374829 ], [ 69.1880631, 41.335317 ], [ 69.1885435, 41.3350815 ], [ 69.1885344, 41.3350634 ], [ 69.1889791, 41.334867 ], [ 69.1892053, 41.3354478 ], [ 69.1893299, 41.3358047 ], [ 69.1894553, 41.3361638 ], [ 69.1894881, 41.3362577 ], [ 69.1896012, 41.3365804 ], [ 69.189725, 41.3369338 ], [ 69.1897511, 41.3370049 ], [ 69.1898675, 41.3373554 ], [ 69.1899366, 41.3375618 ] ] ] } },
{ "type": "Feature", "properties": { "osm_id": "w554019033", "kind": "military" }, "geometry": { "type": "Polygon", "coordinates": [ [ [ 69.1893711, 41.3376571 ], [ 69.1893474, 41.3375918 ], [ 69.1894527, 41.3375738 ], [ 69.1894759, 41.3376389 ], [ 69.1893711, 41.3376571 ] ] ] } },
{ "type": "Feature", "properties": { "osm_id": "w565256182", "kind": "garages" }, "geometry": { "type": "Polygon", "coordinates": [ [ [ 69.2837223, 41.2697155 ], [ 69.283907, 41.269768 ], [ 69.2838728, 41.2698378 ], [ 69.285179, 41.2704376 ], [ 69.2852569, 41.2703347 ], [ 69.2853695, 41.2703882 ], [ 69.2852569, 41.2705424 ], [ 69.2836623, 41.2698298 ], [ 69.2837223, 41.2697155 ] ] ] } },
{ "type": "Feature", "properties": { "osm_id": "w565256183", "kind": "garages" }, "geometry": { "type": "Polygon", "coordinates": [ [ [ 69.2836408, 41.2699668 ], [ 69.2843315, 41.2705061 ], [ 69.2844924, 41.2705928 ], [ 69.2846909, 41.2706049 ], [ 69.2850584, 41.2705615 ], [ 69.2850396, 41.2705011 ], [ 69.2845836, 41.2703397 ], [ 69.2837025, 41.2698922 ], [ 69.2836408, 41.2699668 ] ] ] } },
{ "type": "Feature", "properties": { "osm_id": "w566924043", "kind": "industrial" }, "geometry": { "type": "Polygon", "coordinates": [ [ [ 69.3570247, 41.3209692 ], [ 69.355858, 41.3214869 ], [ 69.3560511, 41.3218072 ], [ 69.3559384, 41.3218676 ], [ 69.3560404, 41.3220046 ], [ 69.356558, 41.321781 ], [ 69.3570113, 41.322345 ], [ 69.3571682, 41.3223259 ], [ 69.3577288, 41.3229765 ], [ 69.3578803, 41.3231367 ], [ 69.3584302, 41.3228264 ], [ 69.3577838, 41.3219824 ], [ 69.3574253, 41.3215039 ], [ 69.3570247, 41.3209692 ] ] ] } },
{ "type": "Feature", "properties": { "osm_id": "w567039093", "kind": "industrial" }, "geometry": { "type": "Polygon", "coordinates": [ [ [ 69.2406672, 41.2089923 ], [ 69.2408157, 41.2090732 ], [ 69.241745, 41.2095793 ], [ 69.2428717, 41.2101929 ], [ 69.242996, 41.2102606 ], [ 69.2428109, 41.2104422 ], [ 69.2424756, 41.2124903 ], [ 69.2421967, 41.212464 ], [ 69.2420864, 41.2126881 ], [ 69.2411238, 41.2122643 ], [ 69.2410246, 41.2122481 ], [ 69.238919, 41.211211 ], [ 69.2389002, 41.2111444 ], [ 69.2380729, 41.2107321 ], [ 69.2379856, 41.2108332 ], [ 69.2378889, 41.2107881 ], [ 69.2377496, 41.2109628 ], [ 69.2374733, 41.211094 ], [ 69.2371863, 41.2110597 ], [ 69.2366713, 41.2109265 ], [ 69.2361134, 41.2106541 ], [ 69.2357594, 41.2103978 ], [ 69.2358802, 41.2102884 ], [ 69.2352826, 41.2099746 ], [ 69.2366928, 41.2080047 ], [ 69.2399678, 41.2097945 ], [ 69.2406672, 41.2089923 ] ] ] } },
{ "type": "Feature", "properties": { "osm_id": "w568186898", "kind": "industrial" }, "geometry": { "type": "Polygon", "coordinates": [ [ [ 69.2089348, 41.1751488 ], [ 69.208463, 41.1752727 ], [ 69.2076627, 41.1758826 ], [ 69.2075042, 41.1760034 ], [ 69.2071808, 41.1762499 ], [ 69.2071429, 41.1762786 ], [ 69.2045785, 41.1782209 ], [ 69.2042116, 41.1784988 ], [ 69.2041651, 41.178534 ], [ 69.2033811, 41.1791278 ], [ 69.2041203, 41.1801038 ], [ 69.2066393, 41.183405 ], [ 69.209343, 41.1813787 ], [ 69.214304, 41.1776601 ], [ 69.2133763, 41.1764514 ], [ 69.2126816, 41.1759467 ], [ 69.2128542, 41.1758116 ], [ 69.2120587, 41.1746951 ], [ 69.2119689, 41.1746344 ], [ 69.21171, 41.1744551 ], [ 69.2116679, 41.1744261 ], [ 69.210556, 41.1747201 ], [ 69.2089348, 41.1751488 ] ] ] } },
{ "type": "Feature", "properties": { "osm_id": "w569863126", "kind": "industrial" }, "geometry": { "type": "Polygon", "coordinates": [ [ [ 69.2447687, 41.3523533 ], [ 69.2438165, 41.3524729 ], [ 69.2434815, 41.352493 ], [ 69.2431486, 41.352498 ], [ 69.2425718, 41.3525202 ], [ 69.2425551, 41.3523391 ], [ 69.2425498, 41.3522737 ], [ 69.2425356, 41.3520543 ], [ 69.2433281, 41.3520097 ], [ 69.2434972, 41.3520885 ], [ 69.2435401, 41.352207 ], [ 69.2447598, 41.3520822 ], [ 69.2447687, 41.3523533 ] ] ] } },
{ "type": "Feature", "properties": { "osm_id": "w569863127", "kind": "industrial" }, "geometry": { "type": "Polygon", "coordinates": [ [ [ 69.2423998, 41.3520582 ], [ 69.2423852, 41.3519473 ], [ 69.2423759, 41.3518772 ], [ 69.2423665, 41.3518051 ], [ 69.242293, 41.3513726 ], [ 69.2424718, 41.3513597 ], [ 69.2426725, 41.3513517 ], [ 69.244078, 41.351247 ], [ 69.2443324, 41.3512205 ], [ 69.2443384, 41.3512927 ], [ 69.2446432, 41.3512733 ], [ 69.2447097, 41.3517554 ], [ 69.2447598, 41.3520822 ], [ 69.2435401, 41.352207 ], [ 69.2434972, 41.3520885 ], [ 69.2433281, 41.3520097 ], [ 69.2425356, 41.3520543 ], [ 69.2423998, 41.3520582 ] ] ] } },
{ "type": "Feature", "properties": { "osm_id": "w570289886", "kind": "industrial" }, "geometry": { "type": "Polygon", "coordinates": [ [ [ 69.5681744, 41.4263987 ], [ 69.5682594, 41.4259415 ], [ 69.5681897, 41.4253904 ], [ 69.5680159, 41.4250348 ], [ 69.5679, 41.4248052 ], [ 69.5674199, 41.4243285 ], [ 69.5646813, 41.4259716 ], [ 69.5662612, 41.4266494 ], [ 69.5670122, 41.4270456 ], [ 69.5678196, 41.4273673 ], [ 69.5686519, 41.4277496 ], [ 69.568651, 41.427478 ], [ 69.5681744, 41.4263987 ] ] ] } },
{ "type": "Feature", "properties": { "osm_id": "w571448807", "kind": "industrial" }, "geometry": { "type": "Polygon", "coordinates": [ [ [ 69.2758946, 41.2107086 ], [ 69.2787999, 41.2087411 ], [ 69.2795319, 41.2092578 ], [ 69.2797463, 41.2091192 ], [ 69.280167, 41.2094702 ], [ 69.2803076, 41.2093938 ], [ 69.281209, 41.2099334 ], [ 69.2791783, 41.2118002 ], [ 69.2783017, 41.212606 ], [ 69.278098, 41.2124883 ], [ 69.277913, 41.2124701 ], [ 69.2776072, 41.2127445 ], [ 69.2773631, 41.2126174 ], [ 69.2772075, 41.2127627 ], [ 69.2765075, 41.2121735 ], [ 69.2761856, 41.2117417 ], [ 69.2759711, 41.2113079 ], [ 69.2760596, 41.2112251 ], [ 69.2759576, 41.2111242 ], [ 69.2758946, 41.2107086 ] ] ] } },
{ "type": "Feature", "properties": { "osm_id": "w578762307", "kind": "military" }, "geometry": { "type": "Polygon", "coordinates": [ [ [ 69.3350856, 41.2328051 ], [ 69.3348589, 41.2331831 ], [ 69.3352197, 41.2333202 ], [ 69.3354638, 41.232939 ], [ 69.3350856, 41.2328051 ] ] ] } },
{ "type": "Feature", "properties": { "osm_id": "w586563091", "kind": "industrial" }, "geometry": { "type": "Polygon", "coordinates": [ [ [ 69.4764416, 41.247475 ], [ 69.4766137, 41.2477309 ], [ 69.4766824, 41.2479093 ], [ 69.4778625, 41.2487793 ], [ 69.4773299, 41.249141 ], [ 69.4767092, 41.2486442 ], [ 69.4761487, 41.2490345 ], [ 69.4756581, 41.2486231 ], [ 69.4752757, 41.248433 ], [ 69.4755229, 41.2481736 ], [ 69.4757031, 41.2478302 ], [ 69.4759379, 41.2477136 ], [ 69.4761861, 41.2474472 ], [ 69.4762775, 41.2474749 ], [ 69.4763661, 41.2474039 ], [ 69.4764416, 41.247475 ] ] ] } },
{ "type": "Feature", "properties": { "osm_id": "w586565129", "kind": "industrial" }, "geometry": { "type": "Polygon", "coordinates": [ [ [ 69.5203957, 41.3019863 ], [ 69.5201878, 41.300897 ], [ 69.5221885, 41.3007767 ], [ 69.5245974, 41.3007908 ], [ 69.5245223, 41.3017419 ], [ 69.5239371, 41.3017784 ], [ 69.5203957, 41.3019863 ] ] ] } },
{ "type": "Feature", "properties": { "osm_id": "w586979798", "kind": "cemetery" }, "geometry": { "type": "Polygon", "coordinates": [ [ [ 69.303114, 41.4734578 ], [ 69.3033173, 41.472678 ], [ 69.3033254, 41.4720931 ], [ 69.302884, 41.472249 ], [ 69.3023632, 41.473104 ], [ 69.303114, 41.4734578 ] ] ] } },
{ "type": "Feature", "properties": { "osm_id": "w588289646", "kind": "industrial" }, "geometry": { "type": "Polygon", "coordinates": [ [ [ 69.5214703, 41.3114607 ], [ 69.521075, 41.3110954 ], [ 69.5216784, 41.3108556 ], [ 69.5218055, 41.3110667 ], [ 69.5219402, 41.3112904 ], [ 69.5214703, 41.3114607 ] ] ] } },
{ "type": "Feature", "properties": { "osm_id": "w588319606", "kind": "industrial" }, "geometry": { "type": "Polygon", "coordinates": [ [ [ 69.5150021, 41.3097979 ], [ 69.5136997, 41.3085484 ], [ 69.5160285, 41.3082985 ], [ 69.5160214, 41.3080964 ], [ 69.517515, 41.3078944 ], [ 69.5175008, 41.3097287 ], [ 69.5150021, 41.3097979 ] ] ] } },
{ "type": "Feature", "properties": { "osm_id": "w588561238", "kind": "industrial" }, "geometry": { "type": "Polygon", "coordinates": [ [ [ 69.347402, 41.2431922 ], [ 69.3491375, 41.2417536 ], [ 69.3483323, 41.2410776 ], [ 69.3480565, 41.240891 ], [ 69.3479242, 41.2409573 ], [ 69.3477036, 41.2407375 ], [ 69.3477753, 41.240638 ], [ 69.3458229, 41.2385022 ], [ 69.3455956, 41.2381465 ], [ 69.3454812, 41.238013 ], [ 69.3425131, 41.2368708 ], [ 69.3409946, 41.2363029 ], [ 69.3406308, 41.2368143 ], [ 69.3405533, 41.2367797 ], [ 69.3406427, 41.23663 ], [ 69.3396967, 41.2362589 ], [ 69.3399327, 41.2358721 ], [ 69.3383887, 41.2352324 ], [ 69.3374439, 41.2347552 ], [ 69.3351092, 41.2338293 ], [ 69.3348608, 41.2342211 ], [ 69.3348574, 41.2342603 ], [ 69.3348473, 41.234267 ], [ 69.3348457, 41.2343016 ], [ 69.3347871, 41.2342623 ], [ 69.3341996, 41.2340794 ], [ 69.3337002, 41.2347203 ], [ 69.3335584, 41.2348676 ], [ 69.3335944, 41.2349539 ], [ 69.3351536, 41.2353565 ], [ 69.3367203, 41.2360006 ], [ 69.3379972, 41.2365307 ], [ 69.3387616, 41.2368805 ], [ 69.3396511, 41.2372627 ], [ 69.3406078, 41.2376981 ], [ 69.3415031, 41.2382793 ], [ 69.3418947, 41.2384947 ], [ 69.3422317, 41.2387513 ], [ 69.3427925, 41.2391684 ], [ 69.343751, 41.2401818 ], [ 69.3448896, 41.2413935 ], [ 69.3451268, 41.2416195 ], [ 69.3453364, 41.2418336 ], [ 69.3461787, 41.2425234 ], [ 69.3461708, 41.2425858 ], [ 69.3467837, 41.2430705 ], [ 69.347402, 41.2431922 ] ] ] } },
{ "type": "Feature", "properties": { "osm_id": "w589216267", "kind": "military" }, "geometry": { "type": "Polygon", "coordinates": [ [ [ 69.226203, 41.2879139 ], [ 69.2261389, 41.2878568 ], [ 69.2262248, 41.2878024 ], [ 69.2262889, 41.2878596 ], [ 69.2262402, 41.2878904 ], [ 69.226203, 41.2879139 ] ] ] } },
{ "type": "Feature", "properties": { "osm_id": "w590399900", "kind": "garages" }, "geometry": { "type": "Polygon", "coordinates": [ [ [ 69.1731501, 41.3372241 ], [ 69.1732867, 41.3377832 ], [ 69.1736987, 41.3377835 ], [ 69.1736982, 41.3376456 ], [ 69.1736503, 41.3375973 ], [ 69.1736051, 41.337546 ], [ 69.1735651, 41.3374572 ], [ 69.1735499, 41.3371997 ], [ 69.1731501, 41.3372241 ] ] ] } },
{ "type": "Feature", "properties": { "osm_id": "w590959106", "kind": "industrial" }, "geometry": { "type": "Polygon", "coordinates": [ [ [ 69.2994213, 41.2991135 ], [ 69.2995692, 41.299049 ], [ 69.3001539, 41.2988958 ], [ 69.3005268, 41.2988535 ], [ 69.3014655, 41.2988193 ], [ 69.3016694, 41.2988193 ], [ 69.3016801, 41.2988636 ], [ 69.3020181, 41.2988132 ], [ 69.3025062, 41.2988616 ], [ 69.3031982, 41.2988999 ], [ 69.3032109, 41.2990169 ], [ 69.3019269, 41.2993734 ], [ 69.3018054, 41.2993978 ], [ 69.3017981, 41.2993491 ], [ 69.301373, 41.2991999 ], [ 69.3010333, 41.2991356 ], [ 69.3006712, 41.2992525 ], [ 69.3005318, 41.2989664 ], [ 69.2995313, 41.2992525 ], [ 69.2994213, 41.2991135 ] ] ] } },
{ "type": "Feature", "properties": { "osm_id": "w592629491", "kind": "industrial" }, "geometry": { "type": "Polygon", "coordinates": [ [ [ 69.1998951, 41.3540584 ], [ 69.200227, 41.3540567 ], [ 69.2002297, 41.3537441 ], [ 69.2000141, 41.3536654 ], [ 69.2000067, 41.3532085 ], [ 69.2000001, 41.3528984 ], [ 69.1998847, 41.3528995 ], [ 69.1993102, 41.3529052 ], [ 69.1993095, 41.3529259 ], [ 69.1990785, 41.3529257 ], [ 69.1990506, 41.3529256 ], [ 69.198755, 41.3529253 ], [ 69.1987009, 41.3529252 ], [ 69.198366, 41.3529248 ], [ 69.1983653, 41.35326 ], [ 69.1983768, 41.3538329 ], [ 69.1983813, 41.354058 ], [ 69.1984597, 41.3540571 ], [ 69.1985463, 41.3540568 ], [ 69.1998951, 41.3540584 ] ] ] } },
{ "type": "Feature", "properties": { "osm_id": "w596282714", "kind": "industrial" }, "geometry": { "type": "Polygon", "coordinates": [ [ [ 69.30547, 41.2182103 ], [ 69.306457, 41.2190113 ], [ 69.3066448, 41.2191404 ], [ 69.3062773, 41.219433 ], [ 69.3053654, 41.2191324 ], [ 69.305183, 41.2189871 ], [ 69.3052152, 41.218969 ], [ 69.3051052, 41.218862 ], [ 69.3050811, 41.2188782 ], [ 69.3048879, 41.2185796 ], [ 69.30547, 41.2182103 ] ] ] } },
{ "type": "Feature", "properties": { "osm_id": "w615229272", "kind": "industrial" }, "geometry": { "type": "Polygon", "coordinates": [ [ [ 69.5534441, 41.4529376 ], [ 69.5540321, 41.4524635 ], [ 69.5562724, 41.4538879 ], [ 69.555637, 41.454293 ], [ 69.5534441, 41.4529376 ] ] ] } },
{ "type": "Feature", "properties": { "osm_id": "w615229276", "kind": "industrial" }, "geometry": { "type": "Polygon", "coordinates": [ [ [ 69.5541405, 41.4521829 ], [ 69.5564569, 41.453694 ], [ 69.5575922, 41.4529165 ], [ 69.5575676, 41.4527017 ], [ 69.5566771, 41.4519208 ], [ 69.5561095, 41.4523556 ], [ 69.5548559, 41.4515463 ], [ 69.5541405, 41.4521829 ] ] ] } },
{ "type": "Feature", "properties": { "osm_id": "w618143131", "kind": "industrial" }, "geometry": { "type": "Polygon", "coordinates": [ [ [ 69.3216901, 41.2943333 ], [ 69.3210986, 41.2943572 ], [ 69.320752, 41.2944133 ], [ 69.3203653, 41.2944983 ], [ 69.3197936, 41.2946833 ], [ 69.3181375, 41.2953067 ], [ 69.3176987, 41.2954718 ], [ 69.3169226, 41.2958174 ], [ 69.3167208, 41.2959042 ], [ 69.3162517, 41.2961165 ], [ 69.3146138, 41.2968679 ], [ 69.3135606, 41.2973511 ], [ 69.3134792, 41.297556 ], [ 69.3135246, 41.2976013 ], [ 69.3141108, 41.2973157 ], [ 69.3146359, 41.2971942 ], [ 69.315277, 41.297132 ], [ 69.3155022, 41.2970882 ], [ 69.316705, 41.2966921 ], [ 69.3164699, 41.2963846 ], [ 69.3182266, 41.2955529 ], [ 69.3183028, 41.2956389 ], [ 69.3183801, 41.295674 ], [ 69.3184515, 41.295715 ], [ 69.3188349, 41.2953348 ], [ 69.3189916, 41.295238 ], [ 69.3195224, 41.294986 ], [ 69.3197866, 41.2948993 ], [ 69.3212293, 41.2946112 ], [ 69.3212598, 41.2952518 ], [ 69.3214139, 41.2952515 ], [ 69.32142, 41.2951053 ], [ 69.3218347, 41.2950998 ], [ 69.3218623, 41.2955787 ], [ 69.3225832, 41.2955743 ], [ 69.3225784, 41.2953869 ], [ 69.3229428, 41.2947083 ], [ 69.3224292, 41.2946002 ], [ 69.3224814, 41.2944542 ], [ 69.322506, 41.2944004 ], [ 69.3219424, 41.2943418 ], [ 69.3216901, 41.2943333 ] ] ] } },
{ "type": "Feature", "properties": { "osm_id": "w619979881", "kind": "industrial" }, "geometry": { "type": "Polygon", "coordinates": [ [ [ 69.3135035, 41.416867 ], [ 69.3145067, 41.4166619 ], [ 69.3153006, 41.4164607 ], [ 69.3165263, 41.4161791 ], [ 69.3161321, 41.4151693 ], [ 69.31507, 41.4153665 ], [ 69.3131602, 41.4157487 ], [ 69.3131227, 41.4156762 ], [ 69.3126667, 41.4157768 ], [ 69.3128008, 41.4160262 ], [ 69.3124521, 41.416163 ], [ 69.3124414, 41.4162435 ], [ 69.3127311, 41.4165412 ], [ 69.3133855, 41.4163803 ], [ 69.3135035, 41.416867 ] ] ] } },
{ "type": "Feature", "properties": { "osm_id": "w625117921", "kind": "industrial" }, "geometry": { "type": "Polygon", "coordinates": [ [ [ 69.1413723, 41.3275076 ], [ 69.1421651, 41.3272923 ], [ 69.142494, 41.3281235 ], [ 69.1427951, 41.3289587 ], [ 69.1429742, 41.3294776 ], [ 69.1429652, 41.3295804 ], [ 69.1430365, 41.3296425 ], [ 69.1437189, 41.3314601 ], [ 69.1433575, 41.3315669 ], [ 69.1432481, 41.3315632 ], [ 69.1431338, 41.3315671 ], [ 69.14278, 41.330792 ], [ 69.1425911, 41.330308 ], [ 69.1425574, 41.3303169 ], [ 69.14253, 41.3303207 ], [ 69.1422799, 41.329774 ], [ 69.1416012, 41.3282958 ], [ 69.1413723, 41.3275076 ] ] ] } },
{ "type": "Feature", "properties": { "osm_id": "w625119819", "kind": "industrial" }, "geometry": { "type": "Polygon", "coordinates": [ [ [ 69.1440627, 41.3336866 ], [ 69.1440839, 41.3336864 ], [ 69.1443604, 41.3336281 ], [ 69.1444114, 41.3336563 ], [ 69.1445053, 41.3336443 ], [ 69.1452563, 41.3357924 ], [ 69.1451311, 41.3358679 ], [ 69.1451087, 41.3366149 ], [ 69.1449875, 41.3366263 ], [ 69.1449532, 41.3366289 ], [ 69.1440627, 41.3336866 ] ] ] } },
{ "type": "Feature", "properties": { "osm_id": "w628770097", "kind": "garages" }, "geometry": { "type": "Polygon", "coordinates": [ [ [ 69.2763527, 41.3518404 ], [ 69.2762993, 41.3517988 ], [ 69.2764882, 41.3516678 ], [ 69.2765457, 41.3517063 ], [ 69.2763527, 41.3518404 ] ] ] } },
{ "type": "Feature", "properties": { "osm_id": "w634149715", "kind": "industrial" }, "geometry": { "type": "Polygon", "coordinates": [ [ [ 69.2082973, 41.2924301 ], [ 69.2083797, 41.2924238 ], [ 69.2090648, 41.2923719 ], [ 69.2091384, 41.2927802 ], [ 69.2086331, 41.2928239 ], [ 69.2087378, 41.2933243 ], [ 69.2084085, 41.2933474 ], [ 69.2083649, 41.2931613 ], [ 69.2083501, 41.2930188 ], [ 69.208322, 41.2926353 ], [ 69.2082973, 41.2924301 ] ] ] } },
{ "type": "Feature", "properties": { "osm_id": "w637838468", "kind": "garages" }, "geometry": { "type": "Polygon", "coordinates": [ [ [ 69.2765571, 41.3516937 ], [ 69.2765195, 41.3516555 ], [ 69.276718, 41.3515286 ], [ 69.2767824, 41.3515609 ], [ 69.2765571, 41.3516937 ] ] ] } },
{ "type": "Feature", "properties": { "osm_id": "w639597880", "kind": "industrial" }, "geometry": { "type": "Polygon", "coordinates": [ [ [ 69.2100834, 41.2923419 ], [ 69.2101332, 41.2923259 ], [ 69.2101695, 41.2923149 ], [ 69.210237, 41.2922943 ], [ 69.2103144, 41.2922652 ], [ 69.2103908, 41.2923686 ], [ 69.2104554, 41.2924759 ], [ 69.2105025, 41.2925545 ], [ 69.2105528, 41.2926425 ], [ 69.2107082, 41.2929141 ], [ 69.2107433, 41.2929755 ], [ 69.2107744, 41.2930305 ], [ 69.210813, 41.2930987 ], [ 69.2106913, 41.2931728 ], [ 69.2105836, 41.2930394 ], [ 69.2105281, 41.2930146 ], [ 69.2102673, 41.2925225 ], [ 69.2101992, 41.2925396 ], [ 69.2100834, 41.2923419 ] ] ] } },
{ "type": "Feature", "properties": { "osm_id": "w652539457", "kind": "military" }, "geometry": { "type": "Polygon", "coordinates": [ [ [ 69.328934, 41.2547948 ], [ 69.3273166, 41.2541939 ], [ 69.3273488, 41.2541395 ], [ 69.3272096, 41.2540904 ], [ 69.3268438, 41.2539604 ], [ 69.3267426, 41.2539257 ], [ 69.3268284, 41.2537806 ], [ 69.326815, 41.2536999 ], [ 69.3267667, 41.2536394 ], [ 69.326591, 41.2535769 ], [ 69.3267654, 41.2531565 ], [ 69.3268153, 41.2529992 ], [ 69.3269008, 41.2530082 ], [ 69.3269625, 41.2528005 ], [ 69.327104, 41.2524784 ], [ 69.3270759, 41.2524708 ], [ 69.3271241, 41.2523663 ], [ 69.3272577, 41.2524086 ], [ 69.327558, 41.2525021 ], [ 69.3275902, 41.2524295 ], [ 69.3276298, 41.2524384 ], [ 69.3276963, 41.2524533 ], [ 69.3280916, 41.2511998 ], [ 69.3282507, 41.2512232 ], [ 69.3301544, 41.2521311 ], [ 69.3306103, 41.2513769 ], [ 69.3308491, 41.2514636 ], [ 69.330503, 41.2520948 ], [ 69.3303964, 41.2523241 ], [ 69.3304226, 41.2523327 ], [ 69.3300377, 41.2530789 ], [ 69.3299455, 41.2530545 ], [ 69.329921, 41.2530445 ], [ 69.3293283, 41.2540868 ], [ 69.328934, 41.2547948 ] ] ] } },
{ "type": "Feature", "properties": { "osm_id": "w655449373", "kind": "military" }, "geometry": { "type": "Polygon", "coordinates": [ [ [ 69.2438246, 41.3009799 ], [ 69.2438459, 41.3009653 ], [ 69.2438672, 41.3009828 ], [ 69.2438458, 41.3009974 ], [ 69.2438246, 41.3009799 ] ] ] } },
{ "type": "Feature", "properties": { "osm_id": "w656206193", "kind": "industrial" }, "geometry": { "type": "Polygon", "coordinates": [ [ [ 69.3293486, 41.3493228 ], [ 69.3301734, 41.3488996 ], [ 69.3298938, 41.3486844 ], [ 69.3295965, 41.3483868 ], [ 69.3294373, 41.3481583 ], [ 69.3293346, 41.3480149 ], [ 69.3292462, 41.3478873 ], [ 69.3287117, 41.347983 ], [ 69.3287967, 41.3483337 ], [ 69.3288073, 41.3485037 ], [ 69.3289241, 41.3487455 ], [ 69.3290657, 41.3489873 ], [ 69.3291993, 41.3491666 ], [ 69.3293486, 41.3493228 ] ] ] } },
{ "type": "Feature", "properties": { "osm_id": "w667828831", "kind": "industrial" }, "geometry": { "type": "Polygon", "coordinates": [ [ [ 69.3010416, 41.3025902 ], [ 69.3007952, 41.3026044 ], [ 69.2980195, 41.3031102 ], [ 69.29797, 41.3029893 ], [ 69.2978638, 41.3025932 ], [ 69.2978142, 41.3023699 ], [ 69.2977399, 41.3019152 ], [ 69.2977327, 41.3013668 ], [ 69.2977311, 41.3012492 ], [ 69.2978863, 41.3007046 ], [ 69.2981628, 41.3001311 ], [ 69.2986548, 41.2995568 ], [ 69.2987699, 41.2995091 ], [ 69.2989587, 41.2997579 ], [ 69.2990941, 41.3000917 ], [ 69.2986867, 41.3001088 ], [ 69.2987032, 41.300222 ], [ 69.2998272, 41.3001481 ], [ 69.3018434, 41.2997845 ], [ 69.3018577, 41.2998057 ], [ 69.3018475, 41.2998685 ], [ 69.3004602, 41.3001478 ], [ 69.3004188, 41.3001645 ], [ 69.3004297, 41.300452 ], [ 69.3004666, 41.3009625 ], [ 69.3013806, 41.3015785 ], [ 69.3016973, 41.3017883 ], [ 69.3010416, 41.3025902 ] ] ] } },
{ "type": "Feature", "properties": { "osm_id": "w671523134", "kind": "industrial" }, "geometry": { "type": "Polygon", "coordinates": [ [ [ 69.3791553, 41.3330164 ], [ 69.3792813, 41.3331604 ], [ 69.3795254, 41.3334606 ], [ 69.378867, 41.3337627 ], [ 69.3784981, 41.3333367 ], [ 69.3791553, 41.3330164 ] ] ] } },
{ "type": "Feature", "properties": { "osm_id": "w672472018", "kind": "industrial" }, "geometry": { "type": "Polygon", "coordinates": [ [ [ 69.1881009, 41.3411544 ], [ 69.1885292, 41.3411967 ], [ 69.1889955, 41.3412332 ], [ 69.1894653, 41.34127 ], [ 69.1894673, 41.3414059 ], [ 69.1895615, 41.341408 ], [ 69.1895585, 41.3414829 ], [ 69.1896102, 41.3416906 ], [ 69.189829, 41.3420329 ], [ 69.1899989, 41.3422645 ], [ 69.1898433, 41.3423309 ], [ 69.1898346, 41.3423239 ], [ 69.1895691, 41.3424402 ], [ 69.1895735, 41.3424525 ], [ 69.1893007, 41.342567 ], [ 69.1878929, 41.3424651 ], [ 69.1879495, 41.3422328 ], [ 69.1879761, 41.3420434 ], [ 69.1879823, 41.3419989 ], [ 69.188, 41.341873 ], [ 69.1880218, 41.3417168 ], [ 69.1880359, 41.3416166 ], [ 69.1880775, 41.3413523 ], [ 69.1881009, 41.3411544 ] ] ] } },
{ "type": "Feature", "properties": { "osm_id": "w678637189", "kind": "industrial" }, "geometry": { "type": "Polygon", "coordinates": [ [ [ 69.3273085, 41.3078896 ], [ 69.3278921, 41.3077457 ], [ 69.3280852, 41.3080266 ], [ 69.3283268, 41.307904 ], [ 69.3280754, 41.3075926 ], [ 69.3277116, 41.3076819 ], [ 69.3273056, 41.3069482 ], [ 69.3269172, 41.3070455 ], [ 69.3273085, 41.3078896 ] ] ] } },
{ "type": "Feature", "properties": { "osm_id": "w678637191", "kind": "industrial" }, "geometry": { "type": "Polygon", "coordinates": [ [ [ 69.3270481, 41.3084285 ], [ 69.3271825, 41.3083793 ], [ 69.3273317, 41.3083242 ], [ 69.3271882, 41.3079916 ], [ 69.3271699, 41.3079501 ], [ 69.3268489, 41.3080501 ], [ 69.3270481, 41.3084285 ] ] ] } },
{ "type": "Feature", "properties": { "osm_id": "w680879122", "kind": "industrial" }, "geometry": { "type": "Polygon", "coordinates": [ [ [ 69.2348488, 41.3688973 ], [ 69.2360651, 41.3688568 ], [ 69.2360997, 41.3694617 ], [ 69.2360159, 41.3696486 ], [ 69.2359542, 41.3704034 ], [ 69.2345994, 41.3703875 ], [ 69.2346059, 41.3694849 ], [ 69.2348624, 41.3694842 ], [ 69.2348488, 41.3688973 ] ] ] } },
{ "type": "Feature", "properties": { "osm_id": "w680882656", "kind": "industrial" }, "geometry": { "type": "Polygon", "coordinates": [ [ [ 69.2545938, 41.3714828 ], [ 69.2562206, 41.3720675 ], [ 69.256525, 41.3721712 ], [ 69.2561624, 41.3728643 ], [ 69.2542077, 41.3721589 ], [ 69.2545938, 41.3714828 ] ] ] } },
{ "type": "Feature", "properties": { "osm_id": "w680882657", "kind": "garages" }, "geometry": { "type": "Polygon", "coordinates": [ [ [ 69.2574664, 41.3745918 ], [ 69.2572572, 41.3735792 ], [ 69.2568905, 41.3733713 ], [ 69.2561388, 41.3729421 ], [ 69.2561033, 41.3729772 ], [ 69.2552653, 41.3737667 ], [ 69.2554017, 41.3738397 ], [ 69.2555732, 41.3738253 ], [ 69.2556655, 41.3742506 ], [ 69.2568125, 41.3741016 ], [ 69.2569726, 41.3746465 ], [ 69.2574664, 41.3745918 ] ] ] } },
{ "type": "Feature", "properties": { "osm_id": "w680889026", "kind": "cemetery" }, "geometry": { "type": "Polygon", "coordinates": [ [ [ 69.1834432, 41.256648 ], [ 69.1827661, 41.2566431 ], [ 69.1828518, 41.2563044 ], [ 69.1828691, 41.2562348 ], [ 69.1828785, 41.2561863 ], [ 69.1829151, 41.2562135 ], [ 69.182949, 41.256247 ], [ 69.1829929, 41.2562747 ], [ 69.1830656, 41.2562851 ], [ 69.1831473, 41.2562756 ], [ 69.183196, 41.2562717 ], [ 69.1832453, 41.2562741 ], [ 69.1832674, 41.256277 ], [ 69.1832733, 41.2562824 ], [ 69.1832506, 41.2563303 ], [ 69.1834529, 41.2564822 ], [ 69.183491, 41.2565637 ], [ 69.183484, 41.2566019 ], [ 69.1834432, 41.256648 ] ] ] } },
{ "type": "Feature", "properties": { "osm_id": "w683413506", "kind": "industrial" }, "geometry": { "type": "Polygon", "coordinates": [ [ [ 69.3024877, 41.2681904 ], [ 69.3027888, 41.2677324 ], [ 69.302949, 41.2674888 ], [ 69.3025199, 41.2672489 ], [ 69.302206, 41.2671521 ], [ 69.3013384, 41.2668533 ], [ 69.3013155, 41.2668873 ], [ 69.3013497, 41.2669216 ], [ 69.3009079, 41.2676834 ], [ 69.3017926, 41.2679521 ], [ 69.3022064, 41.2680938 ], [ 69.3024877, 41.2681904 ] ] ] } },
{ "type": "Feature", "properties": { "osm_id": "w683413507", "kind": "industrial" }, "geometry": { "type": "Polygon", "coordinates": [ [ [ 69.3009079, 41.2676834 ], [ 69.2999717, 41.267389 ], [ 69.2995587, 41.2672631 ], [ 69.2996281, 41.2671454 ], [ 69.2996526, 41.2671349 ], [ 69.2997545, 41.267137 ], [ 69.2999007, 41.2668678 ], [ 69.2998644, 41.2668059 ], [ 69.300014, 41.2665236 ], [ 69.3005042, 41.2666884 ], [ 69.3005713, 41.2665886 ], [ 69.3013384, 41.2668533 ], [ 69.3013155, 41.2668873 ], [ 69.3013497, 41.2669216 ], [ 69.3009079, 41.2676834 ] ] ] } },
{ "type": "Feature", "properties": { "osm_id": "w683413512", "kind": "industrial" }, "geometry": { "type": "Polygon", "coordinates": [ [ [ 69.2979246, 41.2665698 ], [ 69.2978653, 41.2666756 ], [ 69.2979188, 41.2666974 ], [ 69.2979032, 41.2667209 ], [ 69.2984855, 41.2669758 ], [ 69.2991457, 41.2671736 ], [ 69.2994147, 41.2672707 ], [ 69.2994928, 41.2672787 ], [ 69.2995731, 41.2671449 ], [ 69.299698, 41.2670969 ], [ 69.2998563, 41.2668164 ], [ 69.3000112, 41.2665194 ], [ 69.3005006, 41.2666806 ], [ 69.3005992, 41.2665245 ], [ 69.3006078, 41.2665075 ], [ 69.2989085, 41.2659524 ], [ 69.298678, 41.2658938 ], [ 69.2981437, 41.2666532 ], [ 69.2979246, 41.2665698 ] ] ] } },
{ "type": "Feature", "properties": { "osm_id": "w688003838", "kind": "cemetery" }, "geometry": { "type": "Polygon", "coordinates": [ [ [ 69.4114172, 41.3605522 ], [ 69.4116921, 41.3606511 ], [ 69.412128, 41.3608079 ], [ 69.4122648, 41.3605784 ], [ 69.4126894, 41.3601869 ], [ 69.4126384, 41.3600224 ], [ 69.4127986, 41.3597932 ], [ 69.4128437, 41.3595987 ], [ 69.4127106, 41.3594743 ], [ 69.4124731, 41.3594202 ], [ 69.41225, 41.3593783 ], [ 69.412047, 41.3593149 ], [ 69.411846, 41.3591936 ], [ 69.4112901, 41.3600264 ], [ 69.4112751, 41.3600489 ], [ 69.4115567, 41.3601677 ], [ 69.4115379, 41.3602482 ], [ 69.4114803, 41.3603368 ], [ 69.4115192, 41.3603489 ], [ 69.4114172, 41.3605522 ] ] ] } },
{ "type": "Feature", "properties": { "osm_id": "w688110757", "kind": "military" }, "geometry": { "type": "Polygon", "coordinates": [ [ [ 69.5651722, 41.4615552 ], [ 69.5632946, 41.4594848 ], [ 69.5639412, 41.4591451 ], [ 69.565376, 41.4608879 ], [ 69.5653117, 41.4614427 ], [ 69.5651722, 41.4615552 ] ] ] } },
{ "type": "Feature", "properties": { "osm_id": "w688586426", "kind": "cemetery" }, "geometry": { "type": "Polygon", "coordinates": [ [ [ 69.2338916, 41.2689015 ], [ 69.2337595, 41.2687854 ], [ 69.2322295, 41.2697641 ], [ 69.2320932, 41.2698457 ], [ 69.2315009, 41.270209 ], [ 69.231005, 41.2705004 ], [ 69.2310717, 41.2705693 ], [ 69.2311334, 41.2705461 ], [ 69.2312667, 41.2706586 ], [ 69.2313034, 41.2707556 ], [ 69.2319817, 41.2713426 ], [ 69.2323619, 41.2717174 ], [ 69.2329246, 41.2713357 ], [ 69.2336995, 41.2707972 ], [ 69.2343676, 41.2703626 ], [ 69.2342174, 41.2702195 ], [ 69.23435, 41.2701527 ], [ 69.2342288, 41.2700488 ], [ 69.2336819, 41.2695741 ], [ 69.2342442, 41.2692124 ], [ 69.2342273, 41.2691979 ], [ 69.2340429, 41.2690257 ], [ 69.2332321, 41.269558 ], [ 69.2328434, 41.269851 ], [ 69.232882, 41.2698792 ], [ 69.2326871, 41.2700324 ], [ 69.2322873, 41.2703926 ], [ 69.2322362, 41.2704425 ], [ 69.2324551, 41.2705859 ], [ 69.2324189, 41.27062 ], [ 69.2326738, 41.2707622 ], [ 69.232643, 41.2707939 ], [ 69.2327582, 41.2708476 ], [ 69.2328048, 41.2707997 ], [ 69.2330571, 41.2709351 ], [ 69.2329513, 41.2710305 ], [ 69.232845, 41.2711244 ], [ 69.2326089, 41.2709952 ], [ 69.2326772, 41.2709386 ], [ 69.2325795, 41.270878 ], [ 69.2325628, 41.2708948 ], [ 69.2325479, 41.2708852 ], [ 69.2325375, 41.2708966 ], [ 69.232298, 41.2707501 ], [ 69.2322654, 41.2707282 ], [ 69.2322361, 41.2707531 ], [ 69.2322173, 41.2707421 ], [ 69.2321693, 41.2707554 ], [ 69.2320285, 41.2706725 ], [ 69.2319652, 41.2707307 ], [ 69.2319243, 41.2707634 ], [ 69.2316659, 41.2706292 ], [ 69.2324108, 41.2698681 ], [ 69.2326879, 41.2696981 ], [ 69.2327153, 41.2697225 ], [ 69.2330861, 41.2694403 ], [ 69.233349, 41.2692634 ], [ 69.2338916, 41.2689015 ] ] ] } },
{ "type": "Feature", "properties": { "osm_id": "w689155340", "kind": "military" }, "geometry": { "type": "Polygon", "coordinates": [ [ [ 69.4516896, 41.3840164 ], [ 69.4517613, 41.3840464 ], [ 69.451816, 41.3839729 ], [ 69.4517443, 41.3839429 ], [ 69.4516896, 41.3840164 ] ] ] } },
{ "type": "Feature", "properties": { "osm_id": "w690380318", "kind": "garages" }, "geometry": { "type": "Polygon", "coordinates": [ [ [ 69.1657537, 41.3425731 ], [ 69.1660044, 41.3425726 ], [ 69.1659942, 41.3417769 ], [ 69.1658556, 41.3417758 ], [ 69.1658504, 41.3418775 ], [ 69.1658018, 41.3419349 ], [ 69.1658111, 41.3421453 ], [ 69.1657446, 41.3422021 ], [ 69.1657537, 41.3425731 ] ] ] } },
{ "type": "Feature", "properties": { "osm_id": "w690399692", "kind": "industrial" }, "geometry": { "type": "Polygon", "coordinates": [ [ [ 69.1916741, 41.330721 ], [ 69.1925174, 41.330708 ], [ 69.1925092, 41.3300615 ], [ 69.1933254, 41.3299594 ], [ 69.193774, 41.3311619 ], [ 69.1939472, 41.331904 ], [ 69.1916163, 41.332004 ], [ 69.1915656, 41.3313134 ], [ 69.1916818, 41.3313091 ], [ 69.1916741, 41.330721 ] ] ] } },
{ "type": "Feature", "properties": { "osm_id": "w692930818", "kind": "cemetery" }, "geometry": { "type": "Polygon", "coordinates": [ [ [ 69.1572899, 41.1961436 ], [ 69.1573889, 41.1960891 ], [ 69.1575133, 41.1960207 ], [ 69.1576027, 41.19606 ], [ 69.1580654, 41.1962126 ], [ 69.1581085, 41.1963563 ], [ 69.1581578, 41.1965487 ], [ 69.1581649, 41.1966984 ], [ 69.1581987, 41.1967353 ], [ 69.1580516, 41.1968856 ], [ 69.1579746, 41.196846 ], [ 69.1579711, 41.1968126 ], [ 69.1578664, 41.1966921 ], [ 69.1574353, 41.1962819 ], [ 69.1572899, 41.1961436 ] ] ] } },
{ "type": "Feature", "properties": { "osm_id": "w692930819", "kind": "cemetery" }, "geometry": { "type": "Polygon", "coordinates": [ [ [ 69.1575133, 41.1960207 ], [ 69.1574898, 41.1959976 ], [ 69.1575307, 41.1959312 ], [ 69.1577882, 41.1957955 ], [ 69.1578392, 41.1958088 ], [ 69.1578894, 41.1958252 ], [ 69.1579807, 41.195906 ], [ 69.1580182, 41.1959349 ], [ 69.1580298, 41.1959838 ], [ 69.1580269, 41.1960664 ], [ 69.1580558, 41.1961479 ], [ 69.1580654, 41.1962126 ], [ 69.1576027, 41.19606 ], [ 69.1575133, 41.1960207 ] ] ] } },
{ "type": "Feature", "properties": { "osm_id": "w692930820", "kind": "cemetery" }, "geometry": { "type": "Polygon", "coordinates": [ [ [ 69.1589758, 41.1964971 ], [ 69.1594015, 41.1967094 ], [ 69.1589398, 41.197251 ], [ 69.1587926, 41.1971402 ], [ 69.1588373, 41.1971008 ], [ 69.1585415, 41.1968701 ], [ 69.1586274, 41.1968041 ], [ 69.1586074, 41.1967905 ], [ 69.1588183, 41.1965983 ], [ 69.1589404, 41.1965451 ], [ 69.1589758, 41.1964971 ] ] ] } },
{ "type": "Feature", "properties": { "osm_id": "w692930821", "kind": "cemetery" }, "geometry": { "type": "Polygon", "coordinates": [ [ [ 69.1589758, 41.1964971 ], [ 69.1589404, 41.1965451 ], [ 69.1588183, 41.1965983 ], [ 69.1586074, 41.1967905 ], [ 69.158531, 41.1967326 ], [ 69.1584288, 41.196798 ], [ 69.1583687, 41.1967501 ], [ 69.1583068, 41.1967901 ], [ 69.1582216, 41.196729 ], [ 69.1581987, 41.1967353 ], [ 69.1581649, 41.1966984 ], [ 69.1581578, 41.1965487 ], [ 69.1581085, 41.1963563 ], [ 69.1582627, 41.1963946 ], [ 69.1583901, 41.1963999 ], [ 69.1585547, 41.1962974 ], [ 69.1586962, 41.1962175 ], [ 69.1589758, 41.1964971 ] ] ] } },
{ "type": "Feature", "properties": { "osm_id": "w692930822", "kind": "cemetery" }, "geometry": { "type": "Polygon", "coordinates": [ [ [ 69.1586962, 41.1962175 ], [ 69.1589758, 41.1964971 ], [ 69.1594015, 41.1967094 ], [ 69.1596014, 41.1964775 ], [ 69.1595322, 41.196311 ], [ 69.1595894, 41.1962821 ], [ 69.1593298, 41.1958673 ], [ 69.159226, 41.1959325 ], [ 69.1591298, 41.1959898 ], [ 69.1586962, 41.1962175 ] ] ] } },
{ "type": "Feature", "properties": { "osm_id": "w692930823", "kind": "cemetery" }, "geometry": { "type": "Polygon", "coordinates": [ [ [ 69.1586962, 41.1962175 ], [ 69.1585547, 41.1962974 ], [ 69.1583901, 41.1963999 ], [ 69.1582627, 41.1963946 ], [ 69.1581085, 41.1963563 ], [ 69.1580654, 41.1962126 ], [ 69.1580558, 41.1961479 ], [ 69.1580269, 41.1960664 ], [ 69.1580298, 41.1959838 ], [ 69.1580182, 41.1959349 ], [ 69.1579807, 41.195906 ], [ 69.1580849, 41.1958395 ], [ 69.1579936, 41.1957586 ], [ 69.1578894, 41.1958252 ], [ 69.1578392, 41.1958088 ], [ 69.1577882, 41.1957955 ], [ 69.1579041, 41.1957142 ], [ 69.1581076, 41.1956596 ], [ 69.1582363, 41.1956511 ], [ 69.1583713, 41.1956423 ], [ 69.1585801, 41.1956556 ], [ 69.1588685, 41.1956875 ], [ 69.1590349, 41.1957475 ], [ 69.1591375, 41.195838 ], [ 69.1591463, 41.1959232 ], [ 69.1591298, 41.1959898 ], [ 69.1586962, 41.1962175 ] ] ] } },
{ "type": "Feature", "properties": { "osm_id": "w692930828", "kind": "cemetery" }, "geometry": { "type": "Polygon", "coordinates": [ [ [ 69.1589216, 41.1952148 ], [ 69.1589002, 41.1951972 ], [ 69.158859, 41.1952187 ], [ 69.1588109, 41.1951675 ], [ 69.1578725, 41.1955074 ], [ 69.1573559, 41.1957595 ], [ 69.1575307, 41.1959312 ], [ 69.1577882, 41.1957955 ], [ 69.1578085, 41.1957847 ], [ 69.1579041, 41.1957142 ], [ 69.1581076, 41.1956596 ], [ 69.1582363, 41.1956511 ], [ 69.1583397, 41.1955782 ], [ 69.1584272, 41.1954959 ], [ 69.158563, 41.1953905 ], [ 69.1586899, 41.1953213 ], [ 69.1588234, 41.1952834 ], [ 69.1589216, 41.1952148 ] ] ] } },
{ "type": "Feature", "properties": { "osm_id": "w692930829", "kind": "cemetery" }, "geometry": { "type": "Polygon", "coordinates": [ [ [ 69.1589216, 41.1952148 ], [ 69.1589372, 41.1952398 ], [ 69.1593298, 41.1958673 ], [ 69.159226, 41.1959325 ], [ 69.1591298, 41.1959898 ], [ 69.1591463, 41.1959232 ], [ 69.1591375, 41.195838 ], [ 69.1590349, 41.1957475 ], [ 69.1588685, 41.1956875 ], [ 69.1585801, 41.1956556 ], [ 69.1583713, 41.1956423 ], [ 69.1582363, 41.1956511 ], [ 69.1583397, 41.1955782 ], [ 69.1584272, 41.1954959 ], [ 69.158563, 41.1953905 ], [ 69.1586899, 41.1953213 ], [ 69.1588234, 41.1952834 ], [ 69.1589216, 41.1952148 ] ] ] } },
{ "type": "Feature", "properties": { "osm_id": "w692930831", "kind": "cemetery" }, "geometry": { "type": "Polygon", "coordinates": [ [ [ 69.1598218, 41.1956216 ], [ 69.1601609, 41.1959962 ], [ 69.1595894, 41.1962821 ], [ 69.1593298, 41.1958673 ], [ 69.1594512, 41.1957859 ], [ 69.1598218, 41.1956216 ] ] ] } },
{ "type": "Feature", "properties": { "osm_id": "w692930832", "kind": "cemetery" }, "geometry": { "type": "Polygon", "coordinates": [ [ [ 69.1592936, 41.1950382 ], [ 69.1598218, 41.1956216 ], [ 69.1594512, 41.1957859 ], [ 69.1593298, 41.1958673 ], [ 69.1589372, 41.1952398 ], [ 69.1589721, 41.195209 ], [ 69.1592936, 41.1950382 ] ] ] } },
{ "type": "Feature", "properties": { "osm_id": "w705164868", "kind": "industrial" }, "geometry": { "type": "Polygon", "coordinates": [ [ [ 69.3246033, 41.1555308 ], [ 69.3250166, 41.1560426 ], [ 69.3259017, 41.1557882 ], [ 69.3249361, 41.1541917 ], [ 69.3238029, 41.1545431 ], [ 69.3242736, 41.1550672 ], [ 69.3246033, 41.1555308 ] ] ] } },
{ "type": "Feature", "properties": { "osm_id": "w708387647", "kind": "industrial" }, "geometry": { "type": "Polygon", "coordinates": [ [ [ 69.3892099, 41.255768 ], [ 69.3877921, 41.2569363 ], [ 69.3860588, 41.2557169 ], [ 69.3853209, 41.2554127 ], [ 69.3847172, 41.2553516 ], [ 69.3842295, 41.2551013 ], [ 69.3845844, 41.2547602 ], [ 69.3843086, 41.2545417 ], [ 69.3856746, 41.253423 ], [ 69.3861432, 41.2535719 ], [ 69.3870365, 41.2541776 ], [ 69.3869316, 41.2543111 ], [ 69.388117, 41.2551513 ], [ 69.3892099, 41.255768 ] ] ] } },
{ "type": "Feature", "properties": { "osm_id": "w708402066", "kind": "industrial" }, "geometry": { "type": "Polygon", "coordinates": [ [ [ 69.42991, 41.2892965 ], [ 69.4315762, 41.2882319 ], [ 69.4326995, 41.2892499 ], [ 69.4321641, 41.2895733 ], [ 69.4320932, 41.2895751 ], [ 69.4309549, 41.2902867 ], [ 69.4305901, 41.2899772 ], [ 69.4305377, 41.2900074 ], [ 69.4303355, 41.2898327 ], [ 69.4303523, 41.289796 ], [ 69.429811, 41.2893563 ], [ 69.4298517, 41.2893022 ], [ 69.42991, 41.2892965 ] ] ] } },
{ "type": "Feature", "properties": { "osm_id": "w720871897", "kind": "cemetery" }, "geometry": { "type": "Polygon", "coordinates": [ [ [ 69.4133029, 41.2991415 ], [ 69.413587, 41.2989129 ], [ 69.4137999, 41.2990474 ], [ 69.4139351, 41.2992049 ], [ 69.4141818, 41.2994994 ], [ 69.4144927, 41.2997558 ], [ 69.4150773, 41.3000198 ], [ 69.4152159, 41.3001645 ], [ 69.4153807, 41.3005879 ], [ 69.415842, 41.3010715 ], [ 69.4159466, 41.3011762 ], [ 69.4168264, 41.3017949 ], [ 69.4170171, 41.3019007 ], [ 69.4172592, 41.3021115 ], [ 69.4174084, 41.3023006 ], [ 69.4175023, 41.3026411 ], [ 69.4166279, 41.3035277 ], [ 69.4155738, 41.3029515 ], [ 69.415268, 41.3028608 ], [ 69.4149542, 41.3027217 ], [ 69.4147691, 41.3026049 ], [ 69.4146162, 41.302216 ], [ 69.4144124, 41.301676 ], [ 69.4142756, 41.301275 ], [ 69.4142595, 41.3010795 ], [ 69.4139376, 41.3008357 ], [ 69.4136962, 41.3006544 ], [ 69.413428, 41.3003763 ], [ 69.4134414, 41.3002856 ], [ 69.4137901, 41.3000075 ], [ 69.4138786, 41.2999088 ], [ 69.4137255, 41.2995803 ], [ 69.4135361, 41.2993593 ], [ 69.4133029, 41.2991415 ] ] ] } },
{ "type": "Feature", "properties": { "osm_id": "w720877087", "kind": "industrial" }, "geometry": { "type": "Polygon", "coordinates": [ [ [ 69.34901, 41.3075542 ], [ 69.3493628, 41.3075694 ], [ 69.3505561, 41.3077481 ], [ 69.3516978, 41.3079137 ], [ 69.3517274, 41.3081737 ], [ 69.351603, 41.3086169 ], [ 69.3502753, 41.3086487 ], [ 69.3502242, 41.3086729 ], [ 69.3496819, 41.3089636 ], [ 69.34901, 41.3075542 ] ] ] } },
{ "type": "Feature", "properties": { "osm_id": "w721114469", "kind": "cemetery" }, "geometry": { "type": "Polygon", "coordinates": [ [ [ 69.5851592, 41.4220509 ], [ 69.584154, 41.4223793 ], [ 69.5838901, 41.4226804 ], [ 69.5838143, 41.4230678 ], [ 69.583848, 41.4232047 ], [ 69.5840614, 41.4235057 ], [ 69.584564, 41.4238784 ], [ 69.5850694, 41.4241079 ], [ 69.5855327, 41.42399 ], [ 69.5855299, 41.423731 ], [ 69.5857545, 41.42367 ], [ 69.5859482, 41.4234994 ], [ 69.5860802, 41.4234678 ], [ 69.5851592, 41.4220509 ] ] ] } },
{ "type": "Feature", "properties": { "osm_id": "w721263218", "kind": "industrial" }, "geometry": { "type": "Polygon", "coordinates": [ [ [ 69.3848922, 41.3208014 ], [ 69.3856312, 41.3201538 ], [ 69.3876694, 41.321108 ], [ 69.3870013, 41.3218633 ], [ 69.3848922, 41.3208014 ] ] ] } },
{ "type": "Feature", "properties": { "osm_id": "w721266512", "kind": "industrial" }, "geometry": { "type": "Polygon", "coordinates": [ [ [ 69.3945238, 41.3392378 ], [ 69.3948562, 41.3397819 ], [ 69.3951364, 41.339995 ], [ 69.3962017, 41.3403249 ], [ 69.3966853, 41.3401926 ], [ 69.3968322, 41.3400567 ], [ 69.396907, 41.3400679 ], [ 69.3972207, 41.339636 ], [ 69.3962271, 41.3392939 ], [ 69.3962458, 41.3392378 ], [ 69.3952895, 41.338876 ], [ 69.3945238, 41.3392378 ] ] ] } },
{ "type": "Feature", "properties": { "osm_id": "w722419354", "kind": "industrial" }, "geometry": { "type": "Polygon", "coordinates": [ [ [ 69.3450639, 41.3030746 ], [ 69.3457134, 41.3028234 ], [ 69.3456971, 41.3028034 ], [ 69.3454185, 41.3024191 ], [ 69.345173, 41.3021005 ], [ 69.3449722, 41.3022024 ], [ 69.344641, 41.3024868 ], [ 69.3450639, 41.3030746 ] ] ] } },
{ "type": "Feature", "properties": { "osm_id": "w722419357", "kind": "industrial" }, "geometry": { "type": "Polygon", "coordinates": [ [ [ 69.3503231, 41.3026031 ], [ 69.3505601, 41.3028117 ], [ 69.3507671, 41.3029966 ], [ 69.3518401, 41.3023084 ], [ 69.3514219, 41.3019112 ], [ 69.3503231, 41.3026031 ] ] ] } },
{ "type": "Feature", "properties": { "osm_id": "w722419364", "kind": "industrial" }, "geometry": { "type": "Polygon", "coordinates": [ [ [ 69.3541088, 41.3060826 ], [ 69.3545627, 41.3058455 ], [ 69.3555618, 41.305374 ], [ 69.3556165, 41.3053564 ], [ 69.3550836, 41.3047623 ], [ 69.353664, 41.3054405 ], [ 69.3535605, 41.3054973 ], [ 69.3534765, 41.305533 ], [ 69.3541088, 41.3060826 ] ] ] } },
{ "type": "Feature", "properties": { "osm_id": "w722475297", "kind": "industrial" }, "geometry": { "type": "Polygon", "coordinates": [ [ [ 69.3525071, 41.3062323 ], [ 69.352484, 41.3062716 ], [ 69.3525113, 41.3062941 ], [ 69.3530655, 41.3062469 ], [ 69.3538599, 41.306128 ], [ 69.3538981, 41.3060911 ], [ 69.3534323, 41.3056607 ], [ 69.3534539, 41.3057451 ], [ 69.3534409, 41.3058783 ], [ 69.3531642, 41.3060472 ], [ 69.3525071, 41.3062323 ] ] ] } },
{ "type": "Feature", "properties": { "osm_id": "w722475300", "kind": "industrial" }, "geometry": { "type": "Polygon", "coordinates": [ [ [ 69.3477544, 41.3052003 ], [ 69.3477985, 41.305287 ], [ 69.3491642, 41.3048477 ], [ 69.3495886, 41.3055377 ], [ 69.3496532, 41.3056293 ], [ 69.3497585, 41.3057723 ], [ 69.3504301, 41.3054826 ], [ 69.350572, 41.3054222 ], [ 69.3506055, 41.3054081 ], [ 69.3506516, 41.305381 ], [ 69.3498409, 41.3045373 ], [ 69.3497751, 41.3044749 ], [ 69.3495911, 41.3045813 ], [ 69.3490804, 41.3047742 ], [ 69.3487897, 41.3048222 ], [ 69.3487631, 41.3047718 ], [ 69.3481779, 41.3050312 ], [ 69.3477544, 41.3052003 ] ] ] } },
{ "type": "Feature", "properties": { "osm_id": "w722475303", "kind": "industrial" }, "geometry": { "type": "Polygon", "coordinates": [ [ [ 69.3459332, 41.3027536 ], [ 69.3459955, 41.3028686 ], [ 69.3471636, 41.302421 ], [ 69.3474039, 41.3024444 ], [ 69.347734, 41.3024765 ], [ 69.3478135, 41.3024344 ], [ 69.347889, 41.3023949 ], [ 69.3476374, 41.302163 ], [ 69.3474481, 41.3019938 ], [ 69.3473671, 41.3019214 ], [ 69.3473156, 41.3019449 ], [ 69.3472413, 41.3019633 ], [ 69.3469812, 41.3020277 ], [ 69.3466166, 41.3021219 ], [ 69.3459086, 41.3023056 ], [ 69.345788, 41.3023366 ], [ 69.3456497, 41.3023721 ], [ 69.3457603, 41.302573 ], [ 69.345813, 41.3025554 ], [ 69.3459332, 41.3027536 ] ] ] } },
{ "type": "Feature", "properties": { "osm_id": "w722475304", "kind": "industrial" }, "geometry": { "type": "Polygon", "coordinates": [ [ [ 69.3473671, 41.3019214 ], [ 69.3473158, 41.3018756 ], [ 69.3472633, 41.3018274 ], [ 69.347127, 41.3017019 ], [ 69.3470837, 41.3016621 ], [ 69.3470212, 41.3015853 ], [ 69.3467222, 41.301317 ], [ 69.3470285, 41.3011001 ], [ 69.346652, 41.3008 ], [ 69.3463969, 41.3006151 ], [ 69.3460078, 41.3008726 ], [ 69.3456921, 41.3010862 ], [ 69.345486, 41.3012541 ], [ 69.3451249, 41.3016193 ], [ 69.3453716, 41.3019616 ], [ 69.3453906, 41.3019903 ], [ 69.3456497, 41.3023721 ], [ 69.345788, 41.3023366 ], [ 69.3459086, 41.3023056 ], [ 69.3466166, 41.3021219 ], [ 69.3469812, 41.3020277 ], [ 69.3472413, 41.3019633 ], [ 69.3473156, 41.3019449 ], [ 69.3473671, 41.3019214 ] ] ] } },
{ "type": "Feature", "properties": { "osm_id": "w725449058", "kind": "industrial" }, "geometry": { "type": "Polygon", "coordinates": [ [ [ 69.3096063, 41.2977559 ], [ 69.3094417, 41.2974298 ], [ 69.3092771, 41.2971037 ], [ 69.313797, 41.295444 ], [ 69.3181104, 41.2942903 ], [ 69.318305, 41.2945557 ], [ 69.3174429, 41.2950077 ], [ 69.3172034, 41.2950639 ], [ 69.3172154, 41.295093 ], [ 69.3172274, 41.2951224 ], [ 69.3167843, 41.2953383 ], [ 69.3165568, 41.295435 ], [ 69.313788, 41.2963593 ], [ 69.3096063, 41.2977559 ] ] ] } },
{ "type": "Feature", "properties": { "osm_id": "w729438789", "kind": "industrial" }, "geometry": { "type": "Polygon", "coordinates": [ [ [ 69.3228704, 41.2905315 ], [ 69.3228246, 41.2905064 ], [ 69.322233, 41.289933 ], [ 69.3222279, 41.2898829 ], [ 69.3221869, 41.2898656 ], [ 69.322146, 41.289804 ], [ 69.3230987, 41.2894467 ], [ 69.3234287, 41.2896461 ], [ 69.3237498, 41.2900004 ], [ 69.323718, 41.2900196 ], [ 69.3236433, 41.2900581 ], [ 69.3228704, 41.2905315 ] ] ] } },
{ "type": "Feature", "properties": { "osm_id": "w729438790", "kind": "industrial" }, "geometry": { "type": "Polygon", "coordinates": [ [ [ 69.3133777, 41.2945786 ], [ 69.3137885, 41.2947348 ], [ 69.3135906, 41.2949141 ], [ 69.3135269, 41.2949718 ], [ 69.312984, 41.2951023 ], [ 69.3125927, 41.2950729 ], [ 69.3121403, 41.2949755 ], [ 69.3123604, 41.2947421 ], [ 69.3131307, 41.2946007 ], [ 69.3133777, 41.2945786 ] ] ] } },
{ "type": "Feature", "properties": { "osm_id": "w729438791", "kind": "industrial" }, "geometry": { "type": "Polygon", "coordinates": [ [ [ 69.3105944, 41.2957408 ], [ 69.3105721, 41.2956287 ], [ 69.3111802, 41.2954764 ], [ 69.3120221, 41.2953241 ], [ 69.3119798, 41.2951484 ], [ 69.3121403, 41.2949755 ], [ 69.3123604, 41.2947421 ], [ 69.3131307, 41.2946007 ], [ 69.3133777, 41.2945786 ], [ 69.3137885, 41.2947348 ], [ 69.3135906, 41.2949141 ], [ 69.313775, 41.2950747 ], [ 69.3137804, 41.2950928 ], [ 69.3138196, 41.2952237 ], [ 69.3124787, 41.2954563 ], [ 69.3108795, 41.2957107 ], [ 69.3105944, 41.2957408 ] ] ] } },
{ "type": "Feature", "properties": { "osm_id": "w729438793", "kind": "industrial" }, "geometry": { "type": "Polygon", "coordinates": [ [ [ 69.3020909, 41.2953858 ], [ 69.3044258, 41.2961587 ], [ 69.3052267, 41.2964369 ], [ 69.3058042, 41.2965661 ], [ 69.3060967, 41.2965694 ], [ 69.306057, 41.2969481 ], [ 69.3064097, 41.2969591 ], [ 69.3067227, 41.2969227 ], [ 69.3079468, 41.2965694 ], [ 69.3078895, 41.2963894 ], [ 69.3078791, 41.2963574 ], [ 69.3078603, 41.2962994 ], [ 69.307853, 41.2962679 ], [ 69.3078438, 41.2962126 ], [ 69.3078401, 41.29619 ], [ 69.3078366, 41.2961686 ], [ 69.3075103, 41.2961333 ], [ 69.3069887, 41.2960483 ], [ 69.3066918, 41.2959246 ], [ 69.3063538, 41.2957546 ], [ 69.3049402, 41.29491 ], [ 69.304323, 41.2946406 ], [ 69.3027785, 41.2941051 ], [ 69.3027227, 41.2941184 ], [ 69.3022142, 41.2949541 ], [ 69.3023068, 41.2950524 ], [ 69.3020909, 41.2953858 ] ] ] } },
{ "type": "Feature", "properties": { "osm_id": "w730228990", "kind": "cemetery" }, "geometry": { "type": "Polygon", "coordinates": [ [ [ 69.2195515, 41.1661096 ], [ 69.2202021, 41.1656188 ], [ 69.2203146, 41.1654861 ], [ 69.2214644, 41.1660097 ], [ 69.2227685, 41.166548 ], [ 69.2223378, 41.1670967 ], [ 69.2222266, 41.1672522 ], [ 69.2219863, 41.1676273 ], [ 69.2219566, 41.1676549 ], [ 69.2219276, 41.1676816 ], [ 69.2213969, 41.1671864 ], [ 69.2207717, 41.1675925 ], [ 69.2207544, 41.1676004 ], [ 69.2204174, 41.1672329 ], [ 69.2200863, 41.166849 ], [ 69.2198336, 41.1668536 ], [ 69.2197934, 41.1668155 ], [ 69.2197618, 41.1663323 ], [ 69.2196258, 41.166225 ], [ 69.2195515, 41.1661096 ] ] ] } },
{ "type": "Feature", "properties": { "osm_id": "w733836235", "kind": "industrial" }, "geometry": { "type": "Polygon", "coordinates": [ [ [ 69.3589654, 41.2607939 ], [ 69.358269, 41.2605251 ], [ 69.3584126, 41.2603348 ], [ 69.3570648, 41.2593113 ], [ 69.3574445, 41.2585784 ], [ 69.3580233, 41.2580994 ], [ 69.3578068, 41.2579077 ], [ 69.3579579, 41.2577869 ], [ 69.3581591, 41.2576261 ], [ 69.3585026, 41.2577856 ], [ 69.3587688, 41.2574347 ], [ 69.3589716, 41.2573568 ], [ 69.3600849, 41.2588544 ], [ 69.3600281, 41.2588863 ], [ 69.3594599, 41.2592372 ], [ 69.3595365, 41.259318 ], [ 69.3595683, 41.2592896 ], [ 69.3604225, 41.26003 ], [ 69.3601092, 41.2605273 ], [ 69.359524, 41.2609927 ], [ 69.3589654, 41.2607939 ] ] ] } },
{ "type": "Feature", "properties": { "osm_id": "w733836236", "kind": "industrial" }, "geometry": { "type": "Polygon", "coordinates": [ [ [ 69.3613369, 41.2608599 ], [ 69.3614022, 41.2609117 ], [ 69.360209, 41.259042 ], [ 69.3601538, 41.2589717 ], [ 69.360095, 41.258969 ], [ 69.3598507, 41.2590741 ], [ 69.3595476, 41.2592803 ], [ 69.3603964, 41.2599869 ], [ 69.3613369, 41.2608599 ] ] ] } },
{ "type": "Feature", "properties": { "osm_id": "w734098827", "kind": "industrial" }, "geometry": { "type": "Polygon", "coordinates": [ [ [ 69.4225646, 41.3321096 ], [ 69.423595, 41.3333703 ], [ 69.4229467, 41.3337533 ], [ 69.420761, 41.334703 ], [ 69.420056, 41.3339555 ], [ 69.4198039, 41.3333138 ], [ 69.4196876, 41.3327346 ], [ 69.4200206, 41.3327133 ], [ 69.4199666, 41.3325902 ], [ 69.4206841, 41.3324575 ], [ 69.4218859, 41.3322372 ], [ 69.4225646, 41.3321096 ] ] ] } },
{ "type": "Feature", "properties": { "osm_id": "w734109274", "kind": "industrial" }, "geometry": { "type": "Polygon", "coordinates": [ [ [ 69.4258503, 41.3470379 ], [ 69.428024, 41.3461265 ], [ 69.4276592, 41.3456514 ], [ 69.4254836, 41.3465492 ], [ 69.4258503, 41.3470379 ] ] ] } },
{ "type": "Feature", "properties": { "osm_id": "w739083095", "kind": "cemetery" }, "geometry": { "type": "Polygon", "coordinates": [ [ [ 69.4791732, 41.2823644 ], [ 69.4793476, 41.2821709 ], [ 69.4797687, 41.2820479 ], [ 69.4800852, 41.2819834 ], [ 69.4803722, 41.2821386 ], [ 69.4805653, 41.2824369 ], [ 69.4800664, 41.2828602 ], [ 69.4798572, 41.2829046 ], [ 69.4797231, 41.2829106 ], [ 69.4795031, 41.2828259 ], [ 69.4793181, 41.2826748 ], [ 69.4791974, 41.2825236 ], [ 69.4791732, 41.2823644 ] ] ] } },
{ "type": "Feature", "properties": { "osm_id": "w741278329", "kind": "industrial" }, "geometry": { "type": "Polygon", "coordinates": [ [ [ 69.4505072, 41.3456067 ], [ 69.4504524, 41.3456304 ], [ 69.4449088, 41.3511921 ], [ 69.4433471, 41.3527642 ], [ 69.4423371, 41.3537597 ], [ 69.4414432, 41.3558783 ], [ 69.4412472, 41.3566038 ], [ 69.4408754, 41.3573445 ], [ 69.4397163, 41.3598226 ], [ 69.4403989, 41.3609387 ], [ 69.4395575, 41.3620242 ], [ 69.4387194, 41.3631225 ], [ 69.4379827, 41.3640305 ], [ 69.4368844, 41.3646823 ], [ 69.4365465, 41.3646925 ], [ 69.4361105, 41.3644744 ], [ 69.4369988, 41.3638645 ], [ 69.4366046, 41.3636039 ], [ 69.4369224, 41.3631005 ], [ 69.4383051, 41.3610382 ], [ 69.4386698, 41.360442 ], [ 69.4378343, 41.3597177 ], [ 69.4395684, 41.3559309 ], [ 69.4406939, 41.3532929 ], [ 69.4408107, 41.353168 ], [ 69.4408036, 41.3529528 ], [ 69.4410217, 41.3527482 ], [ 69.4411298, 41.3526488 ], [ 69.4411929, 41.3526792 ], [ 69.4441526, 41.3495881 ], [ 69.4473407, 41.3465408 ], [ 69.4479989, 41.3462307 ], [ 69.4498176, 41.3455491 ], [ 69.4505072, 41.3456067 ] ] ] } },
{ "type": "Feature", "properties": { "osm_id": "w745700766", "kind": "garages" }, "geometry": { "type": "Polygon", "coordinates": [ [ [ 69.229173, 41.286824 ], [ 69.22879, 41.2870595 ], [ 69.2285271, 41.2868181 ], [ 69.2289101, 41.2865826 ], [ 69.2289586, 41.2866271 ], [ 69.2289911, 41.2866569 ], [ 69.2291272, 41.286782 ], [ 69.229173, 41.286824 ] ] ] } },
{ "type": "Feature", "properties": { "osm_id": "w746748853", "kind": "industrial" }, "geometry": { "type": "Polygon", "coordinates": [ [ [ 69.1466403, 41.3073827 ], [ 69.1465626, 41.3073807 ], [ 69.146508, 41.3073351 ], [ 69.1462769, 41.3065244 ], [ 69.1474517, 41.3063451 ], [ 69.1474544, 41.3059501 ], [ 69.1484576, 41.3059501 ], [ 69.148479, 41.306337 ], [ 69.1483583, 41.3069334 ], [ 69.1478997, 41.3071298 ], [ 69.1471714, 41.3072316 ], [ 69.1471848, 41.307296 ], [ 69.1466403, 41.3073827 ] ] ] } },
{ "type": "Feature", "properties": { "osm_id": "w750132361", "kind": "cemetery" }, "geometry": { "type": "Polygon", "coordinates": [ [ [ 69.5014063, 41.2452121 ], [ 69.5027855, 41.2448811 ], [ 69.502986, 41.245521 ], [ 69.5032795, 41.2459255 ], [ 69.5019981, 41.2464808 ], [ 69.5014063, 41.2452121 ] ] ] } },
{ "type": "Feature", "properties": { "osm_id": "w753393634", "kind": "industrial" }, "geometry": { "type": "Polygon", "coordinates": [ [ [ 69.238855, 41.254963 ], [ 69.2384979, 41.2549259 ], [ 69.2384255, 41.254936 ], [ 69.2379078, 41.2553816 ], [ 69.2378676, 41.2553877 ], [ 69.237846, 41.2554087 ], [ 69.2376557, 41.2555933 ], [ 69.2376396, 41.2556357 ], [ 69.2376342, 41.2556942 ], [ 69.2358559, 41.2570129 ], [ 69.2361107, 41.257267 ], [ 69.2360275, 41.2573265 ], [ 69.2359444, 41.2573859 ], [ 69.2357862, 41.2575291 ], [ 69.2359123, 41.2578638 ], [ 69.2364621, 41.2577831 ], [ 69.2366391, 41.2588498 ], [ 69.2367169, 41.2588478 ], [ 69.2367893, 41.2588861 ], [ 69.236843, 41.2591926 ], [ 69.2368403, 41.259491 ], [ 69.2367706, 41.259499 ], [ 69.2363266, 41.2601339 ], [ 69.2362441, 41.2608423 ], [ 69.2365808, 41.26185 ], [ 69.2365681, 41.2619494 ], [ 69.2371341, 41.2619251 ], [ 69.2371443, 41.2619729 ], [ 69.2372873, 41.2619418 ], [ 69.2380427, 41.2613969 ], [ 69.238197, 41.2602283 ], [ 69.2383462, 41.2590989 ], [ 69.2383069, 41.259045 ], [ 69.2384659, 41.2577209 ], [ 69.238796, 41.255358 ], [ 69.238855, 41.254963 ] ] ] } },
{ "type": "Feature", "properties": { "osm_id": "w757231263", "kind": "cemetery" }, "geometry": { "type": "Polygon", "coordinates": [ [ [ 69.2903531, 41.2265384 ], [ 69.290455, 41.2264456 ], [ 69.2904013, 41.2263628 ], [ 69.2904657, 41.2261833 ], [ 69.2906561, 41.2262136 ], [ 69.2912167, 41.2265162 ], [ 69.2914957, 41.2266957 ], [ 69.2916191, 41.2268652 ], [ 69.2912891, 41.2271738 ], [ 69.2903531, 41.2265384 ] ] ] } },
{ "type": "Feature", "properties": { "osm_id": "w770381723", "kind": "industrial" }, "geometry": { "type": "Polygon", "coordinates": [ [ [ 69.3599349, 41.2380014 ], [ 69.3610098, 41.2385644 ], [ 69.3620773, 41.2372656 ], [ 69.3609728, 41.2367499 ], [ 69.3599349, 41.2380014 ] ] ] } },
{ "type": "Feature", "properties": { "osm_id": "w770427938", "kind": "industrial" }, "geometry": { "type": "Polygon", "coordinates": [ [ [ 69.3396813, 41.2184597 ], [ 69.3410113, 41.2185479 ], [ 69.3411623, 41.2169609 ], [ 69.3415765, 41.2169796 ], [ 69.3416391, 41.2163851 ], [ 69.3400141, 41.2162858 ], [ 69.3396813, 41.2184597 ] ] ] } },
{ "type": "Feature", "properties": { "osm_id": "w770427941", "kind": "industrial" }, "geometry": { "type": "Polygon", "coordinates": [ [ [ 69.3487506, 41.2307215 ], [ 69.3485086, 41.2304433 ], [ 69.3473599, 41.2295072 ], [ 69.3472186, 41.2294245 ], [ 69.3463702, 41.2287126 ], [ 69.3457635, 41.2295281 ], [ 69.3456904, 41.2299485 ], [ 69.3453365, 41.2315646 ], [ 69.3452045, 41.2315477 ], [ 69.3450275, 41.231797 ], [ 69.3453618, 41.232042 ], [ 69.345359, 41.2322068 ], [ 69.3456876, 41.2322448 ], [ 69.3458702, 41.2322258 ], [ 69.3460697, 41.2320547 ], [ 69.3465093, 41.2323617 ], [ 69.3478028, 41.2313808 ], [ 69.3487506, 41.2307215 ] ] ] } },
{ "type": "Feature", "properties": { "osm_id": "w775684893", "kind": "industrial" }, "geometry": { "type": "Polygon", "coordinates": [ [ [ 69.3739238, 41.1999962 ], [ 69.3758586, 41.1986965 ], [ 69.3769409, 41.1979603 ], [ 69.3785051, 41.1972797 ], [ 69.3782308, 41.1963315 ], [ 69.3770966, 41.1948644 ], [ 69.3760439, 41.1934866 ], [ 69.3729156, 41.1954278 ], [ 69.3723003, 41.1959801 ], [ 69.3724337, 41.1968 ], [ 69.3728192, 41.1970734 ], [ 69.3718926, 41.1989754 ], [ 69.3739238, 41.1999962 ] ] ] } },
{ "type": "Feature", "properties": { "osm_id": "w779481081", "kind": "industrial" }, "geometry": { "type": "Polygon", "coordinates": [ [ [ 69.2487032, 41.3554125 ], [ 69.2484445, 41.3554702 ], [ 69.2480891, 41.3544835 ], [ 69.2479272, 41.354048 ], [ 69.2487884, 41.3538831 ], [ 69.2489405, 41.354339 ], [ 69.249705, 41.3541863 ], [ 69.2497534, 41.3543579 ], [ 69.2501381, 41.3555422 ], [ 69.2499526, 41.3555837 ], [ 69.2499211, 41.3554892 ], [ 69.2488115, 41.3557118 ], [ 69.2487032, 41.3554125 ] ] ] } },
{ "type": "Feature", "properties": { "osm_id": "w782380571", "kind": "military" }, "geometry": { "type": "Polygon", "coordinates": [ [ [ 69.2655298, 41.3313927 ], [ 69.2654751, 41.331393 ], [ 69.2650028, 41.3313956 ], [ 69.2641582, 41.3314002 ], [ 69.2641606, 41.3313722 ], [ 69.2641557, 41.331118 ], [ 69.2641579, 41.3310239 ], [ 69.2642707, 41.3310253 ], [ 69.2642722, 41.3309606 ], [ 69.2643578, 41.3309625 ], [ 69.2644208, 41.3309639 ], [ 69.2644833, 41.3309653 ], [ 69.2644817, 41.3310049 ], [ 69.2648746, 41.3310137 ], [ 69.2648762, 41.3309741 ], [ 69.2649635, 41.3309761 ], [ 69.2649658, 41.3309172 ], [ 69.2649682, 41.3308568 ], [ 69.2655355, 41.3308689 ], [ 69.2655342, 41.3309885 ], [ 69.2655298, 41.3313927 ] ] ] } },
{ "type": "Feature", "properties": { "osm_id": "w783092380", "kind": "industrial" }, "geometry": { "type": "Polygon", "coordinates": [ [ [ 69.3284926, 41.2295546 ], [ 69.3288954, 41.2298427 ], [ 69.3292516, 41.2295718 ], [ 69.3287181, 41.229105 ], [ 69.3285359, 41.2293186 ], [ 69.3284926, 41.2295546 ] ] ] } },
{ "type": "Feature", "properties": { "osm_id": "w785299033", "kind": "cemetery" }, "geometry": { "type": "Polygon", "coordinates": [ [ [ 69.5414814, 41.2998514 ], [ 69.5421711, 41.299862 ], [ 69.5424736, 41.2999029 ], [ 69.5426834, 41.2999726 ], [ 69.5427902, 41.3000604 ], [ 69.5428407, 41.300015 ], [ 69.5429435, 41.3000695 ], [ 69.542883, 41.3010483 ], [ 69.5423466, 41.3009983 ], [ 69.5423546, 41.3008786 ], [ 69.5422659, 41.3008589 ], [ 69.5422901, 41.3006771 ], [ 69.5422155, 41.3006407 ], [ 69.5425099, 41.3003438 ], [ 69.5422014, 41.3002529 ], [ 69.5414491, 41.3001695 ], [ 69.5414814, 41.2998514 ] ] ] } },
{ "type": "Feature", "properties": { "osm_id": "w785299034", "kind": "cemetery" }, "geometry": { "type": "Polygon", "coordinates": [ [ [ 69.5237924, 41.2918862 ], [ 69.524237, 41.291941 ], [ 69.5242714, 41.2926163 ], [ 69.5242222, 41.2931307 ], [ 69.5241977, 41.2933972 ], [ 69.5240045, 41.2940857 ], [ 69.523843, 41.29412 ], [ 69.5237939, 41.2941728 ], [ 69.5230916, 41.2939776 ], [ 69.5233268, 41.2935238 ], [ 69.5237924, 41.2918862 ] ] ] } },
{ "type": "Feature", "properties": { "osm_id": "w785931443", "kind": "industrial" }, "geometry": { "type": "Polygon", "coordinates": [ [ [ 69.2521092, 41.244988 ], [ 69.2538434, 41.2449774 ], [ 69.2538434, 41.2460866 ], [ 69.2520902, 41.246083 ], [ 69.2521375, 41.2456401 ], [ 69.2521092, 41.244988 ] ] ] } },
{ "type": "Feature", "properties": { "osm_id": "w785933226", "kind": "industrial" }, "geometry": { "type": "Polygon", "coordinates": [ [ [ 69.2567154, 41.2487496 ], [ 69.2534411, 41.249148 ], [ 69.253082, 41.2490167 ], [ 69.2530446, 41.2490821 ], [ 69.2525304, 41.2488419 ], [ 69.2527481, 41.2486606 ], [ 69.2526453, 41.2480389 ], [ 69.2525634, 41.2479359 ], [ 69.2523638, 41.2460936 ], [ 69.2538564, 41.246098 ], [ 69.2538539, 41.2449791 ], [ 69.2560542, 41.244921 ], [ 69.2562515, 41.2460615 ], [ 69.25652, 41.2476149 ], [ 69.2565466, 41.247769 ], [ 69.2567154, 41.2487496 ] ] ] } },
{ "type": "Feature", "properties": { "osm_id": "w785933227", "kind": "industrial" }, "geometry": { "type": "Polygon", "coordinates": [ [ [ 69.256234, 41.2497946 ], [ 69.2568297, 41.2493991 ], [ 69.2567413, 41.2488949 ], [ 69.2567376, 41.2488739 ], [ 69.2567179, 41.2487616 ], [ 69.2556083, 41.248891 ], [ 69.255674, 41.2493756 ], [ 69.2561779, 41.2498339 ], [ 69.256234, 41.2497946 ] ] ] } },
{ "type": "Feature", "properties": { "osm_id": "w785933228", "kind": "industrial" }, "geometry": { "type": "Polygon", "coordinates": [ [ [ 69.2561004, 41.2498789 ], [ 69.2559011, 41.2497077 ], [ 69.2559374, 41.249683 ], [ 69.2556956, 41.2494714 ], [ 69.2548996, 41.2499877 ], [ 69.2543266, 41.2495032 ], [ 69.2535619, 41.2492216 ], [ 69.2535351, 41.2491495 ], [ 69.2556034, 41.248891 ], [ 69.2556662, 41.2493763 ], [ 69.2561675, 41.2498309 ], [ 69.2561004, 41.2498789 ] ] ] } },
{ "type": "Feature", "properties": { "osm_id": "w785933229", "kind": "industrial" }, "geometry": { "type": "Polygon", "coordinates": [ [ [ 69.2510267, 41.246734 ], [ 69.2518328, 41.2474436 ], [ 69.25249, 41.2473887 ], [ 69.2523412, 41.2460941 ], [ 69.2518806, 41.2460857 ], [ 69.2518328, 41.2463137 ], [ 69.2517969, 41.2463538 ], [ 69.2517401, 41.2464172 ], [ 69.2515407, 41.2465292 ], [ 69.2510267, 41.246734 ] ] ] } },
{ "type": "Feature", "properties": { "osm_id": "w786125296", "kind": "industrial" }, "geometry": { "type": "Polygon", "coordinates": [ [ [ 69.2474964, 41.2458789 ], [ 69.2495934, 41.2458489 ], [ 69.2496326, 41.2466026 ], [ 69.2494286, 41.2466254 ], [ 69.24944, 41.2468889 ], [ 69.249327, 41.246901 ], [ 69.2492254, 41.247024 ], [ 69.2491357, 41.2470706 ], [ 69.2491404, 41.2472075 ], [ 69.2477346, 41.2472063 ], [ 69.2477312, 41.2468877 ], [ 69.2475136, 41.2468869 ], [ 69.2474964, 41.2458789 ] ] ] } },
{ "type": "Feature", "properties": { "osm_id": "w786125297", "kind": "industrial" }, "geometry": { "type": "Polygon", "coordinates": [ [ [ 69.2477223, 41.247223 ], [ 69.2491784, 41.2472156 ], [ 69.2496424, 41.2474962 ], [ 69.2496915, 41.2484636 ], [ 69.2491366, 41.2484525 ], [ 69.2491319, 41.2491067 ], [ 69.248469, 41.249207 ], [ 69.2477322, 41.2492186 ], [ 69.2477223, 41.247223 ] ] ] } },
{ "type": "Feature", "properties": { "osm_id": "w787883944", "kind": "industrial" }, "geometry": { "type": "Polygon", "coordinates": [ [ [ 69.251296, 41.2227155 ], [ 69.2512737, 41.2224308 ], [ 69.2536408, 41.2195085 ], [ 69.2540513, 41.2196937 ], [ 69.2562516, 41.2205091 ], [ 69.2553096, 41.2218263 ], [ 69.2553138, 41.2223668 ], [ 69.2540606, 41.224049 ], [ 69.2521612, 41.2232279 ], [ 69.251296, 41.2227155 ] ] ] } },
{ "type": "Feature", "properties": { "osm_id": "w789755214", "kind": "cemetery" }, "geometry": { "type": "Polygon", "coordinates": [ [ [ 69.5247177, 41.4104213 ], [ 69.5228928, 41.4094684 ], [ 69.523518, 41.4087232 ], [ 69.525353, 41.4097066 ], [ 69.5247177, 41.4104213 ] ] ] } },
{ "type": "Feature", "properties": { "osm_id": "w789783307", "kind": "cemetery" }, "geometry": { "type": "Polygon", "coordinates": [ [ [ 69.5578717, 41.4361045 ], [ 69.5595198, 41.4346139 ], [ 69.5598802, 41.434875 ], [ 69.5602972, 41.4353091 ], [ 69.5605037, 41.4356279 ], [ 69.5594874, 41.4366266 ], [ 69.5578717, 41.4361045 ] ] ] } },
{ "type": "Feature", "properties": { "osm_id": "w791659217", "kind": "cemetery" }, "geometry": { "type": "Polygon", "coordinates": [ [ [ 69.5320998, 41.3671894 ], [ 69.5336551, 41.3668843 ], [ 69.534265, 41.3664992 ], [ 69.5347716, 41.366383 ], [ 69.5354428, 41.3664871 ], [ 69.5356073, 41.3667293 ], [ 69.5356138, 41.3669545 ], [ 69.5353363, 41.3672015 ], [ 69.5351427, 41.3674171 ], [ 69.5347877, 41.3675817 ], [ 69.5344296, 41.3678263 ], [ 69.5340262, 41.36779 ], [ 69.5336809, 41.3677851 ], [ 69.5334196, 41.3676374 ], [ 69.5333421, 41.3674946 ], [ 69.5330904, 41.3673977 ], [ 69.5317901, 41.3672475 ], [ 69.5320998, 41.3671894 ] ] ] } },
{ "type": "Feature", "properties": { "osm_id": "w791659232", "kind": "industrial" }, "geometry": { "type": "Polygon", "coordinates": [ [ [ 69.5701993, 41.4276546 ], [ 69.5702939, 41.4277799 ], [ 69.5691144, 41.4282358 ], [ 69.5692709, 41.4287598 ], [ 69.5697244, 41.4297526 ], [ 69.5708585, 41.4307277 ], [ 69.5710112, 41.4307881 ], [ 69.5727454, 41.4315637 ], [ 69.5735378, 41.4319179 ], [ 69.5747169, 41.4317165 ], [ 69.5747557, 41.4317532 ], [ 69.575308, 41.4319655 ], [ 69.5758139, 41.4316038 ], [ 69.5753195, 41.4312434 ], [ 69.5752762, 41.4311108 ], [ 69.5757144, 41.4307847 ], [ 69.5756032, 41.4302902 ], [ 69.5753493, 41.4298239 ], [ 69.5752624, 41.4296081 ], [ 69.574965, 41.4294079 ], [ 69.5748144, 41.4293065 ], [ 69.5738517, 41.4286857 ], [ 69.5711317, 41.4269485 ], [ 69.5701993, 41.4276546 ] ] ] } },
{ "type": "Feature", "properties": { "osm_id": "w791659235", "kind": "industrial" }, "geometry": { "type": "Polygon", "coordinates": [ [ [ 69.5636486, 41.4203264 ], [ 69.56411, 41.4207353 ], [ 69.565575, 41.4198328 ], [ 69.5651297, 41.4194118 ], [ 69.5636486, 41.4203264 ] ] ] } },
{ "type": "Feature", "properties": { "osm_id": "w791775079", "kind": "industrial" }, "geometry": { "type": "Polygon", "coordinates": [ [ [ 69.5528706, 41.4034852 ], [ 69.5530764, 41.4033862 ], [ 69.5520283, 41.4019711 ], [ 69.5518381, 41.4012927 ], [ 69.5515003, 41.4007685 ], [ 69.5510345, 41.4004803 ], [ 69.5506463, 41.4004744 ], [ 69.5504949, 41.4002328 ], [ 69.5495283, 41.4000726 ], [ 69.5488995, 41.4000639 ], [ 69.5483094, 41.4000843 ], [ 69.5485035, 41.4004104 ], [ 69.5501261, 41.4014907 ], [ 69.550724, 41.4019158 ], [ 69.5511859, 41.4023059 ], [ 69.5528706, 41.4034852 ] ] ] } },
{ "type": "Feature", "properties": { "osm_id": "w791835501", "kind": "industrial" }, "geometry": { "type": "Polygon", "coordinates": [ [ [ 69.5556117, 41.4135111 ], [ 69.5560747, 41.4137909 ], [ 69.5574729, 41.4143674 ], [ 69.55871, 41.4149771 ], [ 69.5591004, 41.4146391 ], [ 69.558947, 41.4141443 ], [ 69.5581113, 41.4134234 ], [ 69.5577022, 41.4130087 ], [ 69.5570503, 41.4132548 ], [ 69.5561826, 41.4130559 ], [ 69.5556117, 41.4135111 ] ] ] } },
{ "type": "Feature", "properties": { "osm_id": "w792016175", "kind": "industrial" }, "geometry": { "type": "Polygon", "coordinates": [ [ [ 69.5462918, 41.4215104 ], [ 69.5462427, 41.421588 ], [ 69.5464143, 41.4217963 ], [ 69.5459673, 41.4230663 ], [ 69.5454211, 41.4230211 ], [ 69.5447408, 41.4230753 ], [ 69.5447193, 41.4229268 ], [ 69.5434711, 41.4229342 ], [ 69.543411, 41.4216101 ], [ 69.5446834, 41.4216031 ], [ 69.5451333, 41.4212335 ], [ 69.5453613, 41.4212958 ], [ 69.5453952, 41.4212774 ], [ 69.5462918, 41.4215104 ] ] ] } },
{ "type": "Feature", "properties": { "osm_id": "w792033402", "kind": "cemetery" }, "geometry": { "type": "Polygon", "coordinates": [ [ [ 69.5111649, 41.2751772 ], [ 69.5108086, 41.2733166 ], [ 69.510727, 41.2730464 ], [ 69.5101842, 41.2717687 ], [ 69.5117492, 41.2713129 ], [ 69.5119677, 41.2717251 ], [ 69.5122664, 41.2720367 ], [ 69.5121773, 41.2724121 ], [ 69.5126766, 41.2724657 ], [ 69.5128505, 41.2731192 ], [ 69.5126499, 41.2731627 ], [ 69.5128416, 41.2733068 ], [ 69.5126321, 41.2735247 ], [ 69.5125919, 41.2738765 ], [ 69.5125652, 41.2741647 ], [ 69.5127257, 41.2743658 ], [ 69.5126722, 41.2746506 ], [ 69.5127435, 41.2747746 ], [ 69.5126856, 41.2748416 ], [ 69.5119365, 41.2750226 ], [ 69.5111649, 41.2751772 ] ] ] } },
{ "type": "Feature", "properties": { "osm_id": "w792060247", "kind": "industrial" }, "geometry": { "type": "Polygon", "coordinates": [ [ [ 69.5003404, 41.241551 ], [ 69.5015015, 41.2410251 ], [ 69.501809, 41.2407122 ], [ 69.5006362, 41.2394059 ], [ 69.4996186, 41.2382323 ], [ 69.4993296, 41.237375 ], [ 69.4991656, 41.2363579 ], [ 69.4992317, 41.2363358 ], [ 69.499215, 41.2357775 ], [ 69.4979382, 41.2362619 ], [ 69.4983682, 41.237237 ], [ 69.4980637, 41.237444 ], [ 69.4983481, 41.2394498 ], [ 69.4995324, 41.2399938 ], [ 69.5003404, 41.241551 ] ] ] } },
{ "type": "Feature", "properties": { "osm_id": "w792441644", "kind": "industrial" }, "geometry": { "type": "Polygon", "coordinates": [ [ [ 69.4305889, 41.1869795 ], [ 69.4323741, 41.1880501 ], [ 69.4340372, 41.187135 ], [ 69.4315975, 41.1857155 ], [ 69.4305889, 41.1869795 ] ] ] } },
{ "type": "Feature", "properties": { "osm_id": "w792441646", "kind": "industrial" }, "geometry": { "type": "Polygon", "coordinates": [ [ [ 69.4343062, 41.1870006 ], [ 69.4330546, 41.1862462 ], [ 69.4318165, 41.1854706 ], [ 69.4326862, 41.1843724 ], [ 69.434285, 41.1848797 ], [ 69.4347547, 41.1850196 ], [ 69.4349199, 41.1856324 ], [ 69.4350474, 41.1859776 ], [ 69.4353371, 41.186405 ], [ 69.4347018, 41.1867618 ], [ 69.4346871, 41.1867919 ], [ 69.4343062, 41.1870006 ] ] ] } },
{ "type": "Feature", "properties": { "osm_id": "w792442677", "kind": "industrial" }, "geometry": { "type": "Polygon", "coordinates": [ [ [ 69.4372047, 41.1949205 ], [ 69.4378598, 41.1944276 ], [ 69.4382179, 41.1943038 ], [ 69.4386277, 41.1955469 ], [ 69.4379888, 41.1956052 ], [ 69.4372047, 41.1949205 ] ] ] } },
{ "type": "Feature", "properties": { "osm_id": "w792442678", "kind": "industrial" }, "geometry": { "type": "Polygon", "coordinates": [ [ [ 69.4363201, 41.186411 ], [ 69.4366399, 41.1867946 ], [ 69.4368766, 41.1870509 ], [ 69.4369705, 41.1874445 ], [ 69.4364824, 41.187606 ], [ 69.4361686, 41.1869742 ], [ 69.4358587, 41.1865372 ], [ 69.4363201, 41.186411 ] ] ] } },
{ "type": "Feature", "properties": { "osm_id": "w792454812", "kind": "industrial" }, "geometry": { "type": "Polygon", "coordinates": [ [ [ 69.5851023, 41.4327481 ], [ 69.5863959, 41.4324881 ], [ 69.5867233, 41.4332841 ], [ 69.5863746, 41.4333518 ], [ 69.5862738, 41.4331223 ], [ 69.5854822, 41.4332802 ], [ 69.5851023, 41.4327481 ] ] ] } },
{ "type": "Feature", "properties": { "osm_id": "w792454813", "kind": "industrial" }, "geometry": { "type": "Polygon", "coordinates": [ [ [ 69.5854822, 41.4332802 ], [ 69.5853193, 41.4335108 ], [ 69.5856657, 41.434183 ], [ 69.5869863, 41.4336685 ], [ 69.5868233, 41.4332867 ], [ 69.5863431, 41.4333748 ], [ 69.5862535, 41.4331405 ], [ 69.5854822, 41.4332802 ] ] ] } },
{ "type": "Feature", "properties": { "osm_id": "w795931603", "kind": "cemetery" }, "geometry": { "type": "Polygon", "coordinates": [ [ [ 69.1803112, 41.4387821 ], [ 69.1808362, 41.438744 ], [ 69.1812969, 41.4388075 ], [ 69.181412, 41.4388557 ], [ 69.1816153, 41.4388786 ], [ 69.1817542, 41.4389623 ], [ 69.1818998, 41.4391934 ], [ 69.1820455, 41.4392264 ], [ 69.1821335, 41.4390639 ], [ 69.1820455, 41.4387871 ], [ 69.1822453, 41.4387135 ], [ 69.1820793, 41.438325 ], [ 69.1818761, 41.438099 ], [ 69.1817101, 41.4379568 ], [ 69.1814425, 41.4379314 ], [ 69.181263, 41.4381193 ], [ 69.1811038, 41.4382996 ], [ 69.1807312, 41.4384367 ], [ 69.1806228, 41.4385967 ], [ 69.1804399, 41.4386754 ], [ 69.1803112, 41.4387821 ] ] ] } },
{ "type": "Feature", "properties": { "osm_id": "w796370926", "kind": "industrial" }, "geometry": { "type": "Polygon", "coordinates": [ [ [ 69.1955941, 41.4218583 ], [ 69.1953692, 41.4222518 ], [ 69.1935074, 41.424082 ], [ 69.1929826, 41.4237853 ], [ 69.1926119, 41.4241289 ], [ 69.1923079, 41.4242881 ], [ 69.1914999, 41.4238696 ], [ 69.191958, 41.4233512 ], [ 69.1932367, 41.4220363 ], [ 69.1931034, 41.4216084 ], [ 69.1931409, 41.4214179 ], [ 69.1930868, 41.4209807 ], [ 69.1932909, 41.4211087 ], [ 69.1935449, 41.4212087 ], [ 69.1942905, 41.421421 ], [ 69.1955941, 41.4218583 ] ] ] } },
{ "type": "Feature", "properties": { "osm_id": "w796370927", "kind": "industrial" }, "geometry": { "type": "Polygon", "coordinates": [ [ [ 69.1907646, 41.4250591 ], [ 69.1920122, 41.4252133 ], [ 69.1923184, 41.4252989 ], [ 69.192387, 41.4251927 ], [ 69.1934747, 41.4241098 ], [ 69.1929811, 41.423822 ], [ 69.1926246, 41.4241475 ], [ 69.1923047, 41.4243223 ], [ 69.1914867, 41.4239008 ], [ 69.191281, 41.4240927 ], [ 69.1907646, 41.4250591 ] ] ] } },
{ "type": "Feature", "properties": { "osm_id": "w796370928", "kind": "industrial" }, "geometry": { "type": "Polygon", "coordinates": [ [ [ 69.1908331, 41.4257239 ], [ 69.191994, 41.4259397 ], [ 69.1922864, 41.4253263 ], [ 69.1919483, 41.4252338 ], [ 69.1912307, 41.4251584 ], [ 69.1908331, 41.4257239 ] ] ] } },
{ "type": "Feature", "properties": { "osm_id": "w796370929", "kind": "industrial" }, "geometry": { "type": "Polygon", "coordinates": [ [ [ 69.1911068, 41.4187577 ], [ 69.1910087, 41.418517 ], [ 69.1913122, 41.4183839 ], [ 69.191868, 41.4178621 ], [ 69.1925311, 41.4178131 ], [ 69.1935538, 41.4179217 ], [ 69.194217, 41.4179637 ], [ 69.1945964, 41.4179667 ], [ 69.1948941, 41.4180687 ], [ 69.1948521, 41.4181843 ], [ 69.196057, 41.4186921 ], [ 69.1965613, 41.4190598 ], [ 69.1966781, 41.4193365 ], [ 69.196619, 41.4197788 ], [ 69.196527, 41.4197498 ], [ 69.1964586, 41.4203426 ], [ 69.1929691, 41.4191079 ], [ 69.1929829, 41.4190786 ], [ 69.1923023, 41.4188462 ], [ 69.1918491, 41.4187249 ], [ 69.1916829, 41.4187214 ], [ 69.1911068, 41.4187577 ] ] ] } },
{ "type": "Feature", "properties": { "osm_id": "w796370930", "kind": "industrial" }, "geometry": { "type": "Polygon", "coordinates": [ [ [ 69.189154, 41.4228175 ], [ 69.1904419, 41.423261 ], [ 69.1903064, 41.4238941 ], [ 69.1903711, 41.423998 ], [ 69.1905837, 41.4240581 ], [ 69.1908579, 41.4240281 ], [ 69.1909257, 41.4239726 ], [ 69.1908918, 41.4239449 ], [ 69.1927589, 41.4221382 ], [ 69.1928421, 41.4218102 ], [ 69.1928359, 41.4213227 ], [ 69.1926387, 41.4205048 ], [ 69.1926017, 41.4203893 ], [ 69.1924569, 41.4201929 ], [ 69.1915265, 41.4197516 ], [ 69.1914094, 41.4196268 ], [ 69.1909441, 41.4193727 ], [ 69.1907808, 41.4194489 ], [ 69.1907654, 41.4196823 ], [ 69.1905744, 41.4199642 ], [ 69.1899305, 41.4198117 ], [ 69.189154, 41.4228175 ] ] ] } },
{ "type": "Feature", "properties": { "osm_id": "w797569299", "kind": "cemetery" }, "geometry": { "type": "Polygon", "coordinates": [ [ [ 69.2147025, 41.4250746 ], [ 69.2148306, 41.4245535 ], [ 69.2154052, 41.4245303 ], [ 69.2158012, 41.4246351 ], [ 69.2161622, 41.4246642 ], [ 69.2162476, 41.4245303 ], [ 69.2161273, 41.4239655 ], [ 69.2163175, 41.4233571 ], [ 69.2165077, 41.4231271 ], [ 69.2176413, 41.4236075 ], [ 69.2159914, 41.4255258 ], [ 69.2147025, 41.4250746 ] ] ] } },
{ "type": "Feature", "properties": { "osm_id": "w797813525", "kind": "cemetery" }, "geometry": { "type": "Polygon", "coordinates": [ [ [ 69.2433333, 41.4501501 ], [ 69.2439599, 41.4500162 ], [ 69.244749, 41.4498843 ], [ 69.2449596, 41.4497564 ], [ 69.2450396, 41.4496185 ], [ 69.245053, 41.4495106 ], [ 69.2451623, 41.4493827 ], [ 69.2452716, 41.4492288 ], [ 69.2450316, 41.4492128 ], [ 69.2446424, 41.4488292 ], [ 69.2440185, 41.4487033 ], [ 69.2437946, 41.4485414 ], [ 69.243304, 41.4485534 ], [ 69.2430161, 41.4486033 ], [ 69.2432747, 41.4499462 ], [ 69.2433333, 41.4501501 ] ] ] } },
{ "type": "Feature", "properties": { "osm_id": "w798722807", "kind": "military" }, "geometry": { "type": "Polygon", "coordinates": [ [ [ 69.2519379, 41.455109 ], [ 69.2532525, 41.4556256 ], [ 69.254388, 41.4540325 ], [ 69.2530903, 41.4535082 ], [ 69.2519379, 41.455109 ] ] ] } },
{ "type": "Feature", "properties": { "osm_id": "w798752022", "kind": "military" }, "geometry": { "type": "Polygon", "coordinates": [ [ [ 69.1808218, 41.4438532 ], [ 69.1811168, 41.4439376 ], [ 69.1821455, 41.4448018 ], [ 69.1828909, 41.4443217 ], [ 69.1827006, 41.4437746 ], [ 69.1822659, 41.443373 ], [ 69.1807015, 41.4432799 ], [ 69.1808218, 41.4438532 ] ] ] } },
{ "type": "Feature", "properties": { "osm_id": "w799460116", "kind": "industrial" }, "geometry": { "type": "Polygon", "coordinates": [ [ [ 69.1861718, 41.4003973 ], [ 69.1897548, 41.3996359 ], [ 69.1900258, 41.4000586 ], [ 69.1928131, 41.4068596 ], [ 69.1929937, 41.407779 ], [ 69.1932002, 41.4084436 ], [ 69.1927141, 41.4084436 ], [ 69.1919571, 41.4080371 ], [ 69.191613, 41.4078661 ], [ 69.1909119, 41.4070499 ], [ 69.1902199, 41.4060266 ], [ 69.189643, 41.4053498 ], [ 69.1883354, 41.4036624 ], [ 69.1871525, 41.4021622 ], [ 69.1866966, 41.4016266 ], [ 69.1861718, 41.4003973 ] ] ] } },
{ "type": "Feature", "properties": { "osm_id": "w799585029", "kind": "industrial" }, "geometry": { "type": "Polygon", "coordinates": [ [ [ 69.224734, 41.3934946 ], [ 69.2249373, 41.393638 ], [ 69.2249868, 41.3935785 ], [ 69.2273055, 41.3949718 ], [ 69.2262753, 41.3961623 ], [ 69.2254356, 41.3970972 ], [ 69.2241334, 41.3965212 ], [ 69.2255297, 41.3956453 ], [ 69.2233613, 41.3937986 ], [ 69.224734, 41.3934946 ] ] ] } },
{ "type": "Feature", "properties": { "osm_id": "w800029477", "kind": "cemetery" }, "geometry": { "type": "Polygon", "coordinates": [ [ [ 69.3084017, 41.4264102 ], [ 69.3088816, 41.4267649 ], [ 69.3107199, 41.4267624 ], [ 69.3107199, 41.4268359 ], [ 69.3107706, 41.4268359 ], [ 69.3107233, 41.4269803 ], [ 69.3120817, 41.4273705 ], [ 69.3122777, 41.4272007 ], [ 69.3123318, 41.4270411 ], [ 69.3123487, 41.4268333 ], [ 69.3123386, 41.4266965 ], [ 69.3122372, 41.4265724 ], [ 69.311808, 41.4262202 ], [ 69.3117202, 41.4260783 ], [ 69.3116492, 41.4257793 ], [ 69.3116965, 41.4253688 ], [ 69.3117235, 41.4250723 ], [ 69.3116222, 41.424938 ], [ 69.3112298, 41.4249717 ], [ 69.3110308, 41.424933 ], [ 69.3110139, 41.4248671 ], [ 69.3103516, 41.4249178 ], [ 69.3102975, 41.4255462 ], [ 69.3101218, 41.4260327 ], [ 69.3099832, 41.4261011 ], [ 69.3084017, 41.4264102 ] ] ] } },
{ "type": "Feature", "properties": { "osm_id": "w801695878", "kind": "cemetery" }, "geometry": { "type": "Polygon", "coordinates": [ [ [ 69.3490136, 41.4408524 ], [ 69.3489329, 41.4405535 ], [ 69.3489622, 41.4400468 ], [ 69.3489358, 41.4399431 ], [ 69.3484444, 41.4396476 ], [ 69.347962, 41.4394888 ], [ 69.3483326, 41.4389264 ], [ 69.3502773, 41.4398284 ], [ 69.3510717, 41.4402629 ], [ 69.351257, 41.4406819 ], [ 69.351107, 41.4410899 ], [ 69.3509981, 41.4412951 ], [ 69.3509393, 41.4413215 ], [ 69.3506363, 41.441101 ], [ 69.350548, 41.4411098 ], [ 69.3504362, 41.4415399 ], [ 69.3496095, 41.4410282 ], [ 69.3490136, 41.4408524 ] ] ] } },
{ "type": "Feature", "properties": { "osm_id": "w801828165", "kind": "military" }, "geometry": { "type": "Polygon", "coordinates": [ [ [ 69.3769414, 41.4640105 ], [ 69.3792259, 41.4640207 ], [ 69.3792326, 41.4628279 ], [ 69.3785534, 41.4628254 ], [ 69.376938, 41.4632204 ], [ 69.3769414, 41.4640105 ] ] ] } },
{ "type": "Feature", "properties": { "osm_id": "w801828181", "kind": "cemetery" }, "geometry": { "type": "Polygon", "coordinates": [ [ [ 69.3701443, 41.4618165 ], [ 69.3705706, 41.4618021 ], [ 69.3711504, 41.4616871 ], [ 69.3714829, 41.4615913 ], [ 69.3719476, 41.4615338 ], [ 69.3718111, 41.4611743 ], [ 69.372376, 41.461021 ], [ 69.372408, 41.4609906 ], [ 69.3725806, 41.4609523 ], [ 69.37257, 41.4608149 ], [ 69.372101, 41.4602383 ], [ 69.3718474, 41.4600785 ], [ 69.3718133, 41.4600418 ], [ 69.3711248, 41.4605881 ], [ 69.3705109, 41.4609922 ], [ 69.3704384, 41.4609906 ], [ 69.3703191, 41.4612686 ], [ 69.3701443, 41.4618165 ] ] ] } },
{ "type": "Feature", "properties": { "osm_id": "w802533549", "kind": "railway" }, "geometry": { "type": "Polygon", "coordinates": [ [ [ 69.3276128, 41.2376206 ], [ 69.3286153, 41.2377564 ], [ 69.3290048, 41.2378692 ], [ 69.3296806, 41.2380948 ], [ 69.3305224, 41.2383761 ], [ 69.3305824, 41.2382673 ], [ 69.3289275, 41.2377138 ], [ 69.3285985, 41.2376171 ], [ 69.3281929, 41.237532 ], [ 69.327648, 41.2374618 ], [ 69.3276415, 41.2374995 ], [ 69.327623, 41.2375774 ], [ 69.3276128, 41.2376206 ] ] ] } },
{ "type": "Feature", "properties": { "osm_id": "w802533550", "kind": "railway" }, "geometry": { "type": "Polygon", "coordinates": [ [ [ 69.3307458, 41.2384493 ], [ 69.3308025, 41.2383491 ], [ 69.3316397, 41.2386415 ], [ 69.332584, 41.2389775 ], [ 69.3328932, 41.239111 ], [ 69.3333298, 41.239347 ], [ 69.3335739, 41.2395076 ], [ 69.3337641, 41.2396531 ], [ 69.3341019, 41.2399713 ], [ 69.3340603, 41.2399956 ], [ 69.3340235, 41.2400138 ], [ 69.3339886, 41.2400291 ], [ 69.3336526, 41.239733 ], [ 69.3334556, 41.2395863 ], [ 69.33321, 41.2394341 ], [ 69.3329422, 41.2392793 ], [ 69.3326771, 41.239152 ], [ 69.3324001, 41.2390357 ], [ 69.3320137, 41.2388874 ], [ 69.3307458, 41.2384493 ] ] ] } },
{ "type": "Feature", "properties": { "osm_id": "w802533552", "kind": "railway" }, "geometry": { "type": "Polygon", "coordinates": [ [ [ 69.3307458, 41.2384493 ], [ 69.3305224, 41.2383761 ], [ 69.3305824, 41.2382673 ], [ 69.3308025, 41.2383491 ], [ 69.3307458, 41.2384493 ] ] ] } },
{ "type": "Feature", "properties": { "osm_id": "w802578244", "kind": "railway" }, "geometry": { "type": "Polygon", "coordinates": [ [ [ 69.3608151, 41.2596459 ], [ 69.3608628, 41.259631 ], [ 69.3609017, 41.2596186 ], [ 69.3609431, 41.2596009 ], [ 69.3600636, 41.258335 ], [ 69.359426, 41.2573263 ], [ 69.3593622, 41.2573515 ], [ 69.3592631, 41.2573902 ], [ 69.3592242, 41.2574106 ], [ 69.3599386, 41.25836 ], [ 69.3608151, 41.2596459 ] ] ] } },
{ "type": "Feature", "properties": { "osm_id": "w802672601", "kind": "railway" }, "geometry": { "type": "Polygon", "coordinates": [ [ [ 69.3238508, 41.2948684 ], [ 69.323859, 41.2948696 ], [ 69.324737, 41.2950018 ], [ 69.3250747, 41.2950679 ], [ 69.3271006, 41.29555 ], [ 69.3271161, 41.2955195 ], [ 69.3271324, 41.2954842 ], [ 69.3271496, 41.2954545 ], [ 69.3246962, 41.2948723 ], [ 69.3239086, 41.2947083 ], [ 69.3238508, 41.2948684 ] ] ] } },
{ "type": "Feature", "properties": { "osm_id": "w805232860", "kind": "cemetery" }, "geometry": { "type": "Polygon", "coordinates": [ [ [ 69.4016755, 41.4626101 ], [ 69.4016012, 41.4625093 ], [ 69.4016649, 41.4623793 ], [ 69.4018065, 41.4622998 ], [ 69.4025214, 41.4620717 ], [ 69.402893, 41.4619762 ], [ 69.4032045, 41.4619656 ], [ 69.4034805, 41.4619974 ], [ 69.4036999, 41.4621724 ], [ 69.4040751, 41.4623899 ], [ 69.4044149, 41.4624907 ], [ 69.404652, 41.4625517 ], [ 69.4046803, 41.4625915 ], [ 69.4046732, 41.4626658 ], [ 69.4045777, 41.4627162 ], [ 69.4036787, 41.4630848 ], [ 69.4033814, 41.4631617 ], [ 69.4028895, 41.4630318 ], [ 69.401626, 41.4626658 ], [ 69.4016755, 41.4626101 ] ] ] } },
{ "type": "Feature", "properties": { "osm_id": "w809191478", "kind": "industrial" }, "geometry": { "type": "Polygon", "coordinates": [ [ [ 69.3634297, 41.3815583 ], [ 69.362195, 41.3839235 ], [ 69.3587611, 41.3830101 ], [ 69.3576801, 41.38273 ], [ 69.3572355, 41.3835334 ], [ 69.3570839, 41.383493 ], [ 69.3572844, 41.3824031 ], [ 69.3600959, 41.3819031 ], [ 69.3605843, 41.3818846 ], [ 69.3634297, 41.3815583 ] ] ] } },
{ "type": "Feature", "properties": { "osm_id": "w810399510", "kind": "industrial" }, "geometry": { "type": "Polygon", "coordinates": [ [ [ 69.2556345, 41.1733484 ], [ 69.2563565, 41.1772174 ], [ 69.2555053, 41.1781671 ], [ 69.2540725, 41.177562 ], [ 69.2531086, 41.1774992 ], [ 69.2504391, 41.1736472 ], [ 69.2556345, 41.1733484 ] ] ] } },
{ "type": "Feature", "properties": { "osm_id": "w810399511", "kind": "industrial" }, "geometry": { "type": "Polygon", "coordinates": [ [ [ 69.259505, 41.1774831 ], [ 69.258906, 41.1743086 ], [ 69.2583297, 41.1713432 ], [ 69.256745, 41.1715151 ], [ 69.2568254, 41.1719512 ], [ 69.2556275, 41.1720938 ], [ 69.2562865, 41.175382 ], [ 69.2566472, 41.1772414 ], [ 69.2575027, 41.1771802 ], [ 69.2584113, 41.1779444 ], [ 69.2593402, 41.177556 ], [ 69.259505, 41.1774831 ] ] ] } },
{ "type": "Feature", "properties": { "osm_id": "w820361131", "kind": "industrial" }, "geometry": { "type": "Polygon", "coordinates": [ [ [ 69.1623579, 41.4459114 ], [ 69.1624085, 41.4458145 ], [ 69.1628433, 41.444982 ], [ 69.1641433, 41.4452269 ], [ 69.1643315, 41.4452624 ], [ 69.1647543, 41.4454455 ], [ 69.163954, 41.4459666 ], [ 69.1634346, 41.446135 ], [ 69.1623579, 41.4459114 ] ] ] } },
{ "type": "Feature", "properties": { "osm_id": "w824204486", "kind": "industrial" }, "geometry": { "type": "Polygon", "coordinates": [ [ [ 69.2000974, 41.3103767 ], [ 69.2008714, 41.3107843 ], [ 69.2012791, 41.3109989 ], [ 69.2021187, 41.3101814 ], [ 69.2020706, 41.3101389 ], [ 69.2016308, 41.3098756 ], [ 69.201599, 41.3099175 ], [ 69.2009464, 41.3096496 ], [ 69.2008751, 41.3097783 ], [ 69.2006242, 41.3097284 ], [ 69.2004989, 41.3096869 ], [ 69.2000974, 41.3103767 ] ] ] } },
{ "type": "Feature", "properties": { "osm_id": "w825122071", "kind": "industrial" }, "geometry": { "type": "Polygon", "coordinates": [ [ [ 69.2646334, 41.2787256 ], [ 69.2648728, 41.2784157 ], [ 69.2649327, 41.2784124 ], [ 69.2668614, 41.2792587 ], [ 69.2668193, 41.2794086 ], [ 69.2665621, 41.2797168 ], [ 69.2664224, 41.2796735 ], [ 69.2662052, 41.2799284 ], [ 69.2661254, 41.2798984 ], [ 69.2658261, 41.2796402 ], [ 69.2657574, 41.2796269 ], [ 69.2649548, 41.2790121 ], [ 69.265028, 41.2788922 ], [ 69.2646334, 41.2787256 ] ] ] } },
{ "type": "Feature", "properties": { "osm_id": "w825144132", "kind": "industrial" }, "geometry": { "type": "Polygon", "coordinates": [ [ [ 69.2068411, 41.1836116 ], [ 69.209605, 41.1814321 ], [ 69.2135807, 41.1817711 ], [ 69.2150186, 41.1842005 ], [ 69.2152631, 41.1843404 ], [ 69.2162652, 41.1843467 ], [ 69.2161649, 41.1851014 ], [ 69.217305, 41.1851442 ], [ 69.2176698, 41.1844617 ], [ 69.2190885, 41.1846071 ], [ 69.2179629, 41.1861513 ], [ 69.2176792, 41.1867255 ], [ 69.2174836, 41.187631 ], [ 69.2096875, 41.1871966 ], [ 69.2094332, 41.1871083 ], [ 69.2068411, 41.1836116 ] ] ] } },
{ "type": "Feature", "properties": { "osm_id": "w825207426", "kind": "industrial" }, "geometry": { "type": "Polygon", "coordinates": [ [ [ 69.3165593, 41.225916 ], [ 69.317518, 41.2248596 ], [ 69.3177856, 41.2247321 ], [ 69.3182226, 41.224712 ], [ 69.3199081, 41.2240614 ], [ 69.3200687, 41.2241284 ], [ 69.3230689, 41.2273783 ], [ 69.3215736, 41.2282794 ], [ 69.3210853, 41.2280188 ], [ 69.3204923, 41.2283911 ], [ 69.3202738, 41.2282228 ], [ 69.3195452, 41.2286531 ], [ 69.3184939, 41.2280079 ], [ 69.3191141, 41.2272755 ], [ 69.3181735, 41.2267846 ], [ 69.3179996, 41.2269221 ], [ 69.3168804, 41.2265767 ], [ 69.3165995, 41.226295 ], [ 69.3165593, 41.225916 ] ] ] } },
{ "type": "Feature", "properties": { "osm_id": "w825211957", "kind": "industrial" }, "geometry": { "type": "Polygon", "coordinates": [ [ [ 69.2712083, 41.2048766 ], [ 69.2722151, 41.2041871 ], [ 69.2714761, 41.2035923 ], [ 69.2704085, 41.2042787 ], [ 69.2712083, 41.2048766 ] ] ] } },
{ "type": "Feature", "properties": { "osm_id": "w825211958", "kind": "industrial" }, "geometry": { "type": "Polygon", "coordinates": [ [ [ 69.2659175, 41.2029276 ], [ 69.2666715, 41.2024516 ], [ 69.267708, 41.203259 ], [ 69.2670134, 41.2037887 ], [ 69.2659175, 41.2029276 ] ] ] } },
{ "type": "Feature", "properties": { "osm_id": "w825211959", "kind": "industrial" }, "geometry": { "type": "Polygon", "coordinates": [ [ [ 69.2630198, 41.2020495 ], [ 69.2637288, 41.2013566 ], [ 69.2644083, 41.2018768 ], [ 69.2642318, 41.2020295 ], [ 69.2645407, 41.2023239 ], [ 69.2646849, 41.2022287 ], [ 69.2653333, 41.2027182 ], [ 69.2655557, 41.2028861 ], [ 69.2651379, 41.2032226 ], [ 69.2650497, 41.2031938 ], [ 69.2647261, 41.203424 ], [ 69.263667, 41.2026759 ], [ 69.2634325, 41.2028505 ], [ 69.2632024, 41.2028165 ], [ 69.2628059, 41.2027303 ], [ 69.2625785, 41.2025453 ], [ 69.2631021, 41.2021313 ], [ 69.2630198, 41.2020495 ] ] ] } },
{ "type": "Feature", "properties": { "osm_id": "w825345690", "kind": "industrial" }, "geometry": { "type": "Polygon", "coordinates": [ [ [ 69.3267195, 41.2322685 ], [ 69.3257018, 41.2318125 ], [ 69.3250662, 41.2314483 ], [ 69.3245549, 41.231011 ], [ 69.3244191, 41.2311132 ], [ 69.3228818, 41.2299571 ], [ 69.3240167, 41.2290163 ], [ 69.3239115, 41.2289415 ], [ 69.324578, 41.2282651 ], [ 69.3235012, 41.2272895 ], [ 69.3236594, 41.2271768 ], [ 69.323713, 41.2272182 ], [ 69.3250484, 41.2262653 ], [ 69.3260027, 41.2269286 ], [ 69.3270091, 41.2275803 ], [ 69.3279717, 41.228299 ], [ 69.3306105, 41.2304739 ], [ 69.3290619, 41.2317155 ], [ 69.3282335, 41.2311139 ], [ 69.3273871, 41.2316882 ], [ 69.3267195, 41.2322685 ] ] ] } },
{ "type": "Feature", "properties": { "osm_id": "w825345692", "kind": "industrial" }, "geometry": { "type": "Polygon", "coordinates": [ [ [ 69.3237985, 41.225225 ], [ 69.3233665, 41.2248341 ], [ 69.3236112, 41.2246193 ], [ 69.3226392, 41.2238171 ], [ 69.3227211, 41.2235898 ], [ 69.3218379, 41.2231823 ], [ 69.3213271, 41.2246021 ], [ 69.3219147, 41.2253974 ], [ 69.3225656, 41.2260905 ], [ 69.3237985, 41.225225 ] ] ] } },
{ "type": "Feature", "properties": { "osm_id": "w825345693", "kind": "industrial" }, "geometry": { "type": "Polygon", "coordinates": [ [ [ 69.3233472, 41.2273524 ], [ 69.321656, 41.2283309 ], [ 69.3211234, 41.2280832 ], [ 69.3205989, 41.2284012 ], [ 69.322404, 41.2299453 ], [ 69.3227984, 41.2297679 ], [ 69.3232334, 41.2293338 ], [ 69.3233838, 41.2293613 ], [ 69.3244611, 41.2282789 ], [ 69.3233472, 41.2273524 ] ] ] } },
{ "type": "Feature", "properties": { "osm_id": "w825345694", "kind": "industrial" }, "geometry": { "type": "Polygon", "coordinates": [ [ [ 69.3070973, 41.2200464 ], [ 69.3074112, 41.2201563 ], [ 69.3074728, 41.2200465 ], [ 69.3091076, 41.2206093 ], [ 69.3076593, 41.2230787 ], [ 69.3057442, 41.2223645 ], [ 69.3070973, 41.2200464 ] ] ] } },
{ "type": "Feature", "properties": { "osm_id": "w825345695", "kind": "industrial" }, "geometry": { "type": "Polygon", "coordinates": [ [ [ 69.3059495, 41.2198017 ], [ 69.3065463, 41.2199789 ], [ 69.305842, 41.2211675 ], [ 69.30513, 41.2209151 ], [ 69.3059495, 41.2198017 ] ] ] } },
{ "type": "Feature", "properties": { "osm_id": "w825345696", "kind": "industrial" }, "geometry": { "type": "Polygon", "coordinates": [ [ [ 69.3032622, 41.2209078 ], [ 69.3035748, 41.2204949 ], [ 69.3053724, 41.2212034 ], [ 69.3049366, 41.2218561 ], [ 69.3038242, 41.2212352 ], [ 69.3032622, 41.2209078 ] ] ] } },
{ "type": "Feature", "properties": { "osm_id": "w825345697", "kind": "industrial" }, "geometry": { "type": "Polygon", "coordinates": [ [ [ 69.3026563, 41.2203741 ], [ 69.3034054, 41.2206693 ], [ 69.3038222, 41.220091 ], [ 69.3030777, 41.2198109 ], [ 69.3026563, 41.2203741 ] ] ] } },
{ "type": "Feature", "properties": { "osm_id": "w825345698", "kind": "industrial" }, "geometry": { "type": "Polygon", "coordinates": [ [ [ 69.3035466, 41.2204803 ], [ 69.3050226, 41.2210588 ], [ 69.3052827, 41.2206592 ], [ 69.3038323, 41.2200939 ], [ 69.3035466, 41.2204803 ] ] ] } },
{ "type": "Feature", "properties": { "osm_id": "w825345699", "kind": "industrial" }, "geometry": { "type": "Polygon", "coordinates": [ [ [ 69.3104527, 41.2193115 ], [ 69.3112787, 41.2185621 ], [ 69.3089668, 41.2170696 ], [ 69.3080258, 41.2178891 ], [ 69.3081401, 41.2179464 ], [ 69.3087666, 41.2182578 ], [ 69.3104527, 41.2193115 ] ] ] } },
{ "type": "Feature", "properties": { "osm_id": "w825345700", "kind": "industrial" }, "geometry": { "type": "Polygon", "coordinates": [ [ [ 69.307226, 41.2189666 ], [ 69.3077257, 41.2179319 ], [ 69.3078153, 41.2179268 ], [ 69.3104699, 41.2195538 ], [ 69.3099474, 41.2200947 ], [ 69.3092451, 41.2196362 ], [ 69.308849, 41.2199827 ], [ 69.3075934, 41.2192072 ], [ 69.3076524, 41.2191354 ], [ 69.3075344, 41.2190636 ], [ 69.3074586, 41.2191164 ], [ 69.307226, 41.2189666 ] ] ] } },
{ "type": "Feature", "properties": { "osm_id": "w825345701", "kind": "industrial" }, "geometry": { "type": "Polygon", "coordinates": [ [ [ 69.3049185, 41.2172299 ], [ 69.3067606, 41.2157349 ], [ 69.3072034, 41.2158502 ], [ 69.3087234, 41.2167726 ], [ 69.3063386, 41.2184447 ], [ 69.3049185, 41.2172299 ] ] ] } },
{ "type": "Feature", "properties": { "osm_id": "w825345702", "kind": "industrial" }, "geometry": { "type": "Polygon", "coordinates": [ [ [ 69.3095886, 41.2204774 ], [ 69.3103933, 41.2209932 ], [ 69.3109879, 41.2204246 ], [ 69.3101412, 41.2199534 ], [ 69.3095886, 41.2204774 ] ] ] } },
{ "type": "Feature", "properties": { "osm_id": "w825345907", "kind": "industrial" }, "geometry": { "type": "Polygon", "coordinates": [ [ [ 69.2851131, 41.2054524 ], [ 69.2867228, 41.2054491 ], [ 69.2870216, 41.2054155 ], [ 69.2877172, 41.2056805 ], [ 69.2884663, 41.205959 ], [ 69.2884351, 41.2066232 ], [ 69.2881809, 41.2068648 ], [ 69.2878643, 41.2068044 ], [ 69.2877529, 41.2069319 ], [ 69.2871286, 41.2068212 ], [ 69.2868477, 41.2072371 ], [ 69.2860264, 41.2072741 ], [ 69.2848074, 41.2071514 ], [ 69.2841475, 41.2068769 ], [ 69.2851131, 41.2054524 ] ] ] } },
{ "type": "Feature", "properties": { "osm_id": "w825390423", "kind": "industrial" }, "geometry": { "type": "Polygon", "coordinates": [ [ [ 69.3442069, 41.2451628 ], [ 69.3441421, 41.2452866 ], [ 69.3458024, 41.2457142 ], [ 69.3460981, 41.2456753 ], [ 69.3461205, 41.2456681 ], [ 69.3464825, 41.2449583 ], [ 69.3460315, 41.2447887 ], [ 69.3458514, 41.2446718 ], [ 69.3451596, 41.2442912 ], [ 69.3447224, 41.2442759 ], [ 69.3446399, 41.2444285 ], [ 69.3442069, 41.2451628 ] ] ] } },
{ "type": "Feature", "properties": { "osm_id": "w827254081", "kind": "cemetery" }, "geometry": { "type": "Polygon", "coordinates": [ [ [ 69.2261709, 41.1764087 ], [ 69.2260355, 41.1761486 ], [ 69.2259533, 41.1759423 ], [ 69.2257786, 41.1752911 ], [ 69.2258703, 41.1750426 ], [ 69.2262691, 41.1748311 ], [ 69.2265076, 41.174857 ], [ 69.2266501, 41.1749361 ], [ 69.2268964, 41.1750184 ], [ 69.2270001, 41.1751046 ], [ 69.2271899, 41.1751688 ], [ 69.2277892, 41.1755612 ], [ 69.2278361, 41.1756309 ], [ 69.2272525, 41.17619 ], [ 69.2269361, 41.1761101 ], [ 69.226782, 41.176463 ], [ 69.2263433, 41.1763795 ], [ 69.2261709, 41.1764087 ] ] ] } },
{ "type": "Feature", "properties": { "osm_id": "w827254082", "kind": "industrial" }, "geometry": { "type": "Polygon", "coordinates": [ [ [ 69.2288338, 41.1719395 ], [ 69.2294228, 41.1711402 ], [ 69.2298503, 41.1715008 ], [ 69.2307567, 41.1725495 ], [ 69.2316473, 41.1734106 ], [ 69.2317542, 41.1733987 ], [ 69.2332623, 41.1750254 ], [ 69.2329694, 41.1751952 ], [ 69.231113, 41.1750016 ], [ 69.2299586, 41.1747989 ], [ 69.2295243, 41.1744734 ], [ 69.2292587, 41.1740598 ], [ 69.2291418, 41.1736467 ], [ 69.2289698, 41.1727302 ], [ 69.2288338, 41.1719395 ] ] ] } },
{ "type": "Feature", "properties": { "osm_id": "w827280216", "kind": "industrial" }, "geometry": { "type": "Polygon", "coordinates": [ [ [ 69.2423591, 41.1780123 ], [ 69.2423545, 41.1778662 ], [ 69.243667, 41.1772083 ], [ 69.2451842, 41.1789007 ], [ 69.2440957, 41.1795561 ], [ 69.2423591, 41.1780123 ] ] ] } },
{ "type": "Feature", "properties": { "osm_id": "w827280217", "kind": "industrial" }, "geometry": { "type": "Polygon", "coordinates": [ [ [ 69.2424291, 41.1778221 ], [ 69.2436646, 41.1771978 ], [ 69.2434191, 41.176965 ], [ 69.242436, 41.1760329 ], [ 69.2413591, 41.1766657 ], [ 69.2424291, 41.1778221 ] ] ] } },
{ "type": "Feature", "properties": { "osm_id": "w827669412", "kind": "industrial" }, "geometry": { "type": "Polygon", "coordinates": [ [ [ 69.3575795, 41.4107159 ], [ 69.3578337, 41.4098949 ], [ 69.356571, 41.4097289 ], [ 69.3544842, 41.4094429 ], [ 69.354148, 41.4099872 ], [ 69.3554395, 41.4102762 ], [ 69.3563004, 41.4105468 ], [ 69.3575795, 41.4107159 ] ] ] } },
{ "type": "Feature", "properties": { "osm_id": "w827669414", "kind": "industrial" }, "geometry": { "type": "Polygon", "coordinates": [ [ [ 69.355461, 41.407621 ], [ 69.3567349, 41.4077352 ], [ 69.3568809, 41.4077748 ], [ 69.3566355, 41.4082199 ], [ 69.3567349, 41.4082619 ], [ 69.3566541, 41.4084576 ], [ 69.3565205, 41.4084203 ], [ 69.3560576, 41.4093315 ], [ 69.354619, 41.409201 ], [ 69.3548955, 41.4086976 ], [ 69.355461, 41.407621 ] ] ] } },
{ "type": "Feature", "properties": { "osm_id": "w827812648", "kind": "industrial" }, "geometry": { "type": "Polygon", "coordinates": [ [ [ 69.41588, 41.4412799 ], [ 69.4165096, 41.4422526 ], [ 69.4171563, 41.4420708 ], [ 69.4184369, 41.4420453 ], [ 69.4190623, 41.4422143 ], [ 69.4194154, 41.4423514 ], [ 69.4197686, 41.4422239 ], [ 69.4201047, 41.441956 ], [ 69.4202153, 41.4417869 ], [ 69.4195941, 41.4412926 ], [ 69.419458, 41.4410725 ], [ 69.4197303, 41.4410725 ], [ 69.4197558, 41.4408174 ], [ 69.4194622, 41.4404092 ], [ 69.4192836, 41.4402114 ], [ 69.4187518, 41.4402114 ], [ 69.4183901, 41.4402242 ], [ 69.417569, 41.4405208 ], [ 69.4171989, 41.4406388 ], [ 69.4158715, 41.4411013 ], [ 69.41588, 41.4412799 ] ] ] } },
{ "type": "Feature", "properties": { "osm_id": "w827812650", "kind": "industrial" }, "geometry": { "type": "Polygon", "coordinates": [ [ [ 69.4170172, 41.4440298 ], [ 69.4174561, 41.4443036 ], [ 69.4177279, 41.4440632 ], [ 69.4172801, 41.4437926 ], [ 69.4170172, 41.4440298 ] ] ] } },
{ "type": "Feature", "properties": { "osm_id": "w827995965", "kind": "industrial" }, "geometry": { "type": "Polygon", "coordinates": [ [ [ 69.375036, 41.3702877 ], [ 69.3785119, 41.3697935 ], [ 69.3784794, 41.3696989 ], [ 69.3768736, 41.3689453 ], [ 69.3769061, 41.3687287 ], [ 69.3765849, 41.3686341 ], [ 69.376158, 41.3686127 ], [ 69.3761174, 41.3687836 ], [ 69.3749953, 41.3700009 ], [ 69.375036, 41.3702877 ] ] ] } },
{ "type": "Feature", "properties": { "osm_id": "w828042316", "kind": "industrial" }, "geometry": { "type": "Polygon", "coordinates": [ [ [ 69.3767588, 41.3737949 ], [ 69.3770997, 41.3745886 ], [ 69.3767751, 41.3748409 ], [ 69.3729157, 41.3759537 ], [ 69.3722979, 41.3760509 ], [ 69.3720713, 41.3759692 ], [ 69.3711652, 41.374989 ], [ 69.3698355, 41.375733 ], [ 69.3696472, 41.3757771 ], [ 69.3682969, 41.3756005 ], [ 69.3683616, 41.3754482 ], [ 69.3680586, 41.3753665 ], [ 69.3686293, 41.3746314 ], [ 69.3692353, 41.3746557 ], [ 69.3706857, 41.3738388 ], [ 69.3714241, 41.3735033 ], [ 69.3729068, 41.3739095 ], [ 69.3727686, 41.3740375 ], [ 69.3734217, 41.3744239 ], [ 69.3736129, 41.374468 ], [ 69.3740159, 41.3744062 ], [ 69.3741925, 41.3744415 ], [ 69.3749044, 41.3742936 ], [ 69.3767588, 41.3737949 ] ] ] } },
{ "type": "Feature", "properties": { "osm_id": "w828042317", "kind": "industrial" }, "geometry": { "type": "Polygon", "coordinates": [ [ [ 69.3757841, 41.3755692 ], [ 69.3758712, 41.3756768 ], [ 69.3764269, 41.3758171 ], [ 69.3754588, 41.3777427 ], [ 69.373579, 41.376728 ], [ 69.3740861, 41.3762572 ], [ 69.3744421, 41.3759862 ], [ 69.3746444, 41.375892 ], [ 69.3757841, 41.3755692 ] ] ] } },
{ "type": "Feature", "properties": { "osm_id": "w828042318", "kind": "industrial" }, "geometry": { "type": "Polygon", "coordinates": [ [ [ 69.3734137, 41.3762692 ], [ 69.3737578, 41.3765295 ], [ 69.3735492, 41.3767307 ], [ 69.3754294, 41.3777574 ], [ 69.3747386, 41.379028 ], [ 69.3746844, 41.379091 ], [ 69.3740327, 41.3787908 ], [ 69.3737578, 41.3786641 ], [ 69.3724519, 41.3780013 ], [ 69.3721999, 41.3779952 ], [ 69.3713682, 41.3776476 ], [ 69.3708805, 41.378168 ], [ 69.3703468, 41.3779119 ], [ 69.3709401, 41.3773122 ], [ 69.3717881, 41.3769422 ], [ 69.3723408, 41.376684 ], [ 69.3724465, 41.376747 ], [ 69.3727635, 41.3765478 ], [ 69.3734137, 41.3762692 ] ] ] } },
{ "type": "Feature", "properties": { "osm_id": "w828042321", "kind": "industrial" }, "geometry": { "type": "Polygon", "coordinates": [ [ [ 69.3585206, 41.3740052 ], [ 69.3622173, 41.3734321 ], [ 69.3632419, 41.3731625 ], [ 69.3632455, 41.3731066 ], [ 69.3622916, 41.3727475 ], [ 69.3618043, 41.3726806 ], [ 69.3583096, 41.3730954 ], [ 69.3585206, 41.3740052 ] ] ] } },
{ "type": "Feature", "properties": { "osm_id": "w828042322", "kind": "industrial" }, "geometry": { "type": "Polygon", "coordinates": [ [ [ 69.3656112, 41.3697438 ], [ 69.3659854, 41.3697083 ], [ 69.3703292, 41.3685529 ], [ 69.3707119, 41.3693307 ], [ 69.3705571, 41.369392 ], [ 69.371099, 41.370583 ], [ 69.3656026, 41.3719934 ], [ 69.3655682, 41.3718998 ], [ 69.3657704, 41.3717901 ], [ 69.3656672, 41.3717546 ], [ 69.3656112, 41.3697438 ] ] ] } },
{ "type": "Feature", "properties": { "osm_id": "w828045033", "kind": "industrial" }, "geometry": { "type": "Polygon", "coordinates": [ [ [ 69.3818844, 41.3709578 ], [ 69.3823374, 41.3714592 ], [ 69.3826555, 41.3720053 ], [ 69.3825049, 41.3721732 ], [ 69.3830296, 41.3723926 ], [ 69.3833221, 41.3727767 ], [ 69.388741, 41.3759072 ], [ 69.3902506, 41.3763203 ], [ 69.3905818, 41.3759846 ], [ 69.3910505, 41.3748519 ], [ 69.3909774, 41.3747744 ], [ 69.3910763, 41.3746711 ], [ 69.390242, 41.3729058 ], [ 69.3898334, 41.373051 ], [ 69.3894765, 41.3727347 ], [ 69.3899667, 41.3724378 ], [ 69.3894206, 41.3713824 ], [ 69.3889518, 41.3705239 ], [ 69.3882507, 41.3696234 ], [ 69.3856531, 41.3699462 ], [ 69.3853821, 41.3701818 ], [ 69.3850037, 41.3702335 ], [ 69.3843156, 41.3706078 ], [ 69.3834468, 41.3708273 ], [ 69.3818211, 41.3704917 ], [ 69.3812738, 41.3702739 ], [ 69.3811602, 41.3704206 ], [ 69.3810023, 41.370302 ], [ 69.3809496, 41.3703556 ], [ 69.3812075, 41.3705649 ], [ 69.3814412, 41.3707013 ], [ 69.3818844, 41.3709578 ] ] ] } },
{ "type": "Feature", "properties": { "osm_id": "w828858184", "kind": "industrial" }, "geometry": { "type": "Polygon", "coordinates": [ [ [ 69.1960221, 41.2264285 ], [ 69.1975764, 41.2258321 ], [ 69.1980898, 41.2265024 ], [ 69.1976509, 41.226803 ], [ 69.1965184, 41.2269951 ], [ 69.1960221, 41.2264285 ] ] ] } },
{ "type": "Feature", "properties": { "osm_id": "w828858190", "kind": "industrial" }, "geometry": { "type": "Polygon", "coordinates": [ [ [ 69.1960256, 41.2198929 ], [ 69.1968584, 41.2194887 ], [ 69.1970298, 41.2194094 ], [ 69.1976495, 41.2201674 ], [ 69.1976655, 41.220183 ], [ 69.1973842, 41.2203101 ], [ 69.1966571, 41.2206484 ], [ 69.1965077, 41.2204668 ], [ 69.1960256, 41.2198929 ] ] ] } },
{ "type": "Feature", "properties": { "osm_id": "w829371317", "kind": "industrial" }, "geometry": { "type": "Polygon", "coordinates": [ [ [ 69.1766493, 41.2224346 ], [ 69.1778073, 41.2237855 ], [ 69.1790202, 41.2253489 ], [ 69.1799331, 41.2248344 ], [ 69.1802308, 41.2246498 ], [ 69.1806646, 41.2244464 ], [ 69.1809521, 41.2243116 ], [ 69.1809277, 41.2242141 ], [ 69.1800082, 41.2230572 ], [ 69.1797221, 41.222704 ], [ 69.1796169, 41.2226084 ], [ 69.1785869, 41.2222459 ], [ 69.1779287, 41.2220516 ], [ 69.1773795, 41.2220144 ], [ 69.1770199, 41.2223141 ], [ 69.1766493, 41.2224346 ] ] ] } },
{ "type": "Feature", "properties": { "osm_id": "w829371318", "kind": "industrial" }, "geometry": { "type": "Polygon", "coordinates": [ [ [ 69.1790505, 41.2253762 ], [ 69.1802823, 41.2246902 ], [ 69.1808139, 41.2244752 ], [ 69.1810857, 41.2243429 ], [ 69.1815219, 41.2249792 ], [ 69.1819205, 41.225669 ], [ 69.1819768, 41.2259265 ], [ 69.1823705, 41.2260754 ], [ 69.1826468, 41.2262042 ], [ 69.1831212, 41.2263642 ], [ 69.1832802, 41.2265297 ], [ 69.1833902, 41.2266732 ], [ 69.1833927, 41.2268645 ], [ 69.1830919, 41.2269675 ], [ 69.182637, 41.2270024 ], [ 69.1813287, 41.227453 ], [ 69.1799055, 41.2263366 ], [ 69.1795387, 41.2259283 ], [ 69.1790505, 41.2253762 ] ] ] } },
{ "type": "Feature", "properties": { "osm_id": "w829372326", "kind": "industrial" }, "geometry": { "type": "Polygon", "coordinates": [ [ [ 69.1720589, 41.2164696 ], [ 69.1732331, 41.2160407 ], [ 69.1738736, 41.2172324 ], [ 69.1741888, 41.2180288 ], [ 69.174132, 41.2180311 ], [ 69.173618, 41.2180501 ], [ 69.1728254, 41.2179085 ], [ 69.1726861, 41.2179049 ], [ 69.1720589, 41.2164696 ] ] ] } },
{ "type": "Feature", "properties": { "osm_id": "w829506618", "kind": "industrial" }, "geometry": { "type": "Polygon", "coordinates": [ [ [ 69.2399077, 41.2222033 ], [ 69.2398539, 41.2220569 ], [ 69.2391471, 41.2219548 ], [ 69.2369804, 41.2225693 ], [ 69.2371699, 41.2229218 ], [ 69.2399077, 41.2222033 ] ] ] } },
{ "type": "Feature", "properties": { "osm_id": "w829506619", "kind": "industrial" }, "geometry": { "type": "Polygon", "coordinates": [ [ [ 69.2348965, 41.224369 ], [ 69.2358168, 41.2245434 ], [ 69.2359701, 41.223949 ], [ 69.2359204, 41.2239221 ], [ 69.2358901, 41.2238358 ], [ 69.235612, 41.2236549 ], [ 69.2348965, 41.224369 ] ] ] } },
{ "type": "Feature", "properties": { "osm_id": "w829506620", "kind": "industrial" }, "geometry": { "type": "Polygon", "coordinates": [ [ [ 69.2277744, 41.2253518 ], [ 69.2286788, 41.2264726 ], [ 69.2290933, 41.2263166 ], [ 69.2349598, 41.2241091 ], [ 69.2349871, 41.2240941 ], [ 69.2355596, 41.2236048 ], [ 69.2353587, 41.2235084 ], [ 69.2339177, 41.2229802 ], [ 69.230985, 41.2218879 ], [ 69.2277744, 41.2253518 ] ] ] } },
{ "type": "Feature", "properties": { "osm_id": "w829506621", "kind": "industrial" }, "geometry": { "type": "Polygon", "coordinates": [ [ [ 69.2349932, 41.224177 ], [ 69.2341715, 41.2249587 ], [ 69.2340199, 41.2249274 ], [ 69.2336391, 41.226623 ], [ 69.2334207, 41.2265975 ], [ 69.2333669, 41.2267888 ], [ 69.2333083, 41.2267888 ], [ 69.2331835, 41.2272283 ], [ 69.2327996, 41.227541 ], [ 69.2310511, 41.2282233 ], [ 69.2300876, 41.2276532 ], [ 69.2299091, 41.2276127 ], [ 69.2296303, 41.2276661 ], [ 69.2289945, 41.2269911 ], [ 69.2294127, 41.2268476 ], [ 69.2290933, 41.2263166 ], [ 69.2349598, 41.2241091 ], [ 69.2349932, 41.224177 ] ] ] } },
{ "type": "Feature", "properties": { "osm_id": "w829506622", "kind": "industrial" }, "geometry": { "type": "Polygon", "coordinates": [ [ [ 69.2301383, 41.2305479 ], [ 69.2303338, 41.2307097 ], [ 69.231095, 41.2307258 ], [ 69.2310977, 41.2307713 ], [ 69.2326063, 41.2307918 ], [ 69.2329954, 41.2292809 ], [ 69.2328013, 41.2292838 ], [ 69.2319785, 41.2288923 ], [ 69.2301383, 41.2305479 ] ] ] } },
{ "type": "Feature", "properties": { "osm_id": "w829507027", "kind": "industrial" }, "geometry": { "type": "Polygon", "coordinates": [ [ [ 69.2504816, 41.2189945 ], [ 69.2510435, 41.2188263 ], [ 69.2509111, 41.2185674 ], [ 69.2503492, 41.21874 ], [ 69.2504816, 41.2189945 ] ] ] } },
{ "type": "Feature", "properties": { "osm_id": "w830376509", "kind": "industrial" }, "geometry": { "type": "Polygon", "coordinates": [ [ [ 69.2283187, 41.39138 ], [ 69.228583, 41.391189 ], [ 69.2291116, 41.3910973 ], [ 69.2303449, 41.3915636 ], [ 69.2302373, 41.3918592 ], [ 69.2295105, 41.3928597 ], [ 69.2294273, 41.3928579 ], [ 69.2293905, 41.3931094 ], [ 69.2293098, 41.3931131 ], [ 69.2290259, 41.39346 ], [ 69.22814, 41.3921584 ], [ 69.2283187, 41.39138 ] ] ] } },
{ "type": "Feature", "properties": { "osm_id": "w832571342", "kind": "cemetery" }, "geometry": { "type": "Polygon", "coordinates": [ [ [ 69.1746324, 41.219118 ], [ 69.1745478, 41.2190405 ], [ 69.1741888, 41.2180288 ], [ 69.174132, 41.2180311 ], [ 69.173618, 41.2180501 ], [ 69.1728254, 41.2179085 ], [ 69.1726861, 41.2179049 ], [ 69.172824, 41.2182289 ], [ 69.1728268, 41.2182338 ], [ 69.1735444, 41.218681 ], [ 69.1737809, 41.2191743 ], [ 69.1738354, 41.2192643 ], [ 69.1739144, 41.2193432 ], [ 69.1739967, 41.2194003 ], [ 69.1740888, 41.2194315 ], [ 69.1741586, 41.2194409 ], [ 69.1742332, 41.2194392 ], [ 69.1744308, 41.2194066 ], [ 69.1743348, 41.2191942 ], [ 69.1746324, 41.219118 ] ] ] } },
{ "type": "Feature", "properties": { "osm_id": "w833137145", "kind": "garages" }, "geometry": { "type": "Polygon", "coordinates": [ [ [ 69.3561688, 41.2875683 ], [ 69.3566027, 41.2877872 ], [ 69.3567302, 41.2876504 ], [ 69.3562477, 41.2874816 ], [ 69.3561688, 41.2875683 ] ] ] } },
{ "type": "Feature", "properties": { "osm_id": "w833155226", "kind": "garages" }, "geometry": { "type": "Polygon", "coordinates": [ [ [ 69.3566569, 41.2880063 ], [ 69.3566493, 41.2879392 ], [ 69.3577006, 41.2884703 ], [ 69.3576596, 41.2885544 ], [ 69.3566569, 41.2880063 ] ] ] } },
{ "type": "Feature", "properties": { "osm_id": "w835530640", "kind": "industrial" }, "geometry": { "type": "Polygon", "coordinates": [ [ [ 69.1537258, 41.3153963 ], [ 69.1541442, 41.3163946 ], [ 69.1526229, 41.3167612 ], [ 69.1525653, 41.3165817 ], [ 69.1522024, 41.3166695 ], [ 69.1518496, 41.3158415 ], [ 69.1537258, 41.3153963 ] ] ] } },
{ "type": "Feature", "properties": { "osm_id": "w835530641", "kind": "industrial" }, "geometry": { "type": "Polygon", "coordinates": [ [ [ 69.1489873, 41.3059344 ], [ 69.1500478, 41.3058781 ], [ 69.1506289, 41.3058424 ], [ 69.150823, 41.3068571 ], [ 69.1508954, 41.307116 ], [ 69.1511868, 41.3076458 ], [ 69.1513497, 41.3077491 ], [ 69.1514537, 41.3079264 ], [ 69.1517424, 41.3082023 ], [ 69.1518323, 41.3084639 ], [ 69.1521272, 41.3098249 ], [ 69.1520514, 41.3099072 ], [ 69.1519093, 41.3099668 ], [ 69.1503071, 41.3103366 ], [ 69.1503377, 41.3104159 ], [ 69.1496665, 41.3105866 ], [ 69.1496115, 41.3104577 ], [ 69.1482408, 41.3107614 ], [ 69.1483682, 41.3111391 ], [ 69.1478196, 41.3111561 ], [ 69.1475421, 41.3104362 ], [ 69.14821, 41.3103999 ], [ 69.1485585, 41.3101526 ], [ 69.148707, 41.3096 ], [ 69.1489103, 41.3092486 ], [ 69.1488844, 41.3089819 ], [ 69.1492587, 41.3084099 ], [ 69.1492362, 41.3081312 ], [ 69.1491103, 41.3076222 ], [ 69.1490965, 41.3072523 ], [ 69.1490389, 41.3069843 ], [ 69.1488393, 41.3067374 ], [ 69.1489264, 41.3062769 ], [ 69.1489006, 41.3061193 ], [ 69.1489873, 41.3059344 ] ] ] } },
{ "type": "Feature", "properties": { "osm_id": "w836187266", "kind": "garages" }, "geometry": { "type": "Polygon", "coordinates": [ [ [ 69.3541421, 41.2828138 ], [ 69.3541761, 41.2827541 ], [ 69.3543619, 41.2828201 ], [ 69.354304, 41.2828808 ], [ 69.3541421, 41.2828138 ] ] ] } },
{ "type": "Feature", "properties": { "osm_id": "w837218333", "kind": "industrial" }, "geometry": { "type": "Polygon", "coordinates": [ [ [ 69.5295943, 41.4342549 ], [ 69.5296922, 41.4342347 ], [ 69.5299856, 41.4340001 ], [ 69.5302155, 41.4341944 ], [ 69.5306337, 41.4344474 ], [ 69.5309736, 41.4341577 ], [ 69.5335546, 41.4358276 ], [ 69.5336489, 41.4360057 ], [ 69.5326035, 41.43648 ], [ 69.5319813, 41.4367411 ], [ 69.5307271, 41.4360278 ], [ 69.530823, 41.4358746 ], [ 69.5301296, 41.4354273 ], [ 69.5299927, 41.4355323 ], [ 69.5298968, 41.4350793 ], [ 69.5297273, 41.4350759 ], [ 69.5296716, 41.4345912 ], [ 69.5295943, 41.4342549 ] ] ] } },
{ "type": "Feature", "properties": { "osm_id": "w837218337", "kind": "industrial" }, "geometry": { "type": "Polygon", "coordinates": [ [ [ 69.5291005, 41.4376598 ], [ 69.5304136, 41.437241 ], [ 69.5308361, 41.4381505 ], [ 69.529904, 41.4384364 ], [ 69.5296918, 41.4380997 ], [ 69.5296129, 41.4380963 ], [ 69.5291005, 41.4376598 ] ] ] } },
{ "type": "Feature", "properties": { "osm_id": "w837428563", "kind": "industrial" }, "geometry": { "type": "Polygon", "coordinates": [ [ [ 69.5219307, 41.4517188 ], [ 69.5223518, 41.4515848 ], [ 69.5235103, 41.4532946 ], [ 69.5222499, 41.45367 ], [ 69.5221399, 41.4534225 ], [ 69.521972, 41.4526016 ], [ 69.5219307, 41.4517188 ] ] ] } },
{ "type": "Feature", "properties": { "osm_id": "w837428564", "kind": "industrial" }, "geometry": { "type": "Polygon", "coordinates": [ [ [ 69.5204002, 41.4506728 ], [ 69.5204842, 41.4507355 ], [ 69.5209768, 41.4511033 ], [ 69.5214114, 41.4514438 ], [ 69.521916, 41.4511557 ], [ 69.5209746, 41.4505598 ], [ 69.5204002, 41.4506728 ] ] ] } },
{ "type": "Feature", "properties": { "osm_id": "w837445421", "kind": "industrial" }, "geometry": { "type": "Polygon", "coordinates": [ [ [ 69.5595071, 41.4369764 ], [ 69.5601751, 41.4361685 ], [ 69.5608172, 41.4362822 ], [ 69.5613141, 41.436033 ], [ 69.5615561, 41.436033 ], [ 69.5619853, 41.4361201 ], [ 69.5620788, 41.4361564 ], [ 69.5625532, 41.4366547 ], [ 69.5629759, 41.4370297 ], [ 69.5634728, 41.4372208 ], [ 69.5632517, 41.4376464 ], [ 69.563185, 41.4376424 ], [ 69.563134, 41.4377771 ], [ 69.5621305, 41.4375981 ], [ 69.5621014, 41.4376514 ], [ 69.5611624, 41.4374699 ], [ 69.5595394, 41.4371143 ], [ 69.5595071, 41.4369764 ] ] ] } },
{ "type": "Feature", "properties": { "osm_id": "w837445422", "kind": "industrial" }, "geometry": { "type": "Polygon", "coordinates": [ [ [ 69.5541216, 41.4348597 ], [ 69.5544346, 41.4352319 ], [ 69.5550093, 41.4357232 ], [ 69.5554543, 41.4360404 ], [ 69.5554764, 41.4360239 ], [ 69.5559532, 41.4362915 ], [ 69.5559223, 41.436439 ], [ 69.5565607, 41.4365938 ], [ 69.5568423, 41.4361575 ], [ 69.5570006, 41.4362158 ], [ 69.5569416, 41.4363365 ], [ 69.5576014, 41.4365396 ], [ 69.557706, 41.4366361 ], [ 69.5577623, 41.4366039 ], [ 69.5578428, 41.4366723 ], [ 69.5582853, 41.4367929 ], [ 69.5592, 41.4369799 ], [ 69.5595031, 41.4366401 ], [ 69.5578213, 41.4360871 ], [ 69.5565258, 41.4356427 ], [ 69.5551847, 41.4350917 ], [ 69.5551257, 41.4350395 ], [ 69.5547985, 41.4349108 ], [ 69.5542352, 41.434778 ], [ 69.5541216, 41.4348597 ] ] ] } },
{ "type": "Feature", "properties": { "osm_id": "w837445423", "kind": "industrial" }, "geometry": { "type": "Polygon", "coordinates": [ [ [ 69.5594827, 41.4389492 ], [ 69.5604409, 41.4382337 ], [ 69.5609913, 41.4386046 ], [ 69.5608949, 41.4386713 ], [ 69.5611989, 41.4388631 ], [ 69.5612952, 41.438813 ], [ 69.5617048, 41.4390395 ], [ 69.5617437, 41.4396466 ], [ 69.5615603, 41.4399912 ], [ 69.5611711, 41.4402691 ], [ 69.5610395, 41.4401385 ], [ 69.5599812, 41.4393118 ], [ 69.5594827, 41.4389492 ] ] ] } },
{ "type": "Feature", "properties": { "osm_id": "w837445424", "kind": "industrial" }, "geometry": { "type": "Polygon", "coordinates": [ [ [ 69.5575151, 41.4374122 ], [ 69.5580042, 41.4369665 ], [ 69.5581045, 41.4368751 ], [ 69.5589506, 41.4371024 ], [ 69.5590876, 41.4372289 ], [ 69.5591145, 41.4372124 ], [ 69.5604409, 41.4382337 ], [ 69.5594827, 41.4389492 ], [ 69.5575151, 41.4374122 ] ] ] } },
{ "type": "Feature", "properties": { "osm_id": "w837445425", "kind": "industrial" }, "geometry": { "type": "Polygon", "coordinates": [ [ [ 69.5575151, 41.4374122 ], [ 69.5567311, 41.4368041 ], [ 69.5569588, 41.436603 ], [ 69.5580042, 41.4369665 ], [ 69.5575151, 41.4374122 ] ] ] } },
{ "type": "Feature", "properties": { "osm_id": "w844537445", "kind": "military" }, "geometry": { "type": "Polygon", "coordinates": [ [ [ 69.1555514, 41.3835615 ], [ 69.1559148, 41.3841052 ], [ 69.1567085, 41.3839764 ], [ 69.1570742, 41.384152 ], [ 69.1571232, 41.384592 ], [ 69.1552385, 41.3855979 ], [ 69.1547572, 41.3849977 ], [ 69.1543325, 41.385181 ], [ 69.1542581, 41.3851624 ], [ 69.1542178, 41.3850882 ], [ 69.1541873, 41.3850323 ], [ 69.1545342, 41.384849 ], [ 69.154559, 41.3847296 ], [ 69.154874, 41.3844693 ], [ 69.1546404, 41.3841507 ], [ 69.1555514, 41.3835615 ] ] ] } },
{ "type": "Feature", "properties": { "osm_id": "w845454437", "kind": "industrial" }, "geometry": { "type": "Polygon", "coordinates": [ [ [ 69.1853051, 41.1883934 ], [ 69.1853492, 41.18834 ], [ 69.190079, 41.1886063 ], [ 69.1904965, 41.1896202 ], [ 69.1895578, 41.1904231 ], [ 69.1892129, 41.190202 ], [ 69.1882379, 41.1910799 ], [ 69.187637, 41.1908447 ], [ 69.1869617, 41.1904153 ], [ 69.1853051, 41.1883934 ] ] ] } },
{ "type": "Feature", "properties": { "osm_id": "w845454447", "kind": "industrial" }, "geometry": { "type": "Polygon", "coordinates": [ [ [ 69.196748, 41.1814557 ], [ 69.1987713, 41.1816094 ], [ 69.1974015, 41.1832197 ], [ 69.1959047, 41.1831379 ], [ 69.1952848, 41.1831038 ], [ 69.196748, 41.1814557 ] ] ] } },
{ "type": "Feature", "properties": { "osm_id": "w845454448", "kind": "industrial" }, "geometry": { "type": "Polygon", "coordinates": [ [ [ 69.1980224, 41.1867192 ], [ 69.1995901, 41.1865132 ], [ 69.1995224, 41.1863162 ], [ 69.1995826, 41.1863056 ], [ 69.2006479, 41.1864201 ], [ 69.2009992, 41.1847357 ], [ 69.1986164, 41.1843692 ], [ 69.1982339, 41.1854104 ], [ 69.1987965, 41.1858253 ], [ 69.1980224, 41.1867192 ] ] ] } },
{ "type": "Feature", "properties": { "osm_id": "w845454449", "kind": "industrial" }, "geometry": { "type": "Polygon", "coordinates": [ [ [ 69.1986164, 41.1843692 ], [ 69.1989172, 41.1834396 ], [ 69.1994233, 41.1834875 ], [ 69.2013416, 41.1837299 ], [ 69.2009992, 41.1847357 ], [ 69.1986164, 41.1843692 ] ] ] } },
{ "type": "Feature", "properties": { "osm_id": "w845454450", "kind": "industrial" }, "geometry": { "type": "Polygon", "coordinates": [ [ [ 69.193889, 41.1831958 ], [ 69.19705, 41.183392 ], [ 69.1971632, 41.1834351 ], [ 69.1970699, 41.1835551 ], [ 69.1960908, 41.1846459 ], [ 69.1956902, 41.1851126 ], [ 69.195418, 41.1850609 ], [ 69.193889, 41.1831958 ] ] ] } },
{ "type": "Feature", "properties": { "osm_id": "w845575975", "kind": "industrial" }, "geometry": { "type": "Polygon", "coordinates": [ [ [ 69.1715816, 41.3658167 ], [ 69.1713118, 41.3662358 ], [ 69.1713919, 41.3664464 ], [ 69.1716084, 41.3665908 ], [ 69.1718489, 41.3666149 ], [ 69.1722337, 41.3663963 ], [ 69.1729445, 41.3664785 ], [ 69.1738343, 41.3665667 ], [ 69.1745585, 41.3666409 ], [ 69.1751197, 41.3667553 ], [ 69.1756034, 41.3669518 ], [ 69.176234, 41.3668555 ], [ 69.1763783, 41.3657465 ], [ 69.1759962, 41.3657304 ], [ 69.1758305, 41.3662338 ], [ 69.1736179, 41.3658046 ], [ 69.17365, 41.3656883 ], [ 69.1733266, 41.3656322 ], [ 69.1732358, 41.3658167 ], [ 69.1723913, 41.365943 ], [ 69.172247, 41.3660814 ], [ 69.1715816, 41.3658167 ] ] ] } },
{ "type": "Feature", "properties": { "osm_id": "w845575979", "kind": "industrial" }, "geometry": { "type": "Polygon", "coordinates": [ [ [ 69.1766586, 41.3652149 ], [ 69.1765036, 41.3662917 ], [ 69.1763577, 41.3669396 ], [ 69.1766768, 41.3670697 ], [ 69.1768653, 41.3672499 ], [ 69.1770629, 41.3672636 ], [ 69.1773608, 41.3671381 ], [ 69.177835, 41.3671655 ], [ 69.1780904, 41.3672339 ], [ 69.1789203, 41.3671267 ], [ 69.1794158, 41.3671039 ], [ 69.1797107, 41.3671214 ], [ 69.1803117, 41.36729 ], [ 69.181418, 41.3662255 ], [ 69.1800652, 41.3654373 ], [ 69.1797897, 41.3657396 ], [ 69.1795404, 41.365605 ], [ 69.1766586, 41.3652149 ] ] ] } },
{ "type": "Feature", "properties": { "osm_id": "w845575980", "kind": "industrial" }, "geometry": { "type": "Polygon", "coordinates": [ [ [ 69.1853974, 41.3681644 ], [ 69.1860525, 41.3686031 ], [ 69.1846509, 41.3690606 ], [ 69.1843244, 41.3690846 ], [ 69.1827296, 41.3690496 ], [ 69.1822481, 41.3689943 ], [ 69.1804949, 41.3683079 ], [ 69.1771729, 41.368154 ], [ 69.1756501, 41.3677623 ], [ 69.1749553, 41.3675785 ], [ 69.1740703, 41.3675043 ], [ 69.1731121, 41.367422 ], [ 69.1717993, 41.3669554 ], [ 69.1719931, 41.3668841 ], [ 69.1728379, 41.3667276 ], [ 69.1738911, 41.3668594 ], [ 69.1751784, 41.367068 ], [ 69.1754709, 41.367164 ], [ 69.1758769, 41.3671805 ], [ 69.1760707, 41.3672518 ], [ 69.1765241, 41.3673314 ], [ 69.1767472, 41.3674687 ], [ 69.1771312, 41.3675208 ], [ 69.1772994, 41.3674714 ], [ 69.1774311, 41.3673808 ], [ 69.1776395, 41.3673479 ], [ 69.1780162, 41.367422 ], [ 69.1784404, 41.367422 ], [ 69.1789743, 41.3673589 ], [ 69.1793583, 41.3673369 ], [ 69.1796582, 41.3673616 ], [ 69.1803457, 41.3676965 ], [ 69.1809199, 41.3678035 ], [ 69.1812892, 41.3678529 ], [ 69.1816732, 41.3680231 ], [ 69.1819183, 41.3682536 ], [ 69.1826204, 41.3684567 ], [ 69.182913, 41.3685418 ], [ 69.1835273, 41.3684265 ], [ 69.1839991, 41.3684704 ], [ 69.1841819, 41.3685198 ], [ 69.1846281, 41.3683963 ], [ 69.1849865, 41.3682838 ], [ 69.1853974, 41.3681644 ] ] ] } },
{ "type": "Feature", "properties": { "osm_id": "w845812067", "kind": "industrial" }, "geometry": { "type": "Polygon", "coordinates": [ [ [ 69.1451931, 41.361662 ], [ 69.1468659, 41.3611116 ], [ 69.1469301, 41.3608326 ], [ 69.1483866, 41.3607108 ], [ 69.1482346, 41.3597876 ], [ 69.1475655, 41.3598941 ], [ 69.145112, 41.3604242 ], [ 69.1449836, 41.3601173 ], [ 69.143615, 41.3604851 ], [ 69.1441219, 41.3615149 ], [ 69.1449971, 41.3612765 ], [ 69.1451931, 41.361662 ] ] ] } },
{ "type": "Feature", "properties": { "osm_id": "w846226084", "kind": "industrial" }, "geometry": { "type": "Polygon", "coordinates": [ [ [ 69.1540846, 41.3430569 ], [ 69.1541173, 41.3434023 ], [ 69.1540263, 41.3434655 ], [ 69.1546125, 41.3440424 ], [ 69.1533209, 41.344614 ], [ 69.1524474, 41.3435566 ], [ 69.1528491, 41.3433375 ], [ 69.153809, 41.3428447 ], [ 69.1540192, 41.3430674 ], [ 69.1540846, 41.3430569 ] ] ] } },
{ "type": "Feature", "properties": { "osm_id": "w846226092", "kind": "industrial" }, "geometry": { "type": "Polygon", "coordinates": [ [ [ 69.1466466, 41.3395703 ], [ 69.1469333, 41.3393444 ], [ 69.1472838, 41.3395438 ], [ 69.1476803, 41.3399212 ], [ 69.1478254, 41.3401684 ], [ 69.1478892, 41.3405059 ], [ 69.1479706, 41.3416541 ], [ 69.1481334, 41.3416727 ], [ 69.1481547, 41.3418694 ], [ 69.147344, 41.3422628 ], [ 69.1472201, 41.3419837 ], [ 69.1472767, 41.3419226 ], [ 69.1472484, 41.3418269 ], [ 69.1472095, 41.3418242 ], [ 69.1469758, 41.3410534 ], [ 69.1466466, 41.3395703 ] ] ] } },
{ "type": "Feature", "properties": { "osm_id": "w846399014", "kind": "industrial" }, "geometry": { "type": "Polygon", "coordinates": [ [ [ 69.1590582, 41.3487984 ], [ 69.1614205, 41.3483505 ], [ 69.1630858, 41.3483689 ], [ 69.1629171, 41.3496649 ], [ 69.1628388, 41.3502377 ], [ 69.1626652, 41.3503001 ], [ 69.1624793, 41.3507554 ], [ 69.1620661, 41.350614 ], [ 69.1618924, 41.350636 ], [ 69.1616112, 41.3508343 ], [ 69.1613349, 41.3506489 ], [ 69.1613324, 41.3503075 ], [ 69.1612322, 41.3500743 ], [ 69.1609118, 41.3498228 ], [ 69.1603592, 41.3495585 ], [ 69.1599141, 41.3495328 ], [ 69.159491, 41.3493914 ], [ 69.1591682, 41.349195 ], [ 69.1590729, 41.3489784 ], [ 69.1590582, 41.3487984 ] ] ] } },
{ "type": "Feature", "properties": { "osm_id": "w849692952", "kind": "industrial" }, "geometry": { "type": "Polygon", "coordinates": [ [ [ 69.135802, 41.3179619 ], [ 69.136777, 41.319241 ], [ 69.1373561, 41.3189948 ], [ 69.1376712, 41.3188317 ], [ 69.1382459, 41.3185503 ], [ 69.1391145, 41.3182881 ], [ 69.1391486, 41.3184128 ], [ 69.139783, 41.3184576 ], [ 69.1395999, 41.3182177 ], [ 69.1392423, 41.3179491 ], [ 69.1391316, 41.3179267 ], [ 69.1387824, 41.3179331 ], [ 69.1386291, 41.3178596 ], [ 69.1385184, 41.3174791 ], [ 69.1375477, 41.3175718 ], [ 69.135802, 41.3179619 ] ] ] } },
{ "type": "Feature", "properties": { "osm_id": "w849692953", "kind": "industrial" }, "geometry": { "type": "Polygon", "coordinates": [ [ [ 69.1358701, 41.3178436 ], [ 69.1367345, 41.3176703 ], [ 69.1368591, 41.3175853 ], [ 69.1367904, 41.3173301 ], [ 69.1364993, 41.3169161 ], [ 69.1363828, 41.3167776 ], [ 69.1358898, 41.3164438 ], [ 69.1356821, 41.3163782 ], [ 69.1353658, 41.3160487 ], [ 69.1351484, 41.3159292 ], [ 69.1344691, 41.3157528 ], [ 69.1343953, 41.3158009 ], [ 69.1352338, 41.3167995 ], [ 69.1352513, 41.3168986 ], [ 69.1358701, 41.3178436 ] ] ] } },
{ "type": "Feature", "properties": { "osm_id": "w849692960", "kind": "industrial" }, "geometry": { "type": "Polygon", "coordinates": [ [ [ 69.1332411, 41.3159244 ], [ 69.1332624, 41.3158269 ], [ 69.1333646, 41.3157869 ], [ 69.1332773, 41.3156942 ], [ 69.1333071, 41.3155023 ], [ 69.1335285, 41.3154288 ], [ 69.133718, 41.3154975 ], [ 69.134412, 41.3163657 ], [ 69.1354722, 41.3178639 ], [ 69.1365579, 41.3193557 ], [ 69.1370838, 41.3200752 ], [ 69.1373371, 41.3204349 ], [ 69.1371966, 41.3204845 ], [ 69.137105, 41.3203486 ], [ 69.1370391, 41.3203678 ], [ 69.1368922, 41.3201823 ], [ 69.1344567, 41.3173155 ], [ 69.1338053, 41.3165768 ], [ 69.1338606, 41.3165304 ], [ 69.1334349, 41.3161339 ], [ 69.1332411, 41.3159244 ] ] ] } },
{ "type": "Feature", "properties": { "osm_id": "w849692961", "kind": "industrial" }, "geometry": { "type": "Polygon", "coordinates": [ [ [ 69.1283187, 41.3100171 ], [ 69.1291555, 41.3095819 ], [ 69.1304752, 41.3111937 ], [ 69.1294881, 41.3114496 ], [ 69.1283187, 41.3100171 ] ] ] } },
{ "type": "Feature", "properties": { "osm_id": "w850002688", "kind": "industrial" }, "geometry": { "type": "Polygon", "coordinates": [ [ [ 69.1546553, 41.2349317 ], [ 69.1554216, 41.2349317 ], [ 69.1560699, 41.2351502 ], [ 69.1571035, 41.2354984 ], [ 69.1588576, 41.235889 ], [ 69.1594617, 41.2365416 ], [ 69.1581168, 41.2370097 ], [ 69.1570651, 41.2376084 ], [ 69.1567884, 41.237682 ], [ 69.1559581, 41.2373042 ], [ 69.1549874, 41.2372082 ], [ 69.1541316, 41.2369552 ], [ 69.1537484, 41.2366895 ], [ 69.1530884, 41.2364686 ], [ 69.1527052, 41.2364493 ], [ 69.1518579, 41.2361964 ], [ 69.1520325, 41.2358922 ], [ 69.1527904, 41.2357257 ], [ 69.1529649, 41.2355977 ], [ 69.1535993, 41.2355656 ], [ 69.154123, 41.2353927 ], [ 69.1542699, 41.2351366 ], [ 69.1546553, 41.2349317 ] ] ] } },
{ "type": "Feature", "properties": { "osm_id": "w865584013", "kind": "industrial" }, "geometry": { "type": "Polygon", "coordinates": [ [ [ 69.1316919, 41.3139609 ], [ 69.1320645, 41.3137853 ], [ 69.1316919, 41.3131449 ], [ 69.1318119, 41.3128223 ], [ 69.1316256, 41.312559 ], [ 69.1315277, 41.3125851 ], [ 69.1311898, 41.3121653 ], [ 69.1304603, 41.3125021 ], [ 69.1316919, 41.3139609 ] ] ] } },
{ "type": "Feature", "properties": { "osm_id": "w865584015", "kind": "industrial" }, "geometry": { "type": "Polygon", "coordinates": [ [ [ 69.1324336, 41.3139548 ], [ 69.1326011, 41.3138765 ], [ 69.1335808, 41.3152675 ], [ 69.1331826, 41.3154336 ], [ 69.1324336, 41.3139548 ] ] ] } },
{ "type": "Feature", "properties": { "osm_id": "w865584018", "kind": "industrial" }, "geometry": { "type": "Polygon", "coordinates": [ [ [ 69.1272608, 41.3087939 ], [ 69.1279624, 41.3096061 ], [ 69.1288923, 41.3093436 ], [ 69.128719, 41.3091617 ], [ 69.1286612, 41.3091576 ], [ 69.1285979, 41.3090315 ], [ 69.1282485, 41.3086472 ], [ 69.1272608, 41.3087939 ] ] ] } },
{ "type": "Feature", "properties": { "osm_id": "w868835458", "kind": "industrial" }, "geometry": { "type": "Polygon", "coordinates": [ [ [ 69.5570072, 41.4071254 ], [ 69.557524, 41.4066977 ], [ 69.5581888, 41.4071582 ], [ 69.5592123, 41.4078671 ], [ 69.5586842, 41.4082758 ], [ 69.5570072, 41.4071254 ] ] ] } },
{ "type": "Feature", "properties": { "osm_id": "w868835464", "kind": "industrial" }, "geometry": { "type": "Polygon", "coordinates": [ [ [ 69.5605206, 41.406921 ], [ 69.5613038, 41.406581 ], [ 69.5606734, 41.4057642 ], [ 69.5599117, 41.4060962 ], [ 69.5605206, 41.406921 ] ] ] } },
{ "type": "Feature", "properties": { "osm_id": "w868987448", "kind": "industrial" }, "geometry": { "type": "Polygon", "coordinates": [ [ [ 69.4393251, 41.3099579 ], [ 69.441123, 41.3105479 ], [ 69.4401933, 41.3121127 ], [ 69.4395183, 41.3120758 ], [ 69.4389201, 41.3115228 ], [ 69.4395736, 41.3112116 ], [ 69.4393251, 41.3099579 ] ] ] } },
{ "type": "Feature", "properties": { "osm_id": "w868990802", "kind": "industrial" }, "geometry": { "type": "Polygon", "coordinates": [ [ [ 69.4333179, 41.3006342 ], [ 69.4336818, 41.3005178 ], [ 69.4353347, 41.3012652 ], [ 69.4364303, 41.2995494 ], [ 69.43151, 41.2976444 ], [ 69.4317152, 41.2986885 ], [ 69.4333179, 41.3006342 ] ] ] } },
{ "type": "Feature", "properties": { "osm_id": "w871095825", "kind": "military" }, "geometry": { "type": "Polygon", "coordinates": [ [ [ 69.5651169, 41.4748129 ], [ 69.5666174, 41.4742255 ], [ 69.56587, 41.4732634 ], [ 69.5662989, 41.4730485 ], [ 69.5663484, 41.4729882 ], [ 69.5664271, 41.4729629 ], [ 69.5661398, 41.4726087 ], [ 69.5661032, 41.4726254 ], [ 69.5655128, 41.4719547 ], [ 69.5647798, 41.4723581 ], [ 69.5649455, 41.472996 ], [ 69.5640407, 41.4734086 ], [ 69.5651169, 41.4748129 ] ] ] } },
{ "type": "Feature", "properties": { "osm_id": "w871556483", "kind": "industrial" }, "geometry": { "type": "Polygon", "coordinates": [ [ [ 69.5870863, 41.4581461 ], [ 69.5880814, 41.4578968 ], [ 69.5881619, 41.4582285 ], [ 69.5878025, 41.4583491 ], [ 69.5879688, 41.4586768 ], [ 69.5882531, 41.4586145 ], [ 69.5883872, 41.4588697 ], [ 69.5882772, 41.4588878 ], [ 69.5883845, 41.459513 ], [ 69.5880734, 41.4595894 ], [ 69.5884247, 41.4605703 ], [ 69.5888807, 41.4604457 ], [ 69.5889746, 41.4606507 ], [ 69.5888485, 41.4606788 ], [ 69.5888351, 41.4607371 ], [ 69.5885535, 41.4608497 ], [ 69.5888432, 41.4616738 ], [ 69.5884113, 41.4617623 ], [ 69.5870863, 41.4581461 ] ] ] } },
{ "type": "Feature", "properties": { "osm_id": "w871810175", "kind": "industrial" }, "geometry": { "type": "Polygon", "coordinates": [ [ [ 69.587227, 41.4564871 ], [ 69.5868633, 41.4555196 ], [ 69.5867949, 41.4555013 ], [ 69.5868242, 41.4554117 ], [ 69.5868047, 41.4551353 ], [ 69.5867021, 41.4547948 ], [ 69.5864432, 41.4543043 ], [ 69.5857374, 41.4545551 ], [ 69.5855592, 41.4545734 ], [ 69.58584, 41.4553293 ], [ 69.586011, 41.4553055 ], [ 69.586514, 41.456627 ], [ 69.587227, 41.4564871 ] ] ] } },
{ "type": "Feature", "properties": { "osm_id": "w871810176", "kind": "industrial" }, "geometry": { "type": "Polygon", "coordinates": [ [ [ 69.5829158, 41.4517466 ], [ 69.583497, 41.451289 ], [ 69.5820683, 41.450447 ], [ 69.5817362, 41.4501559 ], [ 69.5818241, 41.4500882 ], [ 69.5817435, 41.4500095 ], [ 69.5817802, 41.4499839 ], [ 69.5813601, 41.4495665 ], [ 69.5813381, 41.4495738 ], [ 69.5809376, 41.4492736 ], [ 69.5808937, 41.4493011 ], [ 69.579802, 41.4484389 ], [ 69.5790742, 41.4483145 ], [ 69.578957, 41.4484096 ], [ 69.5789057, 41.4483712 ], [ 69.5786956, 41.4482094 ], [ 69.5775575, 41.4477323 ], [ 69.5774617, 41.4478124 ], [ 69.5784955, 41.4486824 ], [ 69.5789766, 41.4490796 ], [ 69.5789155, 41.4491254 ], [ 69.5791597, 41.4493341 ], [ 69.5792148, 41.4492945 ], [ 69.5809976, 41.4508086 ], [ 69.5824626, 41.4521313 ], [ 69.5825489, 41.452116 ], [ 69.5827414, 41.4519456 ], [ 69.5829158, 41.4517466 ] ] ] } },
{ "type": "Feature", "properties": { "osm_id": "w872151438", "kind": "industrial" }, "geometry": { "type": "Polygon", "coordinates": [ [ [ 69.4425637, 41.3892234 ], [ 69.4434418, 41.3894276 ], [ 69.4435999, 41.3894967 ], [ 69.4444824, 41.3902807 ], [ 69.4450839, 41.38978 ], [ 69.4453493, 41.389391 ], [ 69.4430072, 41.3885119 ], [ 69.4425637, 41.3892234 ] ] ] } },
{ "type": "Feature", "properties": { "osm_id": "w877423308", "kind": "industrial" }, "geometry": { "type": "Polygon", "coordinates": [ [ [ 69.5685955, 41.4439387 ], [ 69.5686486, 41.4439613 ], [ 69.5690912, 41.4439706 ], [ 69.5690929, 41.4438817 ], [ 69.5690682, 41.4437198 ], [ 69.5690348, 41.4436795 ], [ 69.5690274, 41.4436707 ], [ 69.5690168, 41.4436189 ], [ 69.5687035, 41.4436667 ], [ 69.5685229, 41.44368 ], [ 69.5685955, 41.4439387 ] ] ] } },
{ "type": "Feature", "properties": { "osm_id": "w877423309", "kind": "industrial" }, "geometry": { "type": "Polygon", "coordinates": [ [ [ 69.5685229, 41.44368 ], [ 69.5684273, 41.4432673 ], [ 69.5685973, 41.4431027 ], [ 69.5687159, 41.4430629 ], [ 69.5691921, 41.4429514 ], [ 69.569578, 41.4428784 ], [ 69.5698205, 41.4428944 ], [ 69.5699002, 41.4433442 ], [ 69.5694293, 41.4434053 ], [ 69.569277, 41.4434411 ], [ 69.5693054, 41.4435486 ], [ 69.5690168, 41.4436189 ], [ 69.5687035, 41.4436667 ], [ 69.5685229, 41.44368 ] ] ] } },
{ "type": "Feature", "properties": { "osm_id": "w877423310", "kind": "industrial" }, "geometry": { "type": "Polygon", "coordinates": [ [ [ 69.5690912, 41.4439706 ], [ 69.5691761, 41.4439719 ], [ 69.5691938, 41.443887 ], [ 69.5696099, 41.4439228 ], [ 69.570148, 41.4440077 ], [ 69.5702348, 41.4440223 ], [ 69.5719803, 41.4437768 ], [ 69.5720228, 41.4437145 ], [ 69.5708579, 41.4432301 ], [ 69.5708137, 41.4432341 ], [ 69.5707234, 41.4431584 ], [ 69.5706242, 41.4430934 ], [ 69.5703534, 41.4429899 ], [ 69.570056, 41.4429196 ], [ 69.5698205, 41.4428944 ], [ 69.5699002, 41.4433442 ], [ 69.5694293, 41.4434053 ], [ 69.569277, 41.4434411 ], [ 69.5693054, 41.4435486 ], [ 69.5690168, 41.4436189 ], [ 69.5690348, 41.4436795 ], [ 69.5690682, 41.4437198 ], [ 69.5690929, 41.4438817 ], [ 69.5690912, 41.4439706 ] ] ] } },
{ "type": "Feature", "properties": { "osm_id": "w877423311", "kind": "industrial" }, "geometry": { "type": "Polygon", "coordinates": [ [ [ 69.5704841, 41.4445248 ], [ 69.5705106, 41.4443589 ], [ 69.5704805, 41.4443005 ], [ 69.5705213, 41.4440537 ], [ 69.5709302, 41.4440085 ], [ 69.5714365, 41.4439847 ], [ 69.5718153, 41.4440019 ], [ 69.5720118, 41.4440497 ], [ 69.5724261, 41.4442248 ], [ 69.5730705, 41.4445818 ], [ 69.5735626, 41.4450144 ], [ 69.5734174, 41.4452745 ], [ 69.5707602, 41.4446429 ], [ 69.5707744, 41.4445473 ], [ 69.5704841, 41.4445248 ] ] ] } },
{ "type": "Feature", "properties": { "osm_id": "w877423312", "kind": "industrial" }, "geometry": { "type": "Polygon", "coordinates": [ [ [ 69.5760135, 41.4461598 ], [ 69.5765189, 41.4458672 ], [ 69.5760219, 41.4452611 ], [ 69.5750818, 41.4443843 ], [ 69.5751798, 41.4443209 ], [ 69.5750936, 41.4442639 ], [ 69.5750531, 41.4442804 ], [ 69.5747961, 41.4440954 ], [ 69.5747454, 41.4441321 ], [ 69.5745578, 41.4444223 ], [ 69.5744986, 41.4445794 ], [ 69.5743414, 41.4445984 ], [ 69.5743093, 41.4447543 ], [ 69.5741555, 41.4448835 ], [ 69.5737447, 41.4451242 ], [ 69.5741132, 41.4453903 ], [ 69.5744496, 41.4455411 ], [ 69.5750852, 41.4456222 ], [ 69.5753252, 41.445754 ], [ 69.5757911, 41.4459569 ], [ 69.5758577, 41.4459858 ], [ 69.5760135, 41.4461598 ] ] ] } },
{ "type": "Feature", "properties": { "osm_id": "w877423313", "kind": "industrial" }, "geometry": { "type": "Polygon", "coordinates": [ [ [ 69.5757911, 41.4459569 ], [ 69.57566, 41.4460796 ], [ 69.5762637, 41.4465016 ], [ 69.5768585, 41.4470284 ], [ 69.5774161, 41.4467484 ], [ 69.5771258, 41.4464246 ], [ 69.5766673, 41.4457917 ], [ 69.5765189, 41.4458672 ], [ 69.5760135, 41.4461598 ], [ 69.5758577, 41.4459858 ], [ 69.5757911, 41.4459569 ] ] ] } },
{ "type": "Feature", "properties": { "osm_id": "w877423315", "kind": "industrial" }, "geometry": { "type": "Polygon", "coordinates": [ [ [ 69.5671951, 41.443617 ], [ 69.5674889, 41.4436969 ], [ 69.5676503, 41.4437066 ], [ 69.5681103, 41.4436558 ], [ 69.5683362, 41.4436001 ], [ 69.5682394, 41.4432311 ], [ 69.5672726, 41.4432662 ], [ 69.5671951, 41.443617 ] ] ] } },
{ "type": "Feature", "properties": { "osm_id": "w877423334", "kind": "industrial" }, "geometry": { "type": "Polygon", "coordinates": [ [ [ 69.5617568, 41.4416135 ], [ 69.5620572, 41.4414854 ], [ 69.5627555, 41.4420509 ], [ 69.5633806, 41.4425122 ], [ 69.5634561, 41.4425755 ], [ 69.5637246, 41.4427357 ], [ 69.563668, 41.442789 ], [ 69.5636258, 41.4428328 ], [ 69.5632175, 41.4432128 ], [ 69.5628873, 41.4434255 ], [ 69.562338, 41.443614 ], [ 69.5620376, 41.442611 ], [ 69.561979, 41.4422449 ], [ 69.5617402, 41.4416611 ], [ 69.5617568, 41.4416135 ] ] ] } },
{ "type": "Feature", "properties": { "osm_id": "w881062626", "kind": "industrial" }, "geometry": { "type": "Polygon", "coordinates": [ [ [ 69.2565814, 41.1603427 ], [ 69.2561325, 41.158043 ], [ 69.2501983, 41.1584945 ], [ 69.2500807, 41.1593584 ], [ 69.2488275, 41.1593673 ], [ 69.2485298, 41.1602726 ], [ 69.2483674, 41.1604047 ], [ 69.2473467, 41.1609809 ], [ 69.2472908, 41.1612605 ], [ 69.2527006, 41.1607034 ], [ 69.2537833, 41.1605791 ], [ 69.2565814, 41.1603427 ] ] ] } },
{ "type": "Feature", "properties": { "osm_id": "w881970213", "kind": "industrial" }, "geometry": { "type": "Polygon", "coordinates": [ [ [ 69.1145966, 41.2667876 ], [ 69.115185, 41.2667315 ], [ 69.1172552, 41.2670329 ], [ 69.1177442, 41.2671808 ], [ 69.1179917, 41.2672334 ], [ 69.1181363, 41.2668613 ], [ 69.1182672, 41.2665244 ], [ 69.1183634, 41.2662393 ], [ 69.1151476, 41.2654257 ], [ 69.1148441, 41.2662085 ], [ 69.1146386, 41.2661804 ], [ 69.1145966, 41.2667876 ] ] ] } },
{ "type": "Feature", "properties": { "osm_id": "w882264349", "kind": "industrial" }, "geometry": { "type": "Polygon", "coordinates": [ [ [ 69.1244286, 41.2576664 ], [ 69.1247311, 41.2576186 ], [ 69.1246966, 41.2572516 ], [ 69.1249245, 41.2571443 ], [ 69.1249476, 41.2567894 ], [ 69.1249245, 41.25667 ], [ 69.1246597, 41.2561645 ], [ 69.1245031, 41.2555724 ], [ 69.1242637, 41.2556105 ], [ 69.1242383, 41.2555482 ], [ 69.1241065, 41.2555759 ], [ 69.1239116, 41.2549639 ], [ 69.1236535, 41.2550183 ], [ 69.1244286, 41.2576664 ] ] ] } },
{ "type": "Feature", "properties": { "osm_id": "w882264350", "kind": "industrial" }, "geometry": { "type": "Polygon", "coordinates": [ [ [ 69.1213754, 41.2533345 ], [ 69.1220096, 41.2539253 ], [ 69.1221796, 41.2539295 ], [ 69.1223148, 41.2538731 ], [ 69.1223898, 41.2539404 ], [ 69.1226109, 41.2537934 ], [ 69.1218524, 41.2530583 ], [ 69.1213754, 41.2533345 ] ] ] } },
{ "type": "Feature", "properties": { "osm_id": "w882264351", "kind": "industrial" }, "geometry": { "type": "Polygon", "coordinates": [ [ [ 69.1245021, 41.2530693 ], [ 69.1239671, 41.2530433 ], [ 69.1232072, 41.2529109 ], [ 69.1230024, 41.2528231 ], [ 69.1227554, 41.2526188 ], [ 69.1219419, 41.2520734 ], [ 69.1218673, 41.2521295 ], [ 69.1225947, 41.2529685 ], [ 69.1237607, 41.2540198 ], [ 69.1237999, 41.2539614 ], [ 69.1239378, 41.2540219 ], [ 69.124511, 41.2533335 ], [ 69.1245021, 41.2530693 ] ] ] } },
{ "type": "Feature", "properties": { "osm_id": "w882888850", "kind": "industrial" }, "geometry": { "type": "Polygon", "coordinates": [ [ [ 69.1292886, 41.2681811 ], [ 69.1300789, 41.2677592 ], [ 69.1315691, 41.267107 ], [ 69.1311304, 41.2667312 ], [ 69.1308627, 41.2665421 ], [ 69.1304287, 41.2662801 ], [ 69.1304852, 41.2662209 ], [ 69.1304378, 41.2662104 ], [ 69.1298102, 41.2659559 ], [ 69.1287162, 41.2664397 ], [ 69.1288134, 41.2664473 ], [ 69.1287854, 41.2667094 ], [ 69.1288521, 41.2668132 ], [ 69.1283615, 41.2674186 ], [ 69.1283698, 41.2674413 ], [ 69.1285322, 41.2678875 ], [ 69.1292886, 41.2681811 ] ] ] } },
{ "type": "Feature", "properties": { "osm_id": "w887009403", "kind": "industrial" }, "geometry": { "type": "Polygon", "coordinates": [ [ [ 69.1173576, 41.2471117 ], [ 69.1175803, 41.2470996 ], [ 69.1175507, 41.2469181 ], [ 69.118353, 41.2468575 ], [ 69.1180713, 41.2459315 ], [ 69.1169121, 41.245986 ], [ 69.116947, 41.246569 ], [ 69.1172771, 41.2465751 ], [ 69.1173576, 41.2471117 ] ] ] } },
{ "type": "Feature", "properties": { "osm_id": "w887478130", "kind": "industrial" }, "geometry": { "type": "Polygon", "coordinates": [ [ [ 69.1314945, 41.2234354 ], [ 69.1318541, 41.2238438 ], [ 69.1313981, 41.2241058 ], [ 69.1293632, 41.2254635 ], [ 69.129215, 41.225437 ], [ 69.128785, 41.2251708 ], [ 69.1287294, 41.2250955 ], [ 69.1298432, 41.2247624 ], [ 69.1298803, 41.2246495 ], [ 69.1298173, 41.2244655 ], [ 69.1304993, 41.2240403 ], [ 69.1304622, 41.2240124 ], [ 69.1314945, 41.2234354 ] ] ] } },
{ "type": "Feature", "properties": { "osm_id": "w887496983", "kind": "industrial" }, "geometry": { "type": "Polygon", "coordinates": [ [ [ 69.1229709, 41.2150091 ], [ 69.1230811, 41.2149661 ], [ 69.1243705, 41.2144636 ], [ 69.1245624, 41.2143888 ], [ 69.1239605, 41.2137299 ], [ 69.1235355, 41.2133743 ], [ 69.1237619, 41.2131473 ], [ 69.1225135, 41.2123078 ], [ 69.1216085, 41.2127307 ], [ 69.1216473, 41.2129146 ], [ 69.1217598, 41.2128825 ], [ 69.1218724, 41.2130985 ], [ 69.1217792, 41.2131423 ], [ 69.1226096, 41.2146121 ], [ 69.1227545, 41.2147682 ], [ 69.1229709, 41.2150091 ] ] ] } },
{ "type": "Feature", "properties": { "osm_id": "w887556836", "kind": "industrial" }, "geometry": { "type": "Polygon", "coordinates": [ [ [ 69.1421253, 41.2330063 ], [ 69.1438489, 41.232317 ], [ 69.1431552, 41.2313055 ], [ 69.1422657, 41.231894 ], [ 69.1415963, 41.2323437 ], [ 69.1421253, 41.2330063 ] ] ] } },
{ "type": "Feature", "properties": { "osm_id": "w887776500", "kind": "industrial" }, "geometry": { "type": "Polygon", "coordinates": [ [ [ 69.1546618, 41.2335165 ], [ 69.1550758, 41.2336666 ], [ 69.1550412, 41.2337246 ], [ 69.1553904, 41.2338422 ], [ 69.1551896, 41.2342655 ], [ 69.1557558, 41.2344223 ], [ 69.1558703, 41.2342436 ], [ 69.1558066, 41.2342137 ], [ 69.1561787, 41.2334987 ], [ 69.156084, 41.2334682 ], [ 69.1561821, 41.2333028 ], [ 69.155634, 41.233084 ], [ 69.1556577, 41.2330356 ], [ 69.154796, 41.2326887 ], [ 69.1543281, 41.2334071 ], [ 69.1546618, 41.2335165 ] ] ] } },
{ "type": "Feature", "properties": { "osm_id": "w887776501", "kind": "industrial" }, "geometry": { "type": "Polygon", "coordinates": [ [ [ 69.1496186, 41.2341882 ], [ 69.1496408, 41.2341481 ], [ 69.1498551, 41.2337615 ], [ 69.150373, 41.232827 ], [ 69.153127, 41.2336692 ], [ 69.1530864, 41.2346284 ], [ 69.1529409, 41.2351703 ], [ 69.1522981, 41.2351525 ], [ 69.151097, 41.2354171 ], [ 69.1504339, 41.2345673 ], [ 69.1497674, 41.2343968 ], [ 69.1496186, 41.2341882 ] ] ] } },
{ "type": "Feature", "properties": { "osm_id": "w887776502", "kind": "industrial" }, "geometry": { "type": "Polygon", "coordinates": [ [ [ 69.150373, 41.232827 ], [ 69.1493851, 41.2325242 ], [ 69.1488607, 41.2333995 ], [ 69.1498551, 41.2337615 ], [ 69.150373, 41.232827 ] ] ] } },
{ "type": "Feature", "properties": { "osm_id": "w887776503", "kind": "industrial" }, "geometry": { "type": "Polygon", "coordinates": [ [ [ 69.1493851, 41.2325242 ], [ 69.1491821, 41.2324479 ], [ 69.1486789, 41.2326073 ], [ 69.1485156, 41.2326591 ], [ 69.1482822, 41.2332366 ], [ 69.1484209, 41.2333918 ], [ 69.1487727, 41.2334631 ], [ 69.14949, 41.2339109 ], [ 69.1496408, 41.2341481 ], [ 69.1498551, 41.2337615 ], [ 69.1488607, 41.2333995 ], [ 69.1493851, 41.2325242 ] ] ] } },
{ "type": "Feature", "properties": { "osm_id": "w887776504", "kind": "industrial" }, "geometry": { "type": "Polygon", "coordinates": [ [ [ 69.1486789, 41.2326073 ], [ 69.1486543, 41.2324682 ], [ 69.1484079, 41.232397 ], [ 69.1475006, 41.2321349 ], [ 69.1480183, 41.2330992 ], [ 69.1482822, 41.2332366 ], [ 69.1485156, 41.2326591 ], [ 69.1486789, 41.2326073 ] ] ] } },
{ "type": "Feature", "properties": { "osm_id": "w887776505", "kind": "industrial" }, "geometry": { "type": "Polygon", "coordinates": [ [ [ 69.1568507, 41.2347206 ], [ 69.1576141, 41.235021 ], [ 69.1577982, 41.2346188 ], [ 69.1576921, 41.2345841 ], [ 69.1580673, 41.2338108 ], [ 69.1573426, 41.2336238 ], [ 69.1570188, 41.2342816 ], [ 69.1568507, 41.2347206 ] ] ] } },
{ "type": "Feature", "properties": { "osm_id": "w887776506", "kind": "industrial" }, "geometry": { "type": "Polygon", "coordinates": [ [ [ 69.1562608, 41.2347963 ], [ 69.1567771, 41.2349365 ], [ 69.1568507, 41.2347206 ], [ 69.1570188, 41.2342816 ], [ 69.1565313, 41.2341461 ], [ 69.1569287, 41.2334395 ], [ 69.1563842, 41.2332886 ], [ 69.1564186, 41.2332261 ], [ 69.1562723, 41.2331765 ], [ 69.1561821, 41.2333028 ], [ 69.156084, 41.2334682 ], [ 69.1561787, 41.2334987 ], [ 69.1558066, 41.2342137 ], [ 69.1558703, 41.2342436 ], [ 69.1564702, 41.2344706 ], [ 69.1563342, 41.2346822 ], [ 69.1562608, 41.2347963 ] ] ] } },
{ "type": "Feature", "properties": { "osm_id": "w887779509", "kind": "industrial" }, "geometry": { "type": "Polygon", "coordinates": [ [ [ 69.1531356, 41.2350141 ], [ 69.1536966, 41.2351302 ], [ 69.1539576, 41.2350223 ], [ 69.1540163, 41.2346544 ], [ 69.1532574, 41.234584 ], [ 69.1531356, 41.2350141 ] ] ] } },
{ "type": "Feature", "properties": { "osm_id": "w887779510", "kind": "industrial" }, "geometry": { "type": "Polygon", "coordinates": [ [ [ 69.1532574, 41.234584 ], [ 69.1532857, 41.2342325 ], [ 69.1540576, 41.2343028 ], [ 69.1540859, 41.2341752 ], [ 69.1550317, 41.2344009 ], [ 69.1550709, 41.2343469 ], [ 69.1563342, 41.2346822 ], [ 69.1562608, 41.2347963 ], [ 69.1560699, 41.2351502 ], [ 69.1554216, 41.2349317 ], [ 69.1546553, 41.2349317 ], [ 69.1542699, 41.2351366 ], [ 69.1539576, 41.2350223 ], [ 69.1540163, 41.2346544 ], [ 69.1532574, 41.234584 ] ] ] } },
{ "type": "Feature", "properties": { "osm_id": "w887779511", "kind": "industrial" }, "geometry": { "type": "Polygon", "coordinates": [ [ [ 69.1550709, 41.2343469 ], [ 69.1551132, 41.2342764 ], [ 69.1551318, 41.2342455 ], [ 69.1551896, 41.2342655 ], [ 69.1557558, 41.2344223 ], [ 69.1558703, 41.2342436 ], [ 69.1564702, 41.2344706 ], [ 69.1563342, 41.2346822 ], [ 69.1550709, 41.2343469 ] ] ] } },
{ "type": "Feature", "properties": { "osm_id": "w887779515", "kind": "industrial" }, "geometry": { "type": "Polygon", "coordinates": [ [ [ 69.1526284, 41.2334291 ], [ 69.1532185, 41.2336108 ], [ 69.1531901, 41.2330041 ], [ 69.1531195, 41.2329648 ], [ 69.153202, 41.2328058 ], [ 69.1532269, 41.2324392 ], [ 69.1531884, 41.2324293 ], [ 69.1530283, 41.2327811 ], [ 69.1529629, 41.2327798 ], [ 69.1528929, 41.2329074 ], [ 69.1529096, 41.2329126 ], [ 69.1526284, 41.2334291 ] ] ] } },
{ "type": "Feature", "properties": { "osm_id": "w887779520", "kind": "industrial" }, "geometry": { "type": "Polygon", "coordinates": [ [ [ 69.1506912, 41.2317973 ], [ 69.1514363, 41.2321717 ], [ 69.1522356, 41.2313031 ], [ 69.1516375, 41.2309415 ], [ 69.1506912, 41.2317973 ] ] ] } },
{ "type": "Feature", "properties": { "osm_id": "w887779521", "kind": "industrial" }, "geometry": { "type": "Polygon", "coordinates": [ [ [ 69.1514363, 41.2321717 ], [ 69.1522329, 41.2325853 ], [ 69.1527675, 41.2328628 ], [ 69.1532489, 41.231909 ], [ 69.1522356, 41.2313031 ], [ 69.1514363, 41.2321717 ] ] ] } },
{ "type": "Feature", "properties": { "osm_id": "w887781105", "kind": "industrial" }, "geometry": { "type": "Polygon", "coordinates": [ [ [ 69.1518964, 41.2331171 ], [ 69.1522329, 41.2325853 ], [ 69.1527675, 41.2328628 ], [ 69.1525819, 41.2331958 ], [ 69.1523451, 41.2332592 ], [ 69.1518964, 41.2331171 ] ] ] } },
{ "type": "Feature", "properties": { "osm_id": "w887783879", "kind": "industrial" }, "geometry": { "type": "Polygon", "coordinates": [ [ [ 69.1604323, 41.2357138 ], [ 69.1596472, 41.2355844 ], [ 69.1596779, 41.2354756 ], [ 69.1597696, 41.2351504 ], [ 69.1601519, 41.2343424 ], [ 69.160979, 41.2345603 ], [ 69.1608199, 41.2349082 ], [ 69.1604323, 41.2357138 ] ] ] } },
{ "type": "Feature", "properties": { "osm_id": "w887783880", "kind": "industrial" }, "geometry": { "type": "Polygon", "coordinates": [ [ [ 69.1576141, 41.235021 ], [ 69.1578931, 41.235079 ], [ 69.1579106, 41.2350188 ], [ 69.1596779, 41.2354756 ], [ 69.1597696, 41.2351504 ], [ 69.1601519, 41.2343424 ], [ 69.1580673, 41.2338108 ], [ 69.1576921, 41.2345841 ], [ 69.1577982, 41.2346188 ], [ 69.1576141, 41.235021 ] ] ] } },
{ "type": "Feature", "properties": { "osm_id": "w887783881", "kind": "industrial" }, "geometry": { "type": "Polygon", "coordinates": [ [ [ 69.1501629, 41.2315326 ], [ 69.1496151, 41.2322287 ], [ 69.1494903, 41.2323872 ], [ 69.1503262, 41.2325708 ], [ 69.1510185, 41.2328495 ], [ 69.1518964, 41.2331171 ], [ 69.1522329, 41.2325853 ], [ 69.1514363, 41.2321717 ], [ 69.1506912, 41.2317973 ], [ 69.1501629, 41.2315326 ] ] ] } },
{ "type": "Feature", "properties": { "osm_id": "w887783882", "kind": "industrial" }, "geometry": { "type": "Polygon", "coordinates": [ [ [ 69.1484079, 41.232397 ], [ 69.1484405, 41.2323371 ], [ 69.1485826, 41.2320761 ], [ 69.1477496, 41.2318147 ], [ 69.1480951, 41.2312965 ], [ 69.1480396, 41.2312621 ], [ 69.1482761, 41.2310564 ], [ 69.1478185, 41.2307648 ], [ 69.1474651, 41.2310836 ], [ 69.1470545, 41.231454 ], [ 69.1474193, 41.2318255 ], [ 69.1475006, 41.2321349 ], [ 69.1484079, 41.232397 ] ] ] } },
{ "type": "Feature", "properties": { "osm_id": "w887783883", "kind": "industrial" }, "geometry": { "type": "Polygon", "coordinates": [ [ [ 69.1484405, 41.2323371 ], [ 69.148732, 41.2324304 ], [ 69.1490824, 41.23229 ], [ 69.1494903, 41.2323872 ], [ 69.1496151, 41.2322287 ], [ 69.1494927, 41.2321625 ], [ 69.1480951, 41.2312965 ], [ 69.1477496, 41.2318147 ], [ 69.1485826, 41.2320761 ], [ 69.1484405, 41.2323371 ] ] ] } },
{ "type": "Feature", "properties": { "osm_id": "w887831220", "kind": "industrial" }, "geometry": { "type": "Polygon", "coordinates": [ [ [ 69.1451332, 41.2509723 ], [ 69.1459009, 41.2510105 ], [ 69.1459786, 41.2503748 ], [ 69.1470541, 41.2502553 ], [ 69.1470507, 41.2501612 ], [ 69.1469252, 41.250128 ], [ 69.146736, 41.2501502 ], [ 69.146426, 41.2498586 ], [ 69.1454825, 41.2500111 ], [ 69.1450373, 41.250149 ], [ 69.1448122, 41.2503201 ], [ 69.1447144, 41.2505205 ], [ 69.1447339, 41.2505702 ], [ 69.1451332, 41.2509723 ] ] ] } },
{ "type": "Feature", "properties": { "osm_id": "w887831224", "kind": "industrial" }, "geometry": { "type": "Polygon", "coordinates": [ [ [ 69.1431217, 41.2534904 ], [ 69.1438445, 41.2539259 ], [ 69.143765, 41.2539991 ], [ 69.1440521, 41.2541571 ], [ 69.1440732, 41.2541364 ], [ 69.1448136, 41.2534091 ], [ 69.1448799, 41.2533439 ], [ 69.1440367, 41.2529123 ], [ 69.143378, 41.2533728 ], [ 69.1431217, 41.2534904 ] ] ] } },
{ "type": "Feature", "properties": { "osm_id": "w887831225", "kind": "industrial" }, "geometry": { "type": "Polygon", "coordinates": [ [ [ 69.1440732, 41.2541364 ], [ 69.144985, 41.2546407 ], [ 69.145795, 41.25387 ], [ 69.1452567, 41.2535501 ], [ 69.1451978, 41.2535964 ], [ 69.1448136, 41.2534091 ], [ 69.1440732, 41.2541364 ] ] ] } },
{ "type": "Feature", "properties": { "osm_id": "w888204457", "kind": "industrial" }, "geometry": { "type": "Polygon", "coordinates": [ [ [ 69.1581119, 41.2299142 ], [ 69.1583595, 41.2300475 ], [ 69.1585537, 41.2298795 ], [ 69.1592262, 41.2301315 ], [ 69.1592262, 41.2301698 ], [ 69.1593475, 41.2302392 ], [ 69.1598233, 41.2303378 ], [ 69.1604472, 41.2302885 ], [ 69.16069, 41.2300731 ], [ 69.16069, 41.2299727 ], [ 69.1595879, 41.22998 ], [ 69.1585513, 41.2295783 ], [ 69.1581119, 41.2299142 ] ] ] } },
{ "type": "Feature", "properties": { "osm_id": "w888210474", "kind": "industrial" }, "geometry": { "type": "Polygon", "coordinates": [ [ [ 69.1506896, 41.2282319 ], [ 69.15215, 41.2291253 ], [ 69.151965, 41.229352 ], [ 69.1523486, 41.2295419 ], [ 69.1540121, 41.2278149 ], [ 69.1542043, 41.2277138 ], [ 69.1532559, 41.2269358 ], [ 69.1515839, 41.2277894 ], [ 69.1511621, 41.2279445 ], [ 69.1510058, 41.2279472 ], [ 69.150959, 41.2280526 ], [ 69.1506896, 41.2282319 ] ] ] } },
{ "type": "Feature", "properties": { "osm_id": "w888858618", "kind": "industrial" }, "geometry": { "type": "Polygon", "coordinates": [ [ [ 69.1557341, 41.3235627 ], [ 69.157184, 41.3232184 ], [ 69.1567059, 41.3221664 ], [ 69.1552698, 41.3225475 ], [ 69.1556271, 41.3233277 ], [ 69.1557341, 41.3235627 ] ] ] } },
{ "type": "Feature", "properties": { "osm_id": "w888858619", "kind": "industrial" }, "geometry": { "type": "Polygon", "coordinates": [ [ [ 69.1572228, 41.3232526 ], [ 69.1574747, 41.3238017 ], [ 69.1557189, 41.3242865 ], [ 69.1556504, 41.3241231 ], [ 69.1555648, 41.3240955 ], [ 69.1553668, 41.3236841 ], [ 69.155087, 41.3237726 ], [ 69.1549552, 41.3235418 ], [ 69.1552502, 41.3234257 ], [ 69.1556271, 41.3233277 ], [ 69.1557341, 41.3235627 ], [ 69.157184, 41.3232184 ], [ 69.1572228, 41.3232526 ] ] ] } },
{ "type": "Feature", "properties": { "osm_id": "w888858620", "kind": "industrial" }, "geometry": { "type": "Polygon", "coordinates": [ [ [ 69.1544479, 41.3216789 ], [ 69.1550491, 41.3214667 ], [ 69.1559945, 41.3212562 ], [ 69.1560388, 41.321363 ], [ 69.1562815, 41.3213055 ], [ 69.1563963, 41.3215567 ], [ 69.1565355, 41.321516 ], [ 69.1567808, 41.3221141 ], [ 69.1552738, 41.3225054 ], [ 69.1551931, 41.3223547 ], [ 69.1548383, 41.3224135 ], [ 69.1548139, 41.3222574 ], [ 69.154738, 41.3222004 ], [ 69.1546769, 41.3220002 ], [ 69.1546573, 41.3219138 ], [ 69.1544479, 41.3216789 ] ] ] } },
{ "type": "Feature", "properties": { "osm_id": "w888858621", "kind": "industrial" }, "geometry": { "type": "Polygon", "coordinates": [ [ [ 69.1562815, 41.3213055 ], [ 69.1561315, 41.3209344 ], [ 69.1559966, 41.3209685 ], [ 69.1549148, 41.3212544 ], [ 69.1548318, 41.3212824 ], [ 69.154864, 41.321364 ], [ 69.1546722, 41.3214124 ], [ 69.1546306, 41.3213288 ], [ 69.1542586, 41.3214288 ], [ 69.1544479, 41.3216789 ], [ 69.1550491, 41.3214667 ], [ 69.1559945, 41.3212562 ], [ 69.1560388, 41.321363 ], [ 69.1562815, 41.3213055 ] ] ] } },
{ "type": "Feature", "properties": { "osm_id": "w888858622", "kind": "industrial" }, "geometry": { "type": "Polygon", "coordinates": [ [ [ 69.1549148, 41.3212544 ], [ 69.1546995, 41.3207635 ], [ 69.1547862, 41.3205995 ], [ 69.1558192, 41.3204012 ], [ 69.1558054, 41.3203487 ], [ 69.1560924, 41.3203053 ], [ 69.1560949, 41.3205959 ], [ 69.1559966, 41.3209685 ], [ 69.1549148, 41.3212544 ] ] ] } },
{ "type": "Feature", "properties": { "osm_id": "w888858623", "kind": "industrial" }, "geometry": { "type": "Polygon", "coordinates": [ [ [ 69.1560924, 41.3203053 ], [ 69.1560698, 41.3202452 ], [ 69.1546765, 41.3205654 ], [ 69.1545697, 41.3204653 ], [ 69.1544858, 41.3205089 ], [ 69.1544517, 41.3204811 ], [ 69.1544559, 41.3205416 ], [ 69.1544921, 41.3206107 ], [ 69.1544537, 41.320807 ], [ 69.1542141, 41.320962 ], [ 69.153637, 41.3210602 ], [ 69.1536902, 41.3211899 ], [ 69.1542586, 41.3214288 ], [ 69.1546306, 41.3213288 ], [ 69.1546722, 41.3214124 ], [ 69.154864, 41.321364 ], [ 69.1548318, 41.3212824 ], [ 69.1549148, 41.3212544 ], [ 69.1546995, 41.3207635 ], [ 69.1547862, 41.3205995 ], [ 69.1558192, 41.3204012 ], [ 69.1558054, 41.3203487 ], [ 69.1560924, 41.3203053 ] ] ] } },
{ "type": "Feature", "properties": { "osm_id": "w888858627", "kind": "industrial" }, "geometry": { "type": "Polygon", "coordinates": [ [ [ 69.1527377, 41.3171727 ], [ 69.1537873, 41.3169026 ], [ 69.1539564, 41.3166445 ], [ 69.1543281, 41.3165215 ], [ 69.154261, 41.3163663 ], [ 69.1541442, 41.3163946 ], [ 69.1526229, 41.3167612 ], [ 69.1527377, 41.3171727 ] ] ] } },
{ "type": "Feature", "properties": { "osm_id": "w888858628", "kind": "industrial" }, "geometry": { "type": "Polygon", "coordinates": [ [ [ 69.153241, 41.3187462 ], [ 69.1532799, 41.3187856 ], [ 69.1545817, 41.3188138 ], [ 69.1552206, 41.3187948 ], [ 69.1554998, 41.3187715 ], [ 69.1552907, 41.3182276 ], [ 69.1547178, 41.3182961 ], [ 69.1543019, 41.3182618 ], [ 69.1534007, 41.3181818 ], [ 69.1533685, 41.3182775 ], [ 69.1531913, 41.3184066 ], [ 69.153241, 41.3187462 ] ] ] } },
{ "type": "Feature", "properties": { "osm_id": "w888858629", "kind": "industrial" }, "geometry": { "type": "Polygon", "coordinates": [ [ [ 69.1552206, 41.3187948 ], [ 69.1554194, 41.3191798 ], [ 69.1555607, 41.3191337 ], [ 69.156001, 41.3201557 ], [ 69.1548711, 41.3204074 ], [ 69.1548276, 41.3203989 ], [ 69.1540435, 41.3198707 ], [ 69.1539455, 41.3194517 ], [ 69.1535906, 41.3194645 ], [ 69.1536127, 41.3193543 ], [ 69.1523107, 41.3191282 ], [ 69.1518065, 41.3188194 ], [ 69.1517459, 41.3186636 ], [ 69.1526216, 41.3186637 ], [ 69.153241, 41.3187462 ], [ 69.1532799, 41.3187856 ], [ 69.1545817, 41.3188138 ], [ 69.1552206, 41.3187948 ] ] ] } },
{ "type": "Feature", "properties": { "osm_id": "w888858630", "kind": "industrial" }, "geometry": { "type": "Polygon", "coordinates": [ [ [ 69.1560698, 41.3202452 ], [ 69.156001, 41.3201557 ], [ 69.1548711, 41.3204074 ], [ 69.1548276, 41.3203989 ], [ 69.1540435, 41.3198707 ], [ 69.1539455, 41.3194517 ], [ 69.1535906, 41.3194645 ], [ 69.1526756, 41.3194926 ], [ 69.1522021, 41.3196548 ], [ 69.1523839, 41.3199034 ], [ 69.1526925, 41.3203247 ], [ 69.1538042, 41.3203044 ], [ 69.153767, 41.3203779 ], [ 69.154123, 41.3204041 ], [ 69.1541494, 41.3203549 ], [ 69.1543382, 41.3204001 ], [ 69.1544517, 41.3204811 ], [ 69.1544858, 41.3205089 ], [ 69.1545697, 41.3204653 ], [ 69.1546765, 41.3205654 ], [ 69.1560698, 41.3202452 ] ] ] } },
{ "type": "Feature", "properties": { "osm_id": "w888858631", "kind": "industrial" }, "geometry": { "type": "Polygon", "coordinates": [ [ [ 69.1557323, 41.3252935 ], [ 69.1554558, 41.3244156 ], [ 69.1576005, 41.3238482 ], [ 69.1580327, 41.3247241 ], [ 69.1567053, 41.3250561 ], [ 69.1557323, 41.3252935 ] ] ] } },
{ "type": "Feature", "properties": { "osm_id": "w888858633", "kind": "industrial" }, "geometry": { "type": "Polygon", "coordinates": [ [ [ 69.1581944, 41.3258042 ], [ 69.1581799, 41.3257625 ], [ 69.1583758, 41.3257176 ], [ 69.1582398, 41.3254263 ], [ 69.1581334, 41.3252029 ], [ 69.1579279, 41.3252568 ], [ 69.1579143, 41.3252241 ], [ 69.1568839, 41.3254976 ], [ 69.1570685, 41.3259755 ], [ 69.1573991, 41.3260087 ], [ 69.1581944, 41.3258042 ] ] ] } },
{ "type": "Feature", "properties": { "osm_id": "w888858634", "kind": "industrial" }, "geometry": { "type": "Polygon", "coordinates": [ [ [ 69.1557323, 41.3252935 ], [ 69.1560856, 41.3264318 ], [ 69.1582801, 41.325909 ], [ 69.1582319, 41.3257953 ], [ 69.1581944, 41.3258042 ], [ 69.1573991, 41.3260087 ], [ 69.1570685, 41.3259755 ], [ 69.1568839, 41.3254976 ], [ 69.1567053, 41.3250561 ], [ 69.1557323, 41.3252935 ] ] ] } },
{ "type": "Feature", "properties": { "osm_id": "w888858635", "kind": "industrial" }, "geometry": { "type": "Polygon", "coordinates": [ [ [ 69.1568839, 41.3254976 ], [ 69.1579143, 41.3252241 ], [ 69.1582104, 41.325141 ], [ 69.1580327, 41.3247241 ], [ 69.1567053, 41.3250561 ], [ 69.1568839, 41.3254976 ] ] ] } },
{ "type": "Feature", "properties": { "osm_id": "w888861338", "kind": "industrial" }, "geometry": { "type": "Polygon", "coordinates": [ [ [ 69.1546947, 41.3257026 ], [ 69.1557205, 41.3254831 ], [ 69.1555884, 41.3250753 ], [ 69.1552985, 41.3251379 ], [ 69.1553237, 41.3252209 ], [ 69.1543934, 41.3254181 ], [ 69.1546947, 41.3257026 ] ] ] } },
{ "type": "Feature", "properties": { "osm_id": "w888861339", "kind": "industrial" }, "geometry": { "type": "Polygon", "coordinates": [ [ [ 69.1557205, 41.3254831 ], [ 69.1557115, 41.3257095 ], [ 69.1556414, 41.3258131 ], [ 69.155265, 41.3258938 ], [ 69.1552884, 41.3259658 ], [ 69.1549634, 41.3260149 ], [ 69.1546947, 41.3257026 ], [ 69.1557205, 41.3254831 ] ] ] } },
{ "type": "Feature", "properties": { "osm_id": "w888861340", "kind": "industrial" }, "geometry": { "type": "Polygon", "coordinates": [ [ [ 69.1553237, 41.3252209 ], [ 69.1552985, 41.3251379 ], [ 69.1552824, 41.3250764 ], [ 69.15545, 41.3250422 ], [ 69.1554263, 41.3249897 ], [ 69.1543049, 41.3252519 ], [ 69.1543934, 41.3254181 ], [ 69.1553237, 41.3252209 ] ] ] } },
{ "type": "Feature", "properties": { "osm_id": "w891209932", "kind": "military" }, "geometry": { "type": "Polygon", "coordinates": [ [ [ 69.2155945, 41.2107973 ], [ 69.2155623, 41.2108413 ], [ 69.2154611, 41.2109715 ], [ 69.2151358, 41.2114025 ], [ 69.2150133, 41.2113532 ], [ 69.2146505, 41.2112052 ], [ 69.2148986, 41.2108612 ], [ 69.2150603, 41.210633 ], [ 69.2150925, 41.210589 ], [ 69.2155945, 41.2107973 ] ] ] } },
{ "type": "Feature", "properties": { "osm_id": "w892365936", "kind": "industrial" }, "geometry": { "type": "Polygon", "coordinates": [ [ [ 69.140239, 41.2224369 ], [ 69.1389063, 41.2211932 ], [ 69.138352, 41.2207889 ], [ 69.1379237, 41.2199109 ], [ 69.1377537, 41.2198952 ], [ 69.1377305, 41.2185937 ], [ 69.1383347, 41.218605 ], [ 69.138268, 41.218799 ], [ 69.1385451, 41.2189001 ], [ 69.1389776, 41.2187201 ], [ 69.1392254, 41.2189285 ], [ 69.1393227, 41.2190173 ], [ 69.1401576, 41.2197782 ], [ 69.1400694, 41.2198603 ], [ 69.1418142, 41.2212604 ], [ 69.140239, 41.2224369 ] ] ] } },
{ "type": "Feature", "properties": { "osm_id": "w892939015", "kind": "industrial" }, "geometry": { "type": "Polygon", "coordinates": [ [ [ 69.1277654, 41.1994691 ], [ 69.1285844, 41.1984086 ], [ 69.1286799, 41.1983506 ], [ 69.1293701, 41.1990253 ], [ 69.1305171, 41.1999484 ], [ 69.1309106, 41.1999032 ], [ 69.1309011, 41.2000518 ], [ 69.1307566, 41.2000281 ], [ 69.1289084, 41.1996567 ], [ 69.1284548, 41.1995903 ], [ 69.1277654, 41.1994691 ] ] ] } },
{ "type": "Feature", "properties": { "osm_id": "w892939016", "kind": "industrial" }, "geometry": { "type": "Polygon", "coordinates": [ [ [ 69.1253465, 41.1973034 ], [ 69.1258425, 41.1975981 ], [ 69.1261107, 41.1972345 ], [ 69.1263854, 41.1965617 ], [ 69.1262044, 41.1956262 ], [ 69.1258829, 41.1956887 ], [ 69.1249292, 41.1962478 ], [ 69.1248952, 41.1961677 ], [ 69.1244374, 41.1964496 ], [ 69.124446, 41.1965553 ], [ 69.1248909, 41.1967203 ], [ 69.1252464, 41.1966771 ], [ 69.1252762, 41.1968036 ], [ 69.1250569, 41.1968341 ], [ 69.1250868, 41.1969462 ], [ 69.1252124, 41.1971721 ], [ 69.1253209, 41.197164 ], [ 69.1253465, 41.1973034 ] ] ] } },
{ "type": "Feature", "properties": { "osm_id": "w892939017", "kind": "industrial" }, "geometry": { "type": "Polygon", "coordinates": [ [ [ 69.1219324, 41.1951338 ], [ 69.1225144, 41.1946696 ], [ 69.1230616, 41.194381 ], [ 69.1247997, 41.1960602 ], [ 69.1242284, 41.1964033 ], [ 69.1241291, 41.1967061 ], [ 69.1239628, 41.1966758 ], [ 69.1238904, 41.1968251 ], [ 69.1227719, 41.1958866 ], [ 69.1219324, 41.1951338 ] ] ] } },
{ "type": "Feature", "properties": { "osm_id": "w892939018", "kind": "industrial" }, "geometry": { "type": "Polygon", "coordinates": [ [ [ 69.125564, 41.1943413 ], [ 69.1259615, 41.1942911 ], [ 69.1259802, 41.1942887 ], [ 69.1259104, 41.1937331 ], [ 69.1257573, 41.1937128 ], [ 69.1256741, 41.1935168 ], [ 69.125239, 41.1932723 ], [ 69.1250349, 41.1932521 ], [ 69.1246536, 41.1934886 ], [ 69.125564, 41.1943413 ] ] ] } },
{ "type": "Feature", "properties": { "osm_id": "w892939020", "kind": "industrial" }, "geometry": { "type": "Polygon", "coordinates": [ [ [ 69.1256812, 41.1948694 ], [ 69.1260679, 41.1948449 ], [ 69.1259615, 41.1942911 ], [ 69.125564, 41.1943413 ], [ 69.1256263, 41.1947561 ], [ 69.1256812, 41.1948694 ] ] ] } },
{ "type": "Feature", "properties": { "osm_id": "w892939021", "kind": "industrial" }, "geometry": { "type": "Polygon", "coordinates": [ [ [ 69.1244581, 41.1976703 ], [ 69.1253325, 41.1978806 ], [ 69.1255735, 41.1979096 ], [ 69.1257299, 41.1976954 ], [ 69.1253581, 41.1974408 ], [ 69.1251632, 41.1972864 ], [ 69.1248991, 41.1971996 ], [ 69.1246094, 41.1972073 ], [ 69.1244581, 41.1976703 ] ] ] } },
{ "type": "Feature", "properties": { "osm_id": "w892939022", "kind": "industrial" }, "geometry": { "type": "Polygon", "coordinates": [ [ [ 69.1255581, 41.19839 ], [ 69.1262017, 41.1986446 ], [ 69.1263119, 41.1983456 ], [ 69.1257709, 41.1981199 ], [ 69.1255581, 41.19839 ] ] ] } },
{ "type": "Feature", "properties": { "osm_id": "w892939023", "kind": "industrial" }, "geometry": { "type": "Polygon", "coordinates": [ [ [ 69.1259076, 41.1980367 ], [ 69.1266358, 41.1971029 ], [ 69.1279896, 41.1976643 ], [ 69.1272948, 41.1986174 ], [ 69.1271936, 41.198575 ], [ 69.1259076, 41.1980367 ] ] ] } },
{ "type": "Feature", "properties": { "osm_id": "w892939024", "kind": "industrial" }, "geometry": { "type": "Polygon", "coordinates": [ [ [ 69.1273127, 41.1987409 ], [ 69.1280614, 41.1990496 ], [ 69.1285845, 41.1983589 ], [ 69.1279896, 41.1976643 ], [ 69.1272948, 41.1986174 ], [ 69.1271936, 41.198575 ], [ 69.1271307, 41.1986599 ], [ 69.1273127, 41.1987409 ] ] ] } },
{ "type": "Feature", "properties": { "osm_id": "w892939025", "kind": "industrial" }, "geometry": { "type": "Polygon", "coordinates": [ [ [ 69.1289673, 41.2008395 ], [ 69.1304093, 41.2011199 ], [ 69.1308141, 41.2000489 ], [ 69.1289084, 41.1996567 ], [ 69.1285544, 41.2005523 ], [ 69.129041, 41.2006497 ], [ 69.1289673, 41.2008395 ] ] ] } },
{ "type": "Feature", "properties": { "osm_id": "w892939026", "kind": "industrial" }, "geometry": { "type": "Polygon", "coordinates": [ [ [ 69.1281161, 41.2028425 ], [ 69.1288571, 41.2008391 ], [ 69.1279808, 41.2006508 ], [ 69.1272737, 41.2026923 ], [ 69.1281161, 41.2028425 ] ] ] } },
{ "type": "Feature", "properties": { "osm_id": "w892939027", "kind": "industrial" }, "geometry": { "type": "Polygon", "coordinates": [ [ [ 69.1279808, 41.2006508 ], [ 69.124946, 41.1999991 ], [ 69.1243471, 41.2017021 ], [ 69.1248005, 41.2018014 ], [ 69.1246686, 41.2020585 ], [ 69.1251997, 41.2021654 ], [ 69.1251524, 41.2022672 ], [ 69.1272737, 41.2026923 ], [ 69.1279808, 41.2006508 ] ] ] } },
{ "type": "Feature", "properties": { "osm_id": "w892939029", "kind": "industrial" }, "geometry": { "type": "Polygon", "coordinates": [ [ [ 69.1368858, 41.2115568 ], [ 69.1375594, 41.2116541 ], [ 69.1375785, 41.2115794 ], [ 69.137595, 41.2115146 ], [ 69.1370707, 41.2114388 ], [ 69.1370859, 41.2113793 ], [ 69.1369366, 41.2113578 ], [ 69.1368858, 41.2115568 ] ] ] } },
{ "type": "Feature", "properties": { "osm_id": "w893031352", "kind": "industrial" }, "geometry": { "type": "Polygon", "coordinates": [ [ [ 69.1479118, 41.2014382 ], [ 69.1493875, 41.2021725 ], [ 69.1501861, 41.2028612 ], [ 69.1504569, 41.2029315 ], [ 69.1519139, 41.2037607 ], [ 69.1521615, 41.2035534 ], [ 69.1511107, 41.2025696 ], [ 69.1510033, 41.2022393 ], [ 69.1503542, 41.2014171 ], [ 69.1511294, 41.2010306 ], [ 69.15068, 41.2004904 ], [ 69.1503635, 41.20011 ], [ 69.1498732, 41.1997551 ], [ 69.1493781, 41.2002751 ], [ 69.1479118, 41.2014382 ] ] ] } },
{ "type": "Feature", "properties": { "osm_id": "w893031353", "kind": "industrial" }, "geometry": { "type": "Polygon", "coordinates": [ [ [ 69.1521615, 41.2035534 ], [ 69.1522689, 41.2034726 ], [ 69.1521848, 41.2028015 ], [ 69.1523483, 41.2026679 ], [ 69.1520774, 41.2024325 ], [ 69.1519887, 41.2022252 ], [ 69.152932, 41.2015857 ], [ 69.1522595, 41.2006511 ], [ 69.1511294, 41.2010306 ], [ 69.1503542, 41.2014171 ], [ 69.1510033, 41.2022393 ], [ 69.1511107, 41.2025696 ], [ 69.1521615, 41.2035534 ] ] ] } },
{ "type": "Feature", "properties": { "osm_id": "w893031354", "kind": "industrial" }, "geometry": { "type": "Polygon", "coordinates": [ [ [ 69.15068, 41.2004904 ], [ 69.1519933, 41.1993018 ], [ 69.1523156, 41.1990418 ], [ 69.1502795, 41.1975027 ], [ 69.1498872, 41.1977662 ], [ 69.1500413, 41.197963 ], [ 69.1499712, 41.1980122 ], [ 69.1499712, 41.1987255 ], [ 69.1498545, 41.1994248 ], [ 69.1498732, 41.1997551 ], [ 69.1503635, 41.20011 ], [ 69.15068, 41.2004904 ] ] ] } },
{ "type": "Feature", "properties": { "osm_id": "w893031355", "kind": "industrial" }, "geometry": { "type": "Polygon", "coordinates": [ [ [ 69.1511294, 41.2010306 ], [ 69.1522595, 41.2006511 ], [ 69.152932, 41.2015857 ], [ 69.1535484, 41.2011992 ], [ 69.154361, 41.2017895 ], [ 69.1550977, 41.2012803 ], [ 69.1550443, 41.201171 ], [ 69.1523156, 41.1990418 ], [ 69.1519933, 41.1993018 ], [ 69.15068, 41.2004904 ], [ 69.1511294, 41.2010306 ] ] ] } },
{ "type": "Feature", "properties": { "osm_id": "w893031356", "kind": "industrial" }, "geometry": { "type": "Polygon", "coordinates": [ [ [ 69.1522689, 41.2034726 ], [ 69.1524884, 41.203339 ], [ 69.153385, 41.2025415 ], [ 69.154361, 41.2017895 ], [ 69.1535484, 41.2011992 ], [ 69.152932, 41.2015857 ], [ 69.1519887, 41.2022252 ], [ 69.1520774, 41.2024325 ], [ 69.1523483, 41.2026679 ], [ 69.1521848, 41.2028015 ], [ 69.1522689, 41.2034726 ] ] ] } },
{ "type": "Feature", "properties": { "osm_id": "w893031357", "kind": "industrial" }, "geometry": { "type": "Polygon", "coordinates": [ [ [ 69.1476883, 41.1978725 ], [ 69.1490306, 41.1986482 ], [ 69.1496961, 41.1981146 ], [ 69.1496461, 41.1977442 ], [ 69.1495445, 41.1975646 ], [ 69.1494557, 41.1975682 ], [ 69.1494751, 41.1973933 ], [ 69.149396, 41.197211 ], [ 69.1490924, 41.1968356 ], [ 69.1487679, 41.1966279 ], [ 69.1480106, 41.1973167 ], [ 69.1476883, 41.1978725 ] ] ] } },
{ "type": "Feature", "properties": { "osm_id": "w893031358", "kind": "industrial" }, "geometry": { "type": "Polygon", "coordinates": [ [ [ 69.1188978, 41.1939515 ], [ 69.1188838, 41.1931035 ], [ 69.1189147, 41.1930168 ], [ 69.1194767, 41.1930274 ], [ 69.1196482, 41.193076 ], [ 69.1203985, 41.1930824 ], [ 69.1211122, 41.1932325 ], [ 69.1211235, 41.1934249 ], [ 69.12116, 41.1938288 ], [ 69.1210813, 41.1944421 ], [ 69.12116, 41.1944336 ], [ 69.1210645, 41.1948121 ], [ 69.120666, 41.1949436 ], [ 69.1204525, 41.1952922 ], [ 69.118985, 41.1953513 ], [ 69.1188978, 41.1939515 ] ] ] } },
{ "type": "Feature", "properties": { "osm_id": "w893031930", "kind": "industrial" }, "geometry": { "type": "Polygon", "coordinates": [ [ [ 69.1293405, 41.1856675 ], [ 69.1306122, 41.1847232 ], [ 69.1309774, 41.1849828 ], [ 69.1319379, 41.1853443 ], [ 69.1326109, 41.1855835 ], [ 69.1326008, 41.1856217 ], [ 69.1332535, 41.1859424 ], [ 69.1314982, 41.1872811 ], [ 69.1293405, 41.1856675 ] ] ] } },
{ "type": "Feature", "properties": { "osm_id": "w893235945", "kind": "industrial" }, "geometry": { "type": "Polygon", "coordinates": [ [ [ 69.1621703, 41.2338559 ], [ 69.1624327, 41.2331803 ], [ 69.1632045, 41.2332941 ], [ 69.1630162, 41.2338397 ], [ 69.163115, 41.2338698 ], [ 69.1630007, 41.2340857 ], [ 69.1621703, 41.2338559 ] ] ] } },
{ "type": "Feature", "properties": { "osm_id": "w893235946", "kind": "industrial" }, "geometry": { "type": "Polygon", "coordinates": [ [ [ 69.1562176, 41.2322424 ], [ 69.1564788, 41.2322433 ], [ 69.1571765, 41.2324104 ], [ 69.1576272, 41.2313448 ], [ 69.1590688, 41.2317024 ], [ 69.1593034, 41.2317047 ], [ 69.1590346, 41.2308856 ], [ 69.1582582, 41.2309111 ], [ 69.1582691, 41.2307667 ], [ 69.1573259, 41.2308308 ], [ 69.1562176, 41.2322424 ] ] ] } },
{ "type": "Feature", "properties": { "osm_id": "w893235958", "kind": "industrial" }, "geometry": { "type": "Polygon", "coordinates": [ [ [ 69.1621703, 41.2338559 ], [ 69.1615882, 41.2337005 ], [ 69.160829, 41.2335073 ], [ 69.1609293, 41.2332836 ], [ 69.1610065, 41.2332886 ], [ 69.1610254, 41.233242 ], [ 69.1612158, 41.2328487 ], [ 69.1611115, 41.2328201 ], [ 69.161133, 41.2327854 ], [ 69.1613234, 41.2323881 ], [ 69.1613792, 41.2324054 ], [ 69.1615839, 41.232124 ], [ 69.1617279, 41.2321836 ], [ 69.1618629, 41.2325558 ], [ 69.1619296, 41.2326441 ], [ 69.1624327, 41.2331803 ], [ 69.1621703, 41.2338559 ] ] ] } },
{ "type": "Feature", "properties": { "osm_id": "w893235959", "kind": "industrial" }, "geometry": { "type": "Polygon", "coordinates": [ [ [ 69.1571765, 41.2324104 ], [ 69.1571007, 41.2325351 ], [ 69.1576139, 41.2326558 ], [ 69.1588658, 41.2329802 ], [ 69.1593458, 41.2318802 ], [ 69.1593034, 41.2317047 ], [ 69.1590688, 41.2317024 ], [ 69.1576272, 41.2313448 ], [ 69.1571765, 41.2324104 ] ] ] } },
{ "type": "Feature", "properties": { "osm_id": "w893235960", "kind": "industrial" }, "geometry": { "type": "Polygon", "coordinates": [ [ [ 69.1588658, 41.2329802 ], [ 69.1589602, 41.2330097 ], [ 69.1596859, 41.2331984 ], [ 69.1598402, 41.2332401 ], [ 69.160829, 41.2335073 ], [ 69.1609293, 41.2332836 ], [ 69.1610065, 41.2332886 ], [ 69.1610254, 41.233242 ], [ 69.1612158, 41.2328487 ], [ 69.1611115, 41.2328201 ], [ 69.161133, 41.2327854 ], [ 69.1613234, 41.2323881 ], [ 69.1613792, 41.2324054 ], [ 69.1615839, 41.232124 ], [ 69.1615768, 41.2320704 ], [ 69.1607802, 41.2316593 ], [ 69.1593034, 41.2317047 ], [ 69.1593458, 41.2318802 ], [ 69.1588658, 41.2329802 ] ] ] } },
{ "type": "Feature", "properties": { "osm_id": "w893257166", "kind": "industrial" }, "geometry": { "type": "Polygon", "coordinates": [ [ [ 69.1648209, 41.1804507 ], [ 69.166175, 41.1811426 ], [ 69.1664465, 41.180792 ], [ 69.1665298, 41.1806156 ], [ 69.1664928, 41.1805831 ], [ 69.1651479, 41.1801118 ], [ 69.1648209, 41.1804507 ] ] ] } },
{ "type": "Feature", "properties": { "osm_id": "w893879119", "kind": "industrial" }, "geometry": { "type": "Polygon", "coordinates": [ [ [ 69.2486763, 41.1533874 ], [ 69.2553144, 41.1536777 ], [ 69.2553293, 41.1532652 ], [ 69.2554707, 41.1532652 ], [ 69.2553603, 41.1524062 ], [ 69.2551573, 41.1521368 ], [ 69.2544461, 41.1516406 ], [ 69.2539753, 41.1516883 ], [ 69.2536646, 41.1514696 ], [ 69.2536052, 41.1514279 ], [ 69.2533548, 41.1511083 ], [ 69.2524842, 41.1510352 ], [ 69.2489442, 41.1519238 ], [ 69.2486763, 41.1533874 ] ] ] } },
{ "type": "Feature", "properties": { "osm_id": "w893879120", "kind": "cemetery" }, "geometry": { "type": "Polygon", "coordinates": [ [ [ 69.2344667, 41.153078 ], [ 69.2352433, 41.1524495 ], [ 69.2344501, 41.1518866 ], [ 69.23423, 41.152018 ], [ 69.2341386, 41.1521556 ], [ 69.2338354, 41.152412 ], [ 69.2344667, 41.153078 ] ] ] } },
{ "type": "Feature", "properties": { "osm_id": "w893879121", "kind": "industrial" }, "geometry": { "type": "Polygon", "coordinates": [ [ [ 69.2344527, 41.1589579 ], [ 69.2345359, 41.1588517 ], [ 69.2344563, 41.1587918 ], [ 69.2341598, 41.1581764 ], [ 69.2337366, 41.1580593 ], [ 69.2332737, 41.1580239 ], [ 69.2315701, 41.1573159 ], [ 69.231364, 41.1579177 ], [ 69.2315448, 41.1582636 ], [ 69.2317076, 41.1584868 ], [ 69.232062, 41.1586557 ], [ 69.2326552, 41.1585495 ], [ 69.2331073, 41.1584106 ], [ 69.2332375, 41.1584242 ], [ 69.2344527, 41.1589579 ] ] ] } },
{ "type": "Feature", "properties": { "osm_id": "w894483519", "kind": "industrial" }, "geometry": { "type": "Polygon", "coordinates": [ [ [ 69.3083142, 41.2294799 ], [ 69.3086636, 41.2278327 ], [ 69.3095243, 41.2279384 ], [ 69.310564, 41.2282172 ], [ 69.3111989, 41.2284864 ], [ 69.3115228, 41.2284384 ], [ 69.3112245, 41.2301817 ], [ 69.3083142, 41.2294799 ] ] ] } },
{ "type": "Feature", "properties": { "osm_id": "w894490439", "kind": "industrial" }, "geometry": { "type": "Polygon", "coordinates": [ [ [ 69.2635356, 41.1962827 ], [ 69.2635912, 41.1955625 ], [ 69.264433, 41.1955271 ], [ 69.26498, 41.1952602 ], [ 69.2656338, 41.1958647 ], [ 69.2666423, 41.1970159 ], [ 69.2676594, 41.1980448 ], [ 69.2675055, 41.1981702 ], [ 69.2640655, 41.1966011 ], [ 69.2635356, 41.1962827 ] ] ] } },
{ "type": "Feature", "properties": { "osm_id": "w894490440", "kind": "industrial" }, "geometry": { "type": "Polygon", "coordinates": [ [ [ 69.2786846, 41.2152748 ], [ 69.2790871, 41.2142317 ], [ 69.2792172, 41.2141615 ], [ 69.2795903, 41.2140877 ], [ 69.2798161, 41.2141486 ], [ 69.2819018, 41.2147333 ], [ 69.2819539, 41.2146869 ], [ 69.2823003, 41.2147726 ], [ 69.2824643, 41.2149037 ], [ 69.2818679, 41.2160466 ], [ 69.2801081, 41.2154908 ], [ 69.2800689, 41.2155352 ], [ 69.2792417, 41.2153099 ], [ 69.2791877, 41.2153616 ], [ 69.2789546, 41.2153173 ], [ 69.2786846, 41.2152748 ] ] ] } },
{ "type": "Feature", "properties": { "osm_id": "w894490442", "kind": "industrial" }, "geometry": { "type": "Polygon", "coordinates": [ [ [ 69.2818679, 41.2160466 ], [ 69.2819998, 41.216008 ], [ 69.2836596, 41.216455 ], [ 69.2838563, 41.2164497 ], [ 69.2842392, 41.2158652 ], [ 69.2846821, 41.2157364 ], [ 69.2852536, 41.2156863 ], [ 69.2824643, 41.2149037 ], [ 69.2818679, 41.2160466 ] ] ] } },
{ "type": "Feature", "properties": { "osm_id": "w894490446", "kind": "industrial" }, "geometry": { "type": "Polygon", "coordinates": [ [ [ 69.2841653, 41.216409 ], [ 69.2863068, 41.217053 ], [ 69.2864137, 41.2170502 ], [ 69.2867571, 41.2171564 ], [ 69.2872188, 41.2167976 ], [ 69.2865434, 41.2156609 ], [ 69.2859252, 41.215658 ], [ 69.284437, 41.2159537 ], [ 69.2841653, 41.216409 ] ] ] } },
{ "type": "Feature", "properties": { "osm_id": "w894500631", "kind": "industrial" }, "geometry": { "type": "Polygon", "coordinates": [ [ [ 69.2800493, 41.2137401 ], [ 69.2813594, 41.2142498 ], [ 69.2824845, 41.2130994 ], [ 69.282483, 41.2127288 ], [ 69.2811324, 41.2126831 ], [ 69.2800493, 41.2137401 ] ] ] } },
{ "type": "Feature", "properties": { "osm_id": "w894500635", "kind": "industrial" }, "geometry": { "type": "Polygon", "coordinates": [ [ [ 69.2744956, 41.2148208 ], [ 69.2748947, 41.2150749 ], [ 69.274854, 41.2151679 ], [ 69.2760203, 41.2152036 ], [ 69.27817, 41.2151575 ], [ 69.2782107, 41.2150467 ], [ 69.2785782, 41.2143547 ], [ 69.278817, 41.2139667 ], [ 69.2780047, 41.2137112 ], [ 69.2755937, 41.2129337 ], [ 69.2744956, 41.2148208 ] ] ] } },
{ "type": "Feature", "properties": { "osm_id": "w894500638", "kind": "industrial" }, "geometry": { "type": "Polygon", "coordinates": [ [ [ 69.281209, 41.2099334 ], [ 69.2812718, 41.2098862 ], [ 69.2822768, 41.2104062 ], [ 69.2822989, 41.210467 ], [ 69.2824508, 41.2108082 ], [ 69.2820072, 41.2112268 ], [ 69.2797594, 41.2133363 ], [ 69.2792887, 41.2130413 ], [ 69.2791739, 41.2126984 ], [ 69.2792152, 41.2124328 ], [ 69.2792838, 41.2122115 ], [ 69.2794333, 41.2119773 ], [ 69.2791783, 41.2118002 ], [ 69.281209, 41.2099334 ] ] ] } },
{ "type": "Feature", "properties": { "osm_id": "w894500639", "kind": "industrial" }, "geometry": { "type": "Polygon", "coordinates": [ [ [ 69.2739963, 41.2113521 ], [ 69.2744936, 41.2110421 ], [ 69.2751532, 41.2111122 ], [ 69.2758643, 41.2117339 ], [ 69.2765608, 41.212326 ], [ 69.2771885, 41.212813 ], [ 69.2771444, 41.2128536 ], [ 69.2762276, 41.2126306 ], [ 69.2759155, 41.212486 ], [ 69.2753665, 41.2121877 ], [ 69.2739963, 41.2113521 ] ] ] } },
{ "type": "Feature", "properties": { "osm_id": "w894500640", "kind": "industrial" }, "geometry": { "type": "Polygon", "coordinates": [ [ [ 69.2775351, 41.2176177 ], [ 69.2780084, 41.2174397 ], [ 69.2793802, 41.2179715 ], [ 69.2794844, 41.2178063 ], [ 69.2782563, 41.2155899 ], [ 69.2774281, 41.215751 ], [ 69.277352, 41.2156598 ], [ 69.277245, 41.2156683 ], [ 69.2771126, 41.2152488 ], [ 69.2759746, 41.21527 ], [ 69.2758817, 41.2153929 ], [ 69.2762507, 41.2156387 ], [ 69.2765295, 41.2161472 ], [ 69.2775351, 41.2176177 ] ] ] } },
{ "type": "Feature", "properties": { "osm_id": "w894500641", "kind": "industrial" }, "geometry": { "type": "Polygon", "coordinates": [ [ [ 69.2799028, 41.2167564 ], [ 69.279862, 41.2169576 ], [ 69.2800914, 41.2168258 ], [ 69.2812328, 41.2171716 ], [ 69.2816724, 41.2163816 ], [ 69.280339, 41.2159866 ], [ 69.2799028, 41.2167564 ] ] ] } },
{ "type": "Feature", "properties": { "osm_id": "w894500642", "kind": "industrial" }, "geometry": { "type": "Polygon", "coordinates": [ [ [ 69.2804712, 41.2182712 ], [ 69.281563, 41.2182711 ], [ 69.2817682, 41.217967 ], [ 69.2817973, 41.2179038 ], [ 69.2804032, 41.2177894 ], [ 69.2800445, 41.2179328 ], [ 69.2801477, 41.2180911 ], [ 69.2804097, 41.2180814 ], [ 69.2804712, 41.2182712 ] ] ] } },
{ "type": "Feature", "properties": { "osm_id": "w894500643", "kind": "industrial" }, "geometry": { "type": "Polygon", "coordinates": [ [ [ 69.2798894, 41.2179947 ], [ 69.2797349, 41.2178018 ], [ 69.2800655, 41.2177275 ], [ 69.2812328, 41.2171716 ], [ 69.2816724, 41.2163816 ], [ 69.2817463, 41.2163912 ], [ 69.281941, 41.2160955 ], [ 69.2820451, 41.2160438 ], [ 69.284166, 41.2166747 ], [ 69.2842743, 41.2164954 ], [ 69.2861657, 41.2170558 ], [ 69.286409, 41.2170702 ], [ 69.2867292, 41.217165 ], [ 69.2867655, 41.2172148 ], [ 69.2867484, 41.2173063 ], [ 69.2869427, 41.2173561 ], [ 69.2866573, 41.2178925 ], [ 69.2862563, 41.2178487 ], [ 69.2861819, 41.2182501 ], [ 69.2864115, 41.2183182 ], [ 69.2863921, 41.2185785 ], [ 69.2862919, 41.2187881 ], [ 69.2861452, 41.2187483 ], [ 69.2861961, 41.2186578 ], [ 69.2846307, 41.2181534 ], [ 69.284384, 41.2186103 ], [ 69.2830775, 41.2182151 ], [ 69.2822399, 41.2179557 ], [ 69.2819215, 41.2178724 ], [ 69.2817973, 41.2179038 ], [ 69.2804032, 41.2177894 ], [ 69.2800445, 41.2179328 ], [ 69.2798894, 41.2179947 ] ] ] } },
{ "type": "Feature", "properties": { "osm_id": "w894500644", "kind": "industrial" }, "geometry": { "type": "Polygon", "coordinates": [ [ [ 69.2793323, 41.2172031 ], [ 69.279862, 41.2169576 ], [ 69.2799028, 41.2167564 ], [ 69.280339, 41.2159866 ], [ 69.2804253, 41.2157962 ], [ 69.2791042, 41.215561 ], [ 69.2791605, 41.2153884 ], [ 69.2786568, 41.2152852 ], [ 69.2785408, 41.2157178 ], [ 69.2787008, 41.2161401 ], [ 69.279162, 41.2169889 ], [ 69.2793323, 41.2172031 ] ] ] } },
{ "type": "Feature", "properties": { "osm_id": "w894504391", "kind": "industrial" }, "geometry": { "type": "Polygon", "coordinates": [ [ [ 69.2653333, 41.2027182 ], [ 69.2655691, 41.2025827 ], [ 69.2659215, 41.2028572 ], [ 69.2666635, 41.2023827 ], [ 69.2672757, 41.202806 ], [ 69.2687288, 41.2016011 ], [ 69.2658535, 41.2003961 ], [ 69.2657051, 41.2005263 ], [ 69.2655752, 41.2012056 ], [ 69.2651857, 41.2013777 ], [ 69.2648023, 41.201294 ], [ 69.2643942, 41.2015545 ], [ 69.2644083, 41.2018768 ], [ 69.2642318, 41.2020295 ], [ 69.2645407, 41.2023239 ], [ 69.2646849, 41.2022287 ], [ 69.2653333, 41.2027182 ] ] ] } },
{ "type": "Feature", "properties": { "osm_id": "w894824138", "kind": "industrial" }, "geometry": { "type": "Polygon", "coordinates": [ [ [ 69.2312155, 41.1701262 ], [ 69.2312994, 41.1703059 ], [ 69.2318931, 41.1706775 ], [ 69.2322287, 41.1705245 ], [ 69.2324674, 41.1705391 ], [ 69.2325933, 41.1703448 ], [ 69.2324029, 41.1700776 ], [ 69.2321577, 41.1700096 ], [ 69.2320899, 41.1698177 ], [ 69.2317834, 41.1696331 ], [ 69.2315962, 41.1693027 ], [ 69.2310251, 41.1689311 ], [ 69.2307895, 41.1690817 ], [ 69.2311057, 41.1696816 ], [ 69.2312155, 41.1701262 ] ] ] } },
{ "type": "Feature", "properties": { "osm_id": "w901355645", "kind": "industrial" }, "geometry": { "type": "Polygon", "coordinates": [ [ [ 69.1741163, 41.1255358 ], [ 69.1768266, 41.1260044 ], [ 69.1770556, 41.1256811 ], [ 69.1775891, 41.1258348 ], [ 69.1772781, 41.1267036 ], [ 69.1782566, 41.126897 ], [ 69.1778519, 41.1276251 ], [ 69.1770855, 41.1275029 ], [ 69.1763252, 41.127676 ], [ 69.1746117, 41.1273778 ], [ 69.1737516, 41.1270683 ], [ 69.1736417, 41.1265312 ], [ 69.1740992, 41.1265407 ], [ 69.1741163, 41.1255358 ] ] ] } },
{ "type": "Feature", "properties": { "osm_id": "w901614092", "kind": "industrial" }, "geometry": { "type": "Polygon", "coordinates": [ [ [ 69.1195196, 41.3027259 ], [ 69.1204231, 41.3027823 ], [ 69.1205551, 41.3022195 ], [ 69.1216718, 41.3023186 ], [ 69.1215886, 41.3026847 ], [ 69.1225611, 41.3028113 ], [ 69.1226119, 41.302642 ], [ 69.1225611, 41.3026038 ], [ 69.1225733, 41.3017192 ], [ 69.1224068, 41.3012966 ], [ 69.122216, 41.3008802 ], [ 69.1221023, 41.3008955 ], [ 69.1221307, 41.3009733 ], [ 69.1219053, 41.3009016 ], [ 69.1217307, 41.3003265 ], [ 69.1215962, 41.3003474 ], [ 69.1213364, 41.2993317 ], [ 69.1213064, 41.2993381 ], [ 69.1210323, 41.2993183 ], [ 69.1210932, 41.2990956 ], [ 69.1210282, 41.299033 ], [ 69.1207886, 41.2989507 ], [ 69.1200841, 41.3009657 ], [ 69.1201917, 41.3010373 ], [ 69.1201957, 41.3010831 ], [ 69.1200495, 41.3011029 ], [ 69.1199988, 41.3013119 ], [ 69.1200577, 41.3013104 ], [ 69.1199968, 41.3015941 ], [ 69.1197897, 41.3021493 ], [ 69.1197287, 41.3021554 ], [ 69.1195196, 41.3027259 ] ] ] } },
{ "type": "Feature", "properties": { "osm_id": "w901614093", "kind": "industrial" }, "geometry": { "type": "Polygon", "coordinates": [ [ [ 69.1213364, 41.2993317 ], [ 69.1213739, 41.2993249 ], [ 69.1213098, 41.2990037 ], [ 69.1212414, 41.2989215 ], [ 69.1213588, 41.2988624 ], [ 69.1210926, 41.2984554 ], [ 69.1209735, 41.2984133 ], [ 69.1207886, 41.2989507 ], [ 69.1210282, 41.299033 ], [ 69.1210932, 41.2990956 ], [ 69.1210323, 41.2993183 ], [ 69.1213064, 41.2993381 ], [ 69.1213364, 41.2993317 ] ] ] } },
{ "type": "Feature", "properties": { "osm_id": "w901614094", "kind": "industrial" }, "geometry": { "type": "Polygon", "coordinates": [ [ [ 69.1179961, 41.3005977 ], [ 69.1182395, 41.3007366 ], [ 69.1199125, 41.3010398 ], [ 69.1204147, 41.299327 ], [ 69.1197184, 41.2990168 ], [ 69.1188557, 41.2988085 ], [ 69.1179653, 41.2988085 ], [ 69.1182611, 41.2997205 ], [ 69.1182549, 41.300033 ], [ 69.1179961, 41.3005977 ] ] ] } },
{ "type": "Feature", "properties": { "osm_id": "w905590007", "kind": "industrial" }, "geometry": { "type": "Polygon", "coordinates": [ [ [ 69.1297972, 41.3144657 ], [ 69.130218, 41.3143969 ], [ 69.130372, 41.3149284 ], [ 69.129951, 41.3149972 ], [ 69.1297972, 41.3144657 ] ] ] } },
{ "type": "Feature", "properties": { "osm_id": "w919073552", "kind": "industrial" }, "geometry": { "type": "Polygon", "coordinates": [ [ [ 69.1020621, 41.2273881 ], [ 69.1028116, 41.2275958 ], [ 69.1031419, 41.2274363 ], [ 69.1036547, 41.2263757 ], [ 69.1033145, 41.2255783 ], [ 69.1025502, 41.2257638 ], [ 69.1023579, 41.2253892 ], [ 69.1018402, 41.2255264 ], [ 69.1017268, 41.2258825 ], [ 69.101924, 41.2260382 ], [ 69.1016528, 41.2261235 ], [ 69.1016134, 41.2263497 ], [ 69.1018057, 41.226817 ], [ 69.1020621, 41.2273881 ] ] ] } },
{ "type": "Feature", "properties": { "osm_id": "w921929352", "kind": "industrial" }, "geometry": { "type": "Polygon", "coordinates": [ [ [ 69.1131899, 41.2061431 ], [ 69.1136057, 41.2064505 ], [ 69.1139138, 41.2064532 ], [ 69.114326, 41.2062995 ], [ 69.1145267, 41.2062267 ], [ 69.113749, 41.205709 ], [ 69.1131899, 41.2061431 ] ] ] } },
{ "type": "Feature", "properties": { "osm_id": "w921929353", "kind": "industrial" }, "geometry": { "type": "Polygon", "coordinates": [ [ [ 69.1140006, 41.2065116 ], [ 69.1149826, 41.2071836 ], [ 69.1152425, 41.2069958 ], [ 69.1145762, 41.2065488 ], [ 69.1147556, 41.2064216 ], [ 69.1145906, 41.2063145 ], [ 69.1142791, 41.2064076 ], [ 69.1140006, 41.2065116 ] ] ] } },
{ "type": "Feature", "properties": { "osm_id": "w961522865", "kind": "garages" }, "geometry": { "type": "Polygon", "coordinates": [ [ [ 69.3752798, 41.3399091 ], [ 69.3756279, 41.3397909 ], [ 69.3754021, 41.3390703 ], [ 69.3753053, 41.3387798 ], [ 69.3751628, 41.338711 ], [ 69.3750356, 41.3386958 ], [ 69.374837, 41.3387378 ], [ 69.3752798, 41.3399091 ] ] ] } },
{ "type": "Feature", "properties": { "osm_id": "w961526039", "kind": "garages" }, "geometry": { "type": "Polygon", "coordinates": [ [ [ 69.3770902, 41.3341707 ], [ 69.377476, 41.3340043 ], [ 69.3780587, 41.3346452 ], [ 69.3782967, 41.3351505 ], [ 69.3783952, 41.3357483 ], [ 69.378428, 41.3363149 ], [ 69.3782226, 41.3363073 ], [ 69.3782376, 41.3358874 ], [ 69.3781624, 41.3355712 ], [ 69.3780528, 41.3351102 ], [ 69.3779879, 41.3349003 ], [ 69.3776584, 41.3345591 ], [ 69.3773489, 41.3343755 ], [ 69.3770902, 41.3341707 ] ] ] } },
{ "type": "Feature", "properties": { "osm_id": "w961550388", "kind": "garages" }, "geometry": { "type": "Polygon", "coordinates": [ [ [ 69.3762213, 41.3344029 ], [ 69.376532, 41.3343019 ], [ 69.3767638, 41.3342161 ], [ 69.3768892, 41.3343923 ], [ 69.3769005, 41.3344668 ], [ 69.3768683, 41.3345917 ], [ 69.3765089, 41.3345071 ], [ 69.3761977, 41.3344165 ], [ 69.3762213, 41.3344029 ] ] ] } },
{ "type": "Feature", "properties": { "osm_id": "w961563622", "kind": "garages" }, "geometry": { "type": "Polygon", "coordinates": [ [ [ 69.3906006, 41.3470122 ], [ 69.391158, 41.3461873 ], [ 69.3919833, 41.3465281 ], [ 69.3913007, 41.3473706 ], [ 69.3906006, 41.3470122 ] ] ] } },
{ "type": "Feature", "properties": { "osm_id": "w961812782", "kind": "industrial" }, "geometry": { "type": "Polygon", "coordinates": [ [ [ 69.2687925, 41.3274691 ], [ 69.2691372, 41.3275053 ], [ 69.2692299, 41.3271384 ], [ 69.2690904, 41.3271157 ], [ 69.2691126, 41.3270292 ], [ 69.2690108, 41.3270092 ], [ 69.2689159, 41.3269998 ], [ 69.2688862, 41.3271129 ], [ 69.2687925, 41.3274691 ] ] ] } },
{ "type": "Feature", "properties": { "osm_id": "w966517317", "kind": "industrial" }, "geometry": { "type": "Polygon", "coordinates": [ [ [ 69.1953381, 41.2458825 ], [ 69.1954068, 41.2463757 ], [ 69.1958062, 41.2468111 ], [ 69.1959322, 41.2468536 ], [ 69.1965383, 41.2466046 ], [ 69.1966909, 41.2465434 ], [ 69.1964578, 41.2464062 ], [ 69.1963718, 41.2464106 ], [ 69.1957836, 41.246043 ], [ 69.1958214, 41.2460097 ], [ 69.195686, 41.245931 ], [ 69.1953381, 41.2458825 ] ] ] } },
{ "type": "Feature", "properties": { "osm_id": "w966517318", "kind": "industrial" }, "geometry": { "type": "Polygon", "coordinates": [ [ [ 69.1959322, 41.2468536 ], [ 69.1963594, 41.2472961 ], [ 69.196601, 41.2470507 ], [ 69.1965325, 41.2466943 ], [ 69.1965383, 41.2466046 ], [ 69.1959322, 41.2468536 ] ] ] } },
{ "type": "Feature", "properties": { "osm_id": "w971199106", "kind": "industrial" }, "geometry": { "type": "Polygon", "coordinates": [ [ [ 69.1996729, 41.258499 ], [ 69.1990104, 41.2579807 ], [ 69.1989568, 41.2580542 ], [ 69.1988259, 41.2581775 ], [ 69.1985081, 41.2584768 ], [ 69.1983663, 41.2586104 ], [ 69.1982353, 41.258624 ], [ 69.1983077, 41.2587147 ], [ 69.1981052, 41.2587722 ], [ 69.198137, 41.2588225 ], [ 69.1973573, 41.2590467 ], [ 69.1972991, 41.2589334 ], [ 69.1969129, 41.2590454 ], [ 69.1969524, 41.2591032 ], [ 69.1970287, 41.2592424 ], [ 69.1970977, 41.2593722 ], [ 69.1973975, 41.2599143 ], [ 69.1974054, 41.2599119 ], [ 69.1975166, 41.260144 ], [ 69.1977598, 41.2600491 ], [ 69.1984498, 41.2598196 ], [ 69.1987556, 41.2595323 ], [ 69.1987275, 41.2594637 ], [ 69.1986108, 41.2594184 ], [ 69.1986475, 41.259375 ], [ 69.198824, 41.2592268 ], [ 69.1990852, 41.2590469 ], [ 69.1995363, 41.2586291 ], [ 69.1996729, 41.258499 ] ] ] } },
{ "type": "Feature", "properties": { "osm_id": "w971724155", "kind": "industrial" }, "geometry": { "type": "Polygon", "coordinates": [ [ [ 69.1373039, 41.2014006 ], [ 69.1365344, 41.2005708 ], [ 69.1363862, 41.2004109 ], [ 69.1356406, 41.200645 ], [ 69.1347581, 41.2008892 ], [ 69.1333044, 41.2012 ], [ 69.1327223, 41.2012404 ], [ 69.1320813, 41.2012747 ], [ 69.131172, 41.2011859 ], [ 69.1308689, 41.2013857 ], [ 69.1310379, 41.2019467 ], [ 69.1314268, 41.2018539 ], [ 69.1318157, 41.2016803 ], [ 69.1321081, 41.2015996 ], [ 69.1327491, 41.2015108 ], [ 69.1328967, 41.2019749 ], [ 69.1332883, 41.2020012 ], [ 69.1332856, 41.2019689 ], [ 69.1333821, 41.2019669 ], [ 69.1334009, 41.202098 ], [ 69.1334975, 41.20209 ], [ 69.134455, 41.2024653 ], [ 69.1347957, 41.202092 ], [ 69.1353661, 41.2024043 ], [ 69.1373039, 41.2014006 ] ] ] } },
{ "type": "Feature", "properties": { "osm_id": "w971724165", "kind": "industrial" }, "geometry": { "type": "Polygon", "coordinates": [ [ [ 69.1512644, 41.2047881 ], [ 69.1521299, 41.2053095 ], [ 69.153544, 41.2061753 ], [ 69.1539791, 41.205773 ], [ 69.1543812, 41.2054338 ], [ 69.1541773, 41.2054137 ], [ 69.1541827, 41.2053693 ], [ 69.153834, 41.2053249 ], [ 69.1536248, 41.2053047 ], [ 69.1534692, 41.2052361 ], [ 69.15326, 41.2051029 ], [ 69.1531473, 41.2049939 ], [ 69.1528362, 41.2048042 ], [ 69.1527504, 41.2047881 ], [ 69.1518599, 41.2042109 ], [ 69.1515218, 41.2045387 ], [ 69.1512644, 41.2047881 ] ] ] } },
{ "type": "Feature", "properties": { "osm_id": "w979304637", "kind": "industrial" }, "geometry": { "type": "Polygon", "coordinates": [ [ [ 69.3173077, 41.2852889 ], [ 69.3183976, 41.2863964 ], [ 69.3182869, 41.2865195 ], [ 69.3179056, 41.2869433 ], [ 69.3162469, 41.2864728 ], [ 69.3159379, 41.2864209 ], [ 69.3162215, 41.2856885 ], [ 69.3165669, 41.2857411 ], [ 69.3173077, 41.2852889 ] ] ] } },
{ "type": "Feature", "properties": { "osm_id": "w979304641", "kind": "industrial" }, "geometry": { "type": "Polygon", "coordinates": [ [ [ 69.3120046, 41.2877678 ], [ 69.3133449, 41.2879449 ], [ 69.3133672, 41.2878014 ], [ 69.3134113, 41.286549 ], [ 69.313494, 41.2865351 ], [ 69.3137679, 41.2854371 ], [ 69.3132272, 41.2853636 ], [ 69.3126829, 41.2853079 ], [ 69.3123371, 41.2862053 ], [ 69.3117831, 41.2868377 ], [ 69.3111623, 41.2866243 ], [ 69.310762, 41.2875248 ], [ 69.3112662, 41.2875993 ], [ 69.3115339, 41.2876554 ], [ 69.3119143, 41.287581 ], [ 69.3120256, 41.2876075 ], [ 69.3120046, 41.2877678 ] ] ] } },
{ "type": "Feature", "properties": { "osm_id": "w979304646", "kind": "industrial" }, "geometry": { "type": "Polygon", "coordinates": [ [ [ 69.3160617, 41.2857932 ], [ 69.3138769, 41.2853691 ], [ 69.3138109, 41.2862097 ], [ 69.3137185, 41.2865357 ], [ 69.3144521, 41.2867233 ], [ 69.3143004, 41.287202 ], [ 69.3160746, 41.2878487 ], [ 69.3165204, 41.28719 ], [ 69.3174447, 41.2874539 ], [ 69.3178699, 41.2869562 ], [ 69.3162431, 41.2864908 ], [ 69.315898, 41.2864329 ], [ 69.3161445, 41.2858055 ], [ 69.3160617, 41.2857932 ] ] ] } },
{ "type": "Feature", "properties": { "osm_id": "w981689817", "kind": "industrial" }, "geometry": { "type": "Polygon", "coordinates": [ [ [ 69.3672792, 41.2683715 ], [ 69.3679389, 41.267699 ], [ 69.3682557, 41.267692 ], [ 69.3688898, 41.2677041 ], [ 69.3689669, 41.2677021 ], [ 69.3690803, 41.2678992 ], [ 69.3691792, 41.2679921 ], [ 69.369096, 41.2681141 ], [ 69.3690345, 41.2682937 ], [ 69.3686999, 41.268318 ], [ 69.3681982, 41.2684295 ], [ 69.3673653, 41.268541 ], [ 69.3672936, 41.2685223 ], [ 69.3672346, 41.2684699 ], [ 69.3672792, 41.2683715 ] ] ] } },
{ "type": "Feature", "properties": { "osm_id": "w982308581", "kind": "industrial" }, "geometry": { "type": "Polygon", "coordinates": [ [ [ 69.3107354, 41.2888504 ], [ 69.3109305, 41.2883204 ], [ 69.3109956, 41.2882119 ], [ 69.3110708, 41.2882089 ], [ 69.3112741, 41.287714 ], [ 69.3119611, 41.2878393 ], [ 69.3115922, 41.2889787 ], [ 69.3107354, 41.2888504 ] ] ] } },
{ "type": "Feature", "properties": { "osm_id": "w982308582", "kind": "industrial" }, "geometry": { "type": "Polygon", "coordinates": [ [ [ 69.311326, 41.2838403 ], [ 69.3105813, 41.2844912 ], [ 69.3112081, 41.2851043 ], [ 69.3114637, 41.2849507 ], [ 69.3114872, 41.2848844 ], [ 69.3114802, 41.2847844 ], [ 69.3113366, 41.2844458 ], [ 69.3114037, 41.2841975 ], [ 69.3115693, 41.284065 ], [ 69.3115023, 41.2840177 ], [ 69.3115465, 41.2839812 ], [ 69.311326, 41.2838403 ] ] ] } },
{ "type": "Feature", "properties": { "osm_id": "w985025422", "kind": "industrial" }, "geometry": { "type": "Polygon", "coordinates": [ [ [ 69.4643895, 41.3061717 ], [ 69.4646879, 41.3060526 ], [ 69.4647363, 41.3059677 ], [ 69.464161, 41.3053599 ], [ 69.4638383, 41.3055356 ], [ 69.4643895, 41.3061717 ] ] ] } },
{ "type": "Feature", "properties": { "osm_id": "w996855000", "kind": "industrial" }, "geometry": { "type": "Polygon", "coordinates": [ [ [ 69.2348066, 41.1949605 ], [ 69.2353933, 41.1946728 ], [ 69.2370476, 41.1950174 ], [ 69.2384885, 41.1970032 ], [ 69.2343771, 41.1962069 ], [ 69.2344252, 41.1960647 ], [ 69.2347213, 41.1952147 ], [ 69.2348066, 41.1949605 ] ] ] } },
{ "type": "Feature", "properties": { "osm_id": "w996855001", "kind": "industrial" }, "geometry": { "type": "Polygon", "coordinates": [ [ [ 69.2404442, 41.1938324 ], [ 69.2405426, 41.194003 ], [ 69.2405942, 41.1940438 ], [ 69.2411196, 41.1944166 ], [ 69.2410997, 41.1944299 ], [ 69.2417305, 41.1949132 ], [ 69.2419759, 41.1951025 ], [ 69.2420576, 41.19536 ], [ 69.2421887, 41.1955923 ], [ 69.2425229, 41.1958423 ], [ 69.2435294, 41.1946141 ], [ 69.2433947, 41.194541 ], [ 69.2427645, 41.1946898 ], [ 69.2407615, 41.1935649 ], [ 69.2404442, 41.1938324 ] ] ] } },
{ "type": "Feature", "properties": { "osm_id": "w996855002", "kind": "industrial" }, "geometry": { "type": "Polygon", "coordinates": [ [ [ 69.2425229, 41.1958423 ], [ 69.2436562, 41.1967397 ], [ 69.2447736, 41.1954889 ], [ 69.2449121, 41.1953322 ], [ 69.2435294, 41.1946141 ], [ 69.2425229, 41.1958423 ] ] ] } },
{ "type": "Feature", "properties": { "osm_id": "w996855003", "kind": "industrial" }, "geometry": { "type": "Polygon", "coordinates": [ [ [ 69.2436562, 41.1967397 ], [ 69.2446272, 41.1975991 ], [ 69.2458415, 41.1961674 ], [ 69.2447736, 41.1954889 ], [ 69.2436562, 41.1967397 ] ] ] } },
{ "type": "Feature", "properties": { "osm_id": "w996859946", "kind": "industrial" }, "geometry": { "type": "Polygon", "coordinates": [ [ [ 69.2405359, 41.2047572 ], [ 69.2448495, 41.2049403 ], [ 69.2449782, 41.2049481 ], [ 69.2450695, 41.2042064 ], [ 69.2434841, 41.2040979 ], [ 69.2416495, 41.2040172 ], [ 69.2405359, 41.2047572 ] ] ] } },
{ "type": "Feature", "properties": { "osm_id": "w996859949", "kind": "industrial" }, "geometry": { "type": "Polygon", "coordinates": [ [ [ 69.2405359, 41.2047572 ], [ 69.2448495, 41.2049403 ], [ 69.2447465, 41.205818 ], [ 69.2394347, 41.2055288 ], [ 69.2405359, 41.2047572 ] ] ] } },
{ "type": "Feature", "properties": { "osm_id": "w996859950", "kind": "industrial" }, "geometry": { "type": "Polygon", "coordinates": [ [ [ 69.2425666, 41.2066992 ], [ 69.2398271, 41.2066013 ], [ 69.2393804, 41.2063732 ], [ 69.2387082, 41.2059983 ], [ 69.2392652, 41.2056422 ], [ 69.2426328, 41.2058276 ], [ 69.2425666, 41.2066992 ] ] ] } },
{ "type": "Feature", "properties": { "osm_id": "w996859951", "kind": "industrial" }, "geometry": { "type": "Polygon", "coordinates": [ [ [ 69.2425089, 41.2074309 ], [ 69.2412766, 41.2073614 ], [ 69.2398271, 41.2066013 ], [ 69.2425666, 41.2066992 ], [ 69.2425089, 41.2074309 ] ] ] } },
{ "type": "Feature", "properties": { "osm_id": "w996859952", "kind": "industrial" }, "geometry": { "type": "Polygon", "coordinates": [ [ [ 69.2418688, 41.203878 ], [ 69.2450684, 41.204085 ], [ 69.2452055, 41.2025562 ], [ 69.243863, 41.2025299 ], [ 69.2418688, 41.203878 ] ] ] } },
{ "type": "Feature", "properties": { "osm_id": "w997197914", "kind": "industrial" }, "geometry": { "type": "Polygon", "coordinates": [ [ [ 69.2451733, 41.1532537 ], [ 69.2455232, 41.1534491 ], [ 69.2477036, 41.1534798 ], [ 69.2477947, 41.1523534 ], [ 69.2447744, 41.1522035 ], [ 69.2451733, 41.1532537 ] ] ] } },
{ "type": "Feature", "properties": { "osm_id": "w997197915", "kind": "industrial" }, "geometry": { "type": "Polygon", "coordinates": [ [ [ 69.2447744, 41.1522035 ], [ 69.244588, 41.1517734 ], [ 69.244511, 41.1514521 ], [ 69.2443665, 41.1514528 ], [ 69.2440464, 41.1508344 ], [ 69.2439959, 41.1507438 ], [ 69.2440076, 41.1505386 ], [ 69.2445985, 41.1505506 ], [ 69.2463832, 41.1505662 ], [ 69.2480216, 41.1516294 ], [ 69.2479763, 41.1517739 ], [ 69.2477947, 41.1523534 ], [ 69.2447744, 41.1522035 ] ] ] } },
{ "type": "Feature", "properties": { "osm_id": "w997513517", "kind": "industrial" }, "geometry": { "type": "Polygon", "coordinates": [ [ [ 69.2238007, 41.1445786 ], [ 69.2239552, 41.1442603 ], [ 69.2244593, 41.143948 ], [ 69.2244553, 41.1434061 ], [ 69.2245406, 41.143152 ], [ 69.2248089, 41.1430571 ], [ 69.2254998, 41.1431477 ], [ 69.2258439, 41.1454877 ], [ 69.2256668, 41.145494 ], [ 69.2238007, 41.1445786 ] ] ] } },
{ "type": "Feature", "properties": { "osm_id": "w997516397", "kind": "cemetery" }, "geometry": { "type": "Polygon", "coordinates": [ [ [ 69.317933, 41.1454967 ], [ 69.3176924, 41.145513 ], [ 69.3176831, 41.1455362 ], [ 69.3171926, 41.1455478 ], [ 69.3168163, 41.1454178 ], [ 69.3163968, 41.1453225 ], [ 69.3158909, 41.1445769 ], [ 69.3168533, 41.144319 ], [ 69.3168965, 41.1443655 ], [ 69.317205, 41.1443562 ], [ 69.3176029, 41.1443376 ], [ 69.3178481, 41.1450913 ], [ 69.317933, 41.1454967 ] ] ] } },
{ "type": "Feature", "properties": { "osm_id": "w997650422", "kind": "industrial" }, "geometry": { "type": "Polygon", "coordinates": [ [ [ 69.2084432, 41.1473521 ], [ 69.208921, 41.1472375 ], [ 69.2089847, 41.1471548 ], [ 69.2090979, 41.1471442 ], [ 69.2091793, 41.1473174 ], [ 69.2097315, 41.1475253 ], [ 69.2103048, 41.1478051 ], [ 69.2100535, 41.148626 ], [ 69.2092855, 41.1484741 ], [ 69.2093138, 41.1479277 ], [ 69.2085034, 41.1479837 ], [ 69.2084432, 41.1473521 ] ] ] } },
{ "type": "Feature", "properties": { "osm_id": "w997650423", "kind": "industrial" }, "geometry": { "type": "Polygon", "coordinates": [ [ [ 69.2091935, 41.1462247 ], [ 69.2089847, 41.1471548 ], [ 69.208921, 41.1472375 ], [ 69.2084432, 41.1473521 ], [ 69.2085034, 41.1479837 ], [ 69.2093138, 41.1479277 ], [ 69.2092855, 41.1484741 ], [ 69.2092891, 41.1486046 ], [ 69.2093421, 41.1488258 ], [ 69.209604, 41.1497239 ], [ 69.2091156, 41.1495854 ], [ 69.2090165, 41.1497959 ], [ 69.2084715, 41.1498465 ], [ 69.2079477, 41.14962 ], [ 69.2080397, 41.1492576 ], [ 69.2079725, 41.1489937 ], [ 69.2071089, 41.1489857 ], [ 69.206755, 41.149095 ], [ 69.2062843, 41.1482742 ], [ 69.2061286, 41.147981 ], [ 69.2059197, 41.1479171 ], [ 69.2056366, 41.1477092 ], [ 69.2055021, 41.1473414 ], [ 69.2055375, 41.1466831 ], [ 69.2053676, 41.1459795 ], [ 69.206033, 41.1458809 ], [ 69.2063551, 41.1466138 ], [ 69.2074381, 41.1465285 ], [ 69.2076044, 41.14635 ], [ 69.2091935, 41.1462247 ] ] ] } },
{ "type": "Feature", "properties": { "osm_id": "w997650685", "kind": "industrial" }, "geometry": { "type": "Polygon", "coordinates": [ [ [ 69.2112783, 41.1481127 ], [ 69.2115963, 41.1474434 ], [ 69.211958, 41.1467675 ], [ 69.2126639, 41.147276 ], [ 69.2133523, 41.1475812 ], [ 69.2137358, 41.1481718 ], [ 69.2143894, 41.1487197 ], [ 69.2139885, 41.1487427 ], [ 69.2135528, 41.1486771 ], [ 69.2135833, 41.1490642 ], [ 69.2134787, 41.1491659 ], [ 69.2126639, 41.1490052 ], [ 69.212263, 41.1489888 ], [ 69.2112783, 41.1481127 ] ] ] } },
{ "type": "Feature", "properties": { "osm_id": "w998079028", "kind": "industrial" }, "geometry": { "type": "Polygon", "coordinates": [ [ [ 69.2187626, 41.1612971 ], [ 69.2190374, 41.1614807 ], [ 69.2193153, 41.1612994 ], [ 69.2195068, 41.1613157 ], [ 69.2198465, 41.1615365 ], [ 69.2206186, 41.1615435 ], [ 69.2206433, 41.1613854 ], [ 69.2194821, 41.1607344 ], [ 69.2189756, 41.1604391 ], [ 69.2190158, 41.1606786 ], [ 69.2186915, 41.1610529 ], [ 69.2187626, 41.1612971 ] ] ] } },
{ "type": "Feature", "properties": { "osm_id": "w998087973", "kind": "garages" }, "geometry": { "type": "Polygon", "coordinates": [ [ [ 69.296954, 41.2652289 ], [ 69.2968569, 41.2653528 ], [ 69.2967537, 41.2659932 ], [ 69.2965796, 41.2661171 ], [ 69.2967722, 41.2662051 ], [ 69.2968107, 41.2661402 ], [ 69.2969632, 41.2660569 ], [ 69.2970587, 41.2657199 ], [ 69.2971881, 41.2651606 ], [ 69.297031, 41.2651016 ], [ 69.296954, 41.2652289 ] ] ] } },
{ "type": "Feature", "properties": { "osm_id": "w998088007", "kind": "railway" }, "geometry": { "type": "Polygon", "coordinates": [ [ [ 69.3011886, 41.2656549 ], [ 69.3016154, 41.2658833 ], [ 69.3023256, 41.2663234 ], [ 69.302891, 41.2670158 ], [ 69.3030927, 41.2672124 ], [ 69.303481, 41.2673275 ], [ 69.3030127, 41.2669764 ], [ 69.30272, 41.26657 ], [ 69.3025719, 41.2661528 ], [ 69.3011886, 41.2656549 ] ] ] } },
{ "type": "Feature", "properties": { "osm_id": "w998088029", "kind": "industrial" }, "geometry": { "type": "Polygon", "coordinates": [ [ [ 69.3312182, 41.2783845 ], [ 69.3300443, 41.2777209 ], [ 69.3301249, 41.2776359 ], [ 69.3294195, 41.2772494 ], [ 69.3293606, 41.2772938 ], [ 69.3283956, 41.2767415 ], [ 69.3289584, 41.2762274 ], [ 69.3290327, 41.2762048 ], [ 69.3296981, 41.2766197 ], [ 69.3317172, 41.277877 ], [ 69.3317243, 41.2779362 ], [ 69.3312182, 41.2783845 ] ] ] } },
{ "type": "Feature", "properties": { "osm_id": "w998088030", "kind": "industrial" }, "geometry": { "type": "Polygon", "coordinates": [ [ [ 69.3234551, 41.2724895 ], [ 69.323469, 41.2725277 ], [ 69.3251993, 41.2736375 ], [ 69.3262215, 41.2727182 ], [ 69.3260088, 41.2725815 ], [ 69.3255487, 41.2724459 ], [ 69.3244038, 41.2724006 ], [ 69.3234551, 41.2724895 ] ] ] } },
{ "type": "Feature", "properties": { "osm_id": "w999048787", "kind": "industrial" }, "geometry": { "type": "Polygon", "coordinates": [ [ [ 69.2176007, 41.2536586 ], [ 69.2175425, 41.2529665 ], [ 69.2181669, 41.2529548 ], [ 69.2186713, 41.2528529 ], [ 69.218678, 41.2527977 ], [ 69.2190535, 41.2525388 ], [ 69.2196556, 41.2526357 ], [ 69.2200867, 41.2527827 ], [ 69.2204133, 41.2532672 ], [ 69.2201667, 41.2533691 ], [ 69.2196505, 41.2535109 ], [ 69.2196045, 41.2535695 ], [ 69.218989, 41.2543195 ], [ 69.217998, 41.2538268 ], [ 69.2176007, 41.2536586 ] ] ] } },
{ "type": "Feature", "properties": { "osm_id": "w999048788", "kind": "industrial" }, "geometry": { "type": "Polygon", "coordinates": [ [ [ 69.218989, 41.2543195 ], [ 69.2200238, 41.2547747 ], [ 69.2206746, 41.2543429 ], [ 69.2207563, 41.2540993 ], [ 69.2207716, 41.2539016 ], [ 69.2207818, 41.2536867 ], [ 69.2206772, 41.2536522 ], [ 69.2204133, 41.2532672 ], [ 69.2201667, 41.2533691 ], [ 69.2196505, 41.2535109 ], [ 69.2196045, 41.2535695 ], [ 69.218989, 41.2543195 ] ] ] } },
{ "type": "Feature", "properties": { "osm_id": "w999048791", "kind": "industrial" }, "geometry": { "type": "Polygon", "coordinates": [ [ [ 69.2215945, 41.2555515 ], [ 69.221977, 41.2557926 ], [ 69.2223271, 41.2555028 ], [ 69.2223749, 41.2555283 ], [ 69.2229329, 41.2550425 ], [ 69.2234329, 41.2544789 ], [ 69.222705, 41.254116 ], [ 69.2223765, 41.2542378 ], [ 69.2222633, 41.2544237 ], [ 69.2222864, 41.2549539 ], [ 69.2220756, 41.2551049 ], [ 69.2215945, 41.2555515 ] ] ] } },
{ "type": "Feature", "properties": { "osm_id": "w999048792", "kind": "industrial" }, "geometry": { "type": "Polygon", "coordinates": [ [ [ 69.2201749, 41.2548714 ], [ 69.2208473, 41.254376 ], [ 69.2210388, 41.2545016 ], [ 69.2210561, 41.2545857 ], [ 69.2212086, 41.2546899 ], [ 69.221935, 41.2550424 ], [ 69.2220343, 41.2550906 ], [ 69.2215634, 41.2555637 ], [ 69.2211077, 41.2553665 ], [ 69.2211304, 41.2553425 ], [ 69.2201749, 41.2548714 ] ] ] } },
{ "type": "Feature", "properties": { "osm_id": "w999048794", "kind": "industrial" }, "geometry": { "type": "Polygon", "coordinates": [ [ [ 69.2170266, 41.257017 ], [ 69.2179533, 41.2559554 ], [ 69.2186587, 41.2562836 ], [ 69.2186921, 41.2562506 ], [ 69.2189345, 41.2563379 ], [ 69.2189408, 41.2564156 ], [ 69.2192954, 41.2565694 ], [ 69.2192116, 41.256734 ], [ 69.2192515, 41.2568468 ], [ 69.2190192, 41.2569191 ], [ 69.2188433, 41.2568271 ], [ 69.21809, 41.257605 ], [ 69.2170266, 41.257017 ] ] ] } },
{ "type": "Feature", "properties": { "osm_id": "w1005054505", "kind": "industrial" }, "geometry": { "type": "Polygon", "coordinates": [ [ [ 69.1490968, 41.3149663 ], [ 69.1484562, 41.3139043 ], [ 69.1481459, 41.3135257 ], [ 69.1479238, 41.313201 ], [ 69.147418, 41.312784 ], [ 69.1476611, 41.3126966 ], [ 69.1477029, 41.3120951 ], [ 69.1482867, 41.3118168 ], [ 69.1487074, 41.3116762 ], [ 69.1490527, 41.3122259 ], [ 69.1510914, 41.3115435 ], [ 69.1513622, 41.3123123 ], [ 69.1524476, 41.3120975 ], [ 69.152595, 41.3124847 ], [ 69.1498197, 41.3131071 ], [ 69.1498525, 41.3131665 ], [ 69.1503602, 41.313043 ], [ 69.1510029, 41.3144493 ], [ 69.1495341, 41.3148109 ], [ 69.1490968, 41.3149663 ] ] ] } },
{ "type": "Feature", "properties": { "osm_id": "w1013647790", "kind": "industrial" }, "geometry": { "type": "Polygon", "coordinates": [ [ [ 69.4872117, 41.2489705 ], [ 69.4884224, 41.2482889 ], [ 69.4880543, 41.2476942 ], [ 69.4866732, 41.2484718 ], [ 69.4872117, 41.2489705 ] ] ] } },
{ "type": "Feature", "properties": { "osm_id": "w1013647791", "kind": "industrial" }, "geometry": { "type": "Polygon", "coordinates": [ [ [ 69.4872117, 41.2489705 ], [ 69.4875311, 41.2492564 ], [ 69.4887015, 41.2487652 ], [ 69.4887327, 41.2487578 ], [ 69.4884407, 41.2482706 ], [ 69.4872117, 41.2489705 ] ] ] } },
{ "type": "Feature", "properties": { "osm_id": "w1013647792", "kind": "industrial" }, "geometry": { "type": "Polygon", "coordinates": [ [ [ 69.4875311, 41.2492564 ], [ 69.4876893, 41.2493913 ], [ 69.487741, 41.2493799 ], [ 69.4881334, 41.2499425 ], [ 69.4892281, 41.2495425 ], [ 69.4887015, 41.2487652 ], [ 69.4875311, 41.2492564 ] ] ] } },
{ "type": "Feature", "properties": { "osm_id": "w1015046761", "kind": "industrial" }, "geometry": { "type": "Polygon", "coordinates": [ [ [ 69.3137389, 41.3579789 ], [ 69.3136215, 41.3580177 ], [ 69.3137503, 41.3583334 ], [ 69.3129882, 41.3584685 ], [ 69.3127084, 41.3579474 ], [ 69.3120693, 41.3580995 ], [ 69.3117034, 41.3578666 ], [ 69.3113703, 41.35799 ], [ 69.3109795, 41.3580602 ], [ 69.3106021, 41.3574533 ], [ 69.3106644, 41.3571594 ], [ 69.3111712, 41.356922 ], [ 69.3128912, 41.3561654 ], [ 69.3130928, 41.3562128 ], [ 69.3132427, 41.3565872 ], [ 69.313492, 41.3569881 ], [ 69.3139923, 41.3572351 ], [ 69.3138935, 41.3578717 ], [ 69.3137389, 41.3579789 ] ] ] } },
{ "type": "Feature", "properties": { "osm_id": "w1020222050", "kind": "industrial" }, "geometry": { "type": "Polygon", "coordinates": [ [ [ 69.4458562, 41.1282236 ], [ 69.4471639, 41.128249 ], [ 69.4478785, 41.128221 ], [ 69.4478414, 41.1275102 ], [ 69.4475886, 41.1275102 ], [ 69.4470628, 41.1269288 ], [ 69.4456506, 41.1273807 ], [ 69.445691, 41.1275482 ], [ 69.4456775, 41.1277564 ], [ 69.4458562, 41.1282236 ] ] ] } },
{ "type": "Feature", "properties": { "osm_id": "w1020222051", "kind": "industrial" }, "geometry": { "type": "Polygon", "coordinates": [ [ [ 69.4451246, 41.1297536 ], [ 69.445326, 41.1289805 ], [ 69.4453558, 41.1288364 ], [ 69.4447504, 41.1287209 ], [ 69.4433631, 41.12868 ], [ 69.4427383, 41.1293947 ], [ 69.442845, 41.1294648 ], [ 69.4439762, 41.1295993 ], [ 69.4451246, 41.1297536 ] ] ] } },
{ "type": "Feature", "properties": { "osm_id": "w1020222052", "kind": "industrial" }, "geometry": { "type": "Polygon", "coordinates": [ [ [ 69.4399058, 41.1274007 ], [ 69.4405312, 41.127038 ], [ 69.4414749, 41.1278151 ], [ 69.4414106, 41.1279069 ], [ 69.4419856, 41.1282737 ], [ 69.4433631, 41.12868 ], [ 69.4427383, 41.1293947 ], [ 69.4425977, 41.1295042 ], [ 69.4419974, 41.1292788 ], [ 69.4412448, 41.1288089 ], [ 69.4411414, 41.1287132 ], [ 69.4404465, 41.1279637 ], [ 69.440338, 41.1278654 ], [ 69.4403888, 41.1278309 ], [ 69.4399058, 41.1274007 ] ] ] } },
{ "type": "Feature", "properties": { "osm_id": "w1020222083", "kind": "industrial" }, "geometry": { "type": "Polygon", "coordinates": [ [ [ 69.4411244, 41.1232193 ], [ 69.4411649, 41.1231759 ], [ 69.4416676, 41.1226918 ], [ 69.4417074, 41.1226652 ], [ 69.4422472, 41.123113 ], [ 69.44163, 41.1236139 ], [ 69.4411244, 41.1232193 ] ] ] } },
{ "type": "Feature", "properties": { "osm_id": "w1020290463", "kind": "industrial" }, "geometry": { "type": "Polygon", "coordinates": [ [ [ 69.4423962, 41.12311 ], [ 69.4433342, 41.1229467 ], [ 69.4434033, 41.1227997 ], [ 69.4425209, 41.1205104 ], [ 69.4424196, 41.1204549 ], [ 69.4423077, 41.120456 ], [ 69.4421903, 41.1204773 ], [ 69.4420944, 41.1205632 ], [ 69.4411346, 41.1219044 ], [ 69.441358, 41.122001 ], [ 69.4417466, 41.1221418 ], [ 69.4415523, 41.1223708 ], [ 69.4423962, 41.12311 ] ] ] } },
{ "type": "Feature", "properties": { "osm_id": "w1021590725", "kind": "industrial" }, "geometry": { "type": "Polygon", "coordinates": [ [ [ 69.5595145, 41.2044801 ], [ 69.5598917, 41.2052975 ], [ 69.5598635, 41.2056195 ], [ 69.5596777, 41.2060134 ], [ 69.5597284, 41.2063183 ], [ 69.5593625, 41.2067546 ], [ 69.5582759, 41.2067207 ], [ 69.5582478, 41.2059964 ], [ 69.5574596, 41.2059329 ], [ 69.5574202, 41.2055347 ], [ 69.5579156, 41.2051917 ], [ 69.5579438, 41.2050095 ], [ 69.5595145, 41.2044801 ] ] ] } },
{ "type": "Feature", "properties": { "osm_id": "w1021590726", "kind": "industrial" }, "geometry": { "type": "Polygon", "coordinates": [ [ [ 69.5599013, 41.2051417 ], [ 69.559761, 41.2046938 ], [ 69.5599609, 41.2046299 ], [ 69.560182, 41.2044251 ], [ 69.5602372, 41.2041948 ], [ 69.5601831, 41.2040969 ], [ 69.5606523, 41.2039058 ], [ 69.5608155, 41.2037991 ], [ 69.5622299, 41.2033496 ], [ 69.5623473, 41.2034307 ], [ 69.5624385, 41.2033977 ], [ 69.5626732, 41.2033148 ], [ 69.5627286, 41.2034156 ], [ 69.5630975, 41.2032991 ], [ 69.5634842, 41.2039179 ], [ 69.5614013, 41.2045993 ], [ 69.5599013, 41.2051417 ] ] ] } },
{ "type": "Feature", "properties": { "osm_id": "w1021605695", "kind": "industrial" }, "geometry": { "type": "Polygon", "coordinates": [ [ [ 69.5610506, 41.203237 ], [ 69.560695, 41.2025108 ], [ 69.5605582, 41.2023285 ], [ 69.5603043, 41.2022697 ], [ 69.5600151, 41.2019963 ], [ 69.5612694, 41.201473 ], [ 69.5616211, 41.2011761 ], [ 69.5617735, 41.2005587 ], [ 69.562133, 41.2004293 ], [ 69.5625589, 41.2004146 ], [ 69.5636491, 41.2008233 ], [ 69.5635866, 41.2012496 ], [ 69.5634342, 41.2015318 ], [ 69.5634576, 41.2020492 ], [ 69.5632857, 41.2021639 ], [ 69.5627464, 41.2023344 ], [ 69.5628324, 41.2027107 ], [ 69.5622189, 41.2031841 ], [ 69.561793, 41.2028166 ], [ 69.5610506, 41.203237 ] ] ] } },
{ "type": "Feature", "properties": { "osm_id": "w1021605697", "kind": "industrial" }, "geometry": { "type": "Polygon", "coordinates": [ [ [ 69.5581903, 41.195995 ], [ 69.5574284, 41.1961127 ], [ 69.55668, 41.1962279 ], [ 69.5566358, 41.1966323 ], [ 69.5566018, 41.1972645 ], [ 69.5562038, 41.1977201 ], [ 69.5557513, 41.1980426 ], [ 69.5554486, 41.1985597 ], [ 69.5555472, 41.1986953 ], [ 69.5558976, 41.1986928 ], [ 69.5563194, 41.1983191 ], [ 69.5566698, 41.1982909 ], [ 69.5569759, 41.1983575 ], [ 69.5580339, 41.1975768 ], [ 69.5578638, 41.1973157 ], [ 69.5580917, 41.1972133 ], [ 69.5582958, 41.1972082 ], [ 69.5584421, 41.1969062 ], [ 69.5584863, 41.1966758 ], [ 69.5581325, 41.1965171 ], [ 69.5581903, 41.195995 ] ] ] } },
{ "type": "Feature", "properties": { "osm_id": "w1025174011", "kind": "industrial" }, "geometry": { "type": "Polygon", "coordinates": [ [ [ 69.2008595, 41.4772959 ], [ 69.2026876, 41.4775864 ], [ 69.2031489, 41.4762659 ], [ 69.2015383, 41.4760149 ], [ 69.2012357, 41.4759677 ], [ 69.2008595, 41.4772959 ] ] ] } },
{ "type": "Feature", "properties": { "osm_id": "w1026616003", "kind": "garages" }, "geometry": { "type": "Polygon", "coordinates": [ [ [ 69.1962293, 41.2822731 ], [ 69.1963917, 41.2824339 ], [ 69.1962863, 41.282494 ], [ 69.1963646, 41.2825714 ], [ 69.1964763, 41.2826819 ], [ 69.1975037, 41.2820956 ], [ 69.1973185, 41.2819149 ], [ 69.1972477, 41.2818448 ], [ 69.1971514, 41.2817469 ], [ 69.1962293, 41.2822731 ] ] ] } },
{ "type": "Feature", "properties": { "osm_id": "w1052435060", "kind": "industrial" }, "geometry": { "type": "Polygon", "coordinates": [ [ [ 69.3049358, 41.367749 ], [ 69.3055478, 41.3671651 ], [ 69.3081066, 41.3645925 ], [ 69.3072348, 41.3637925 ], [ 69.3069193, 41.3634564 ], [ 69.3070443, 41.3632496 ], [ 69.3064808, 41.3627864 ], [ 69.3036376, 41.3599636 ], [ 69.3006262, 41.3618076 ], [ 69.3019384, 41.3632487 ], [ 69.3015654, 41.363511 ], [ 69.3014691, 41.3639055 ], [ 69.3001209, 41.3646839 ], [ 69.3016405, 41.3660514 ], [ 69.3022832, 41.3664884 ], [ 69.3043896, 41.3675741 ], [ 69.3049358, 41.367749 ] ] ] } },
{ "type": "Feature", "properties": { "osm_id": "w1053984663", "kind": "industrial" }, "geometry": { "type": "Polygon", "coordinates": [ [ [ 69.2571499, 41.26526 ], [ 69.2568587, 41.2654168 ], [ 69.2557816, 41.2651628 ], [ 69.2548626, 41.2650003 ], [ 69.2548375, 41.2650757 ], [ 69.2548298, 41.2651036 ], [ 69.2524567, 41.2646486 ], [ 69.2526332, 41.2637382 ], [ 69.252651, 41.263658 ], [ 69.2526761, 41.2634831 ], [ 69.2528252, 41.2630879 ], [ 69.2528472, 41.2629653 ], [ 69.252786, 41.2629549 ], [ 69.2528905, 41.2625086 ], [ 69.2530017, 41.2622323 ], [ 69.2531619, 41.2620611 ], [ 69.253398, 41.2619015 ], [ 69.2534265, 41.2619305 ], [ 69.2535164, 41.2618793 ], [ 69.2535551, 41.2619252 ], [ 69.2539094, 41.2617415 ], [ 69.2563402, 41.2643821 ], [ 69.2565933, 41.264676 ], [ 69.2571499, 41.26526 ] ] ] } },
{ "type": "Feature", "properties": { "osm_id": "w1053984664", "kind": "industrial" }, "geometry": { "type": "Polygon", "coordinates": [ [ [ 69.2514665, 41.2612674 ], [ 69.253165, 41.2618612 ], [ 69.2527117, 41.2623794 ], [ 69.2527942, 41.2625663 ], [ 69.2526327, 41.2633466 ], [ 69.2509614, 41.2628889 ], [ 69.2507275, 41.2625394 ], [ 69.2514665, 41.2612674 ] ] ] } },
{ "type": "Feature", "properties": { "osm_id": "w1053984665", "kind": "industrial" }, "geometry": { "type": "Polygon", "coordinates": [ [ [ 69.2419236, 41.2632352 ], [ 69.2418246, 41.2634628 ], [ 69.2412059, 41.2631479 ], [ 69.2410954, 41.2633065 ], [ 69.2404702, 41.2631377 ], [ 69.2403555, 41.2632301 ], [ 69.2400631, 41.2630599 ], [ 69.2396694, 41.2628001 ], [ 69.2394711, 41.2625787 ], [ 69.2392201, 41.2622304 ], [ 69.2391302, 41.2620727 ], [ 69.2389939, 41.2613521 ], [ 69.2389581, 41.2604019 ], [ 69.2391453, 41.2592245 ], [ 69.2430411, 41.2595526 ], [ 69.2435948, 41.2596796 ], [ 69.2448505, 41.2597517 ], [ 69.2466266, 41.2598392 ], [ 69.2464783, 41.2607394 ], [ 69.2456719, 41.2605924 ], [ 69.2453656, 41.2614466 ], [ 69.2454609, 41.261477 ], [ 69.2453601, 41.2618344 ], [ 69.2492632, 41.262521 ], [ 69.2491943, 41.2628882 ], [ 69.2491382, 41.2630953 ], [ 69.2485055, 41.2631392 ], [ 69.2481124, 41.2631728 ], [ 69.2469033, 41.2632795 ], [ 69.2461878, 41.2632503 ], [ 69.2457949, 41.2632412 ], [ 69.2457579, 41.2632435 ], [ 69.2405606, 41.262323 ], [ 69.2405862, 41.2625389 ], [ 69.2407565, 41.2627745 ], [ 69.2413424, 41.2630744 ], [ 69.2414091, 41.2631126 ], [ 69.2419236, 41.2632352 ] ] ] } },
{ "type": "Feature", "properties": { "osm_id": "w1054002629", "kind": "industrial" }, "geometry": { "type": "Polygon", "coordinates": [ [ [ 69.3621472, 41.2768028 ], [ 69.3638762, 41.2780714 ], [ 69.364289, 41.2777397 ], [ 69.3643788, 41.2775682 ], [ 69.3626426, 41.2765166 ], [ 69.3625776, 41.2765883 ], [ 69.3622153, 41.2764172 ], [ 69.3621964, 41.2765244 ], [ 69.3621472, 41.2768028 ] ] ] } },
{ "type": "Feature", "properties": { "osm_id": "w1060590049", "kind": "cemetery" }, "geometry": { "type": "Polygon", "coordinates": [ [ [ 69.5597361, 41.2081121 ], [ 69.5596874, 41.206975 ], [ 69.5599799, 41.2064432 ], [ 69.5599677, 41.2058013 ], [ 69.5600036, 41.2054805 ], [ 69.5600524, 41.2051871 ], [ 69.5612468, 41.2047653 ], [ 69.5615028, 41.2049945 ], [ 69.5619659, 41.204857 ], [ 69.5622097, 41.2046461 ], [ 69.5622097, 41.2050587 ], [ 69.5619537, 41.2054438 ], [ 69.5616856, 41.2059573 ], [ 69.5612103, 41.2065717 ], [ 69.5608934, 41.207021 ], [ 69.5602718, 41.2075804 ], [ 69.5597361, 41.2081121 ] ] ] } },
{ "type": "Feature", "properties": { "osm_id": "w1068591972", "kind": "industrial" }, "geometry": { "type": "Polygon", "coordinates": [ [ [ 69.2744351, 41.2190607 ], [ 69.2740506, 41.2190867 ], [ 69.2736936, 41.2191109 ], [ 69.2726189, 41.218111 ], [ 69.2732658, 41.2177072 ], [ 69.2721848, 41.2167331 ], [ 69.273381, 41.2158936 ], [ 69.2729695, 41.2156558 ], [ 69.2735122, 41.2151067 ], [ 69.2759433, 41.2155577 ], [ 69.2765833, 41.2165422 ], [ 69.2744351, 41.2190607 ] ] ] } },
{ "type": "Feature", "properties": { "osm_id": "w1080003116", "kind": "industrial" }, "geometry": { "type": "Polygon", "coordinates": [ [ [ 69.5463935, 41.4224874 ], [ 69.547652, 41.4224736 ], [ 69.5480098, 41.4226193 ], [ 69.5480684, 41.4223926 ], [ 69.547285, 41.4217797 ], [ 69.5466989, 41.4216316 ], [ 69.5463935, 41.4224874 ] ] ] } },
{ "type": "Feature", "properties": { "osm_id": "w1080008920", "kind": "industrial" }, "geometry": { "type": "Polygon", "coordinates": [ [ [ 69.5836973, 41.4356448 ], [ 69.5845704, 41.4350898 ], [ 69.5840504, 41.4345775 ], [ 69.5841642, 41.4345006 ], [ 69.5831241, 41.4335159 ], [ 69.5824825, 41.4337578 ], [ 69.5836973, 41.4356448 ] ] ] } },
{ "type": "Feature", "properties": { "osm_id": "w1080008922", "kind": "industrial" }, "geometry": { "type": "Polygon", "coordinates": [ [ [ 69.5929116, 41.4444379 ], [ 69.5927835, 41.4444627 ], [ 69.5899331, 41.4450148 ], [ 69.5896258, 41.4440592 ], [ 69.5917893, 41.4429292 ], [ 69.5924032, 41.4437635 ], [ 69.5929116, 41.4444379 ] ] ] } },
{ "type": "Feature", "properties": { "osm_id": "w1080008926", "kind": "industrial" }, "geometry": { "type": "Polygon", "coordinates": [ [ [ 69.5941382, 41.4460522 ], [ 69.5954364, 41.4477404 ], [ 69.5955277, 41.4483684 ], [ 69.5942894, 41.448605 ], [ 69.5934066, 41.4461546 ], [ 69.5941382, 41.4460522 ] ] ] } },
{ "type": "Feature", "properties": { "osm_id": "w1080008927", "kind": "industrial" }, "geometry": { "type": "Polygon", "coordinates": [ [ [ 69.5955277, 41.4483684 ], [ 69.5956023, 41.448956 ], [ 69.5948124, 41.4490562 ], [ 69.59446, 41.4491093 ], [ 69.5942894, 41.448605 ], [ 69.5955277, 41.4483684 ] ] ] } },
{ "type": "Feature", "properties": { "osm_id": "w1080008928", "kind": "industrial" }, "geometry": { "type": "Polygon", "coordinates": [ [ [ 69.5956023, 41.448956 ], [ 69.5958346, 41.4506472 ], [ 69.5951129, 41.4507746 ], [ 69.5948124, 41.4490562 ], [ 69.5956023, 41.448956 ] ] ] } },
{ "type": "Feature", "properties": { "osm_id": "w1080008930", "kind": "industrial" }, "geometry": { "type": "Polygon", "coordinates": [ [ [ 69.5863307, 41.439878 ], [ 69.5869348, 41.4397993 ], [ 69.587176, 41.4398261 ], [ 69.5872439, 41.440024 ], [ 69.5876709, 41.4412904 ], [ 69.5879281, 41.4420349 ], [ 69.5876076, 41.4420946 ], [ 69.5873118, 41.4421483 ], [ 69.5872514, 41.4421599 ], [ 69.5871378, 41.4421817 ], [ 69.5870261, 41.441863 ], [ 69.5869918, 41.4417671 ], [ 69.5868881, 41.4414624 ], [ 69.5863307, 41.439878 ] ] ] } },
{ "type": "Feature", "properties": { "osm_id": "w1081416275", "kind": "cemetery" }, "geometry": { "type": "Polygon", "coordinates": [ [ [ 69.2860468, 41.3719425 ], [ 69.2861974, 41.3724073 ], [ 69.286446, 41.3723605 ], [ 69.2866784, 41.3731273 ], [ 69.2855384, 41.3733309 ], [ 69.2852247, 41.373398 ], [ 69.2852139, 41.3734393 ], [ 69.2838907, 41.373638 ], [ 69.283558, 41.3725914 ], [ 69.2834705, 41.3724912 ], [ 69.283673, 41.3724188 ], [ 69.2839345, 41.372287 ], [ 69.2838823, 41.3722607 ], [ 69.2840499, 41.3721581 ], [ 69.2841622, 41.3720569 ], [ 69.2842967, 41.3719193 ], [ 69.2843932, 41.3715814 ], [ 69.2844321, 41.3712171 ], [ 69.2848878, 41.3713717 ], [ 69.285025, 41.3712378 ], [ 69.2856036, 41.371115 ], [ 69.2859206, 41.3719596 ], [ 69.2860468, 41.3719425 ] ] ] } },
{ "type": "Feature", "properties": { "osm_id": "w1082809821", "kind": "industrial" }, "geometry": { "type": "Polygon", "coordinates": [ [ [ 69.3051882, 41.2878806 ], [ 69.3054884, 41.2873763 ], [ 69.3058924, 41.28744 ], [ 69.3059437, 41.2873584 ], [ 69.306641, 41.2876177 ], [ 69.3062429, 41.2881328 ], [ 69.3051882, 41.2878806 ] ] ] } },
{ "type": "Feature", "properties": { "osm_id": "w1085645357", "kind": "industrial" }, "geometry": { "type": "Polygon", "coordinates": [ [ [ 69.5794912, 41.437524 ], [ 69.5781308, 41.4356736 ], [ 69.577714, 41.4348537 ], [ 69.5775245, 41.4344811 ], [ 69.577619, 41.4344529 ], [ 69.5781444, 41.4343148 ], [ 69.5787087, 41.4341615 ], [ 69.5802339, 41.4337993 ], [ 69.5803334, 41.433817 ], [ 69.5804092, 41.4338525 ], [ 69.5804755, 41.4339307 ], [ 69.5813531, 41.4361879 ], [ 69.5811757, 41.4362409 ], [ 69.5806735, 41.436466 ], [ 69.5809438, 41.4368809 ], [ 69.5794912, 41.437524 ] ] ] } },
{ "type": "Feature", "properties": { "osm_id": "w1085652019", "kind": "industrial" }, "geometry": { "type": "Polygon", "coordinates": [ [ [ 69.574381, 41.4359715 ], [ 69.5751903, 41.4373053 ], [ 69.5746951, 41.4372778 ], [ 69.5741397, 41.4374475 ], [ 69.5741186, 41.4376985 ], [ 69.5748109, 41.4377497 ], [ 69.5747918, 41.4379147 ], [ 69.5755422, 41.4379663 ], [ 69.5755228, 41.4380663 ], [ 69.5771178, 41.4381908 ], [ 69.5770835, 41.4385657 ], [ 69.5778875, 41.438592 ], [ 69.5783184, 41.4387682 ], [ 69.5783469, 41.438637 ], [ 69.5788172, 41.4382962 ], [ 69.5785425, 41.4380122 ], [ 69.5786597, 41.4374422 ], [ 69.5791828, 41.4374562 ], [ 69.5794912, 41.437524 ], [ 69.5781308, 41.4356736 ], [ 69.577714, 41.4348537 ], [ 69.5776062, 41.4348943 ], [ 69.5776027, 41.4353576 ], [ 69.5773668, 41.435794 ], [ 69.575527, 41.4366742 ], [ 69.5748226, 41.4358002 ], [ 69.574381, 41.4359715 ] ] ] } },
{ "type": "Feature", "properties": { "osm_id": "w1085685317", "kind": "industrial" }, "geometry": { "type": "Polygon", "coordinates": [ [ [ 69.5888235, 41.4444426 ], [ 69.5875546, 41.4446924 ], [ 69.5869624, 41.4448024 ], [ 69.5866543, 41.4439802 ], [ 69.5856684, 41.4429917 ], [ 69.5871422, 41.4426991 ], [ 69.5879062, 41.4425555 ], [ 69.5881326, 41.4425065 ], [ 69.5888235, 41.4444426 ] ] ] } },
{ "type": "Feature", "properties": { "osm_id": "w1085695622", "kind": "industrial" }, "geometry": { "type": "Polygon", "coordinates": [ [ [ 69.5636276, 41.4431171 ], [ 69.564441, 41.4435467 ], [ 69.5642654, 41.4439786 ], [ 69.5641853, 41.4443435 ], [ 69.5634982, 41.4449163 ], [ 69.56254, 41.445623 ], [ 69.5625092, 41.4455907 ], [ 69.561756, 41.4460311 ], [ 69.5612244, 41.4454729 ], [ 69.5611936, 41.4454914 ], [ 69.5611166, 41.4454013 ], [ 69.5614401, 41.4452211 ], [ 69.5608475, 41.4445321 ], [ 69.5611207, 41.4442468 ], [ 69.5630719, 41.443573 ], [ 69.5630644, 41.4435712 ], [ 69.5636276, 41.4431171 ] ] ] } },
{ "type": "Feature", "properties": { "osm_id": "w1087483260", "kind": "industrial" }, "geometry": { "type": "Polygon", "coordinates": [ [ [ 69.5825131, 41.4642663 ], [ 69.5827803, 41.4633387 ], [ 69.5828932, 41.462945 ], [ 69.5830161, 41.4629468 ], [ 69.5831269, 41.4628857 ], [ 69.5835696, 41.4629499 ], [ 69.58367, 41.462622 ], [ 69.5843448, 41.4627165 ], [ 69.5844869, 41.4622768 ], [ 69.5846078, 41.4622961 ], [ 69.5846298, 41.4622262 ], [ 69.5866503, 41.4625466 ], [ 69.5872568, 41.4626343 ], [ 69.587536, 41.4628072 ], [ 69.5879473, 41.4631214 ], [ 69.5879708, 41.4632577 ], [ 69.587904, 41.4632792 ], [ 69.5878017, 41.4638875 ], [ 69.5877224, 41.464505 ], [ 69.5876653, 41.4645132 ], [ 69.5876341, 41.4647051 ], [ 69.5875372, 41.4649975 ], [ 69.585453, 41.4646601 ], [ 69.5849971, 41.4646141 ], [ 69.5834116, 41.4643314 ], [ 69.5833898, 41.4644167 ], [ 69.5825131, 41.4642663 ] ] ] } },
{ "type": "Feature", "properties": { "osm_id": "w1094264432", "kind": "industrial" }, "geometry": { "type": "Polygon", "coordinates": [ [ [ 69.3746573, 41.3825083 ], [ 69.3738676, 41.3819555 ], [ 69.3737989, 41.3817722 ], [ 69.3738676, 41.3815604 ], [ 69.3744552, 41.3808103 ], [ 69.3752412, 41.3796651 ], [ 69.3764229, 41.3800663 ], [ 69.3747777, 41.3823959 ], [ 69.3746573, 41.3825083 ] ] ] } },
{ "type": "Feature", "properties": { "osm_id": "w1098223199", "kind": "industrial" }, "geometry": { "type": "Polygon", "coordinates": [ [ [ 69.5348162, 41.1309625 ], [ 69.5361859, 41.1294031 ], [ 69.5362542, 41.1293413 ], [ 69.5399375, 41.1310394 ], [ 69.5391674, 41.13185 ], [ 69.5348162, 41.1309625 ] ] ] } },
{ "type": "Feature", "properties": { "osm_id": "w1098223200", "kind": "industrial" }, "geometry": { "type": "Polygon", "coordinates": [ [ [ 69.5428367, 41.1327654 ], [ 69.5435326, 41.1316683 ], [ 69.5439361, 41.131263 ], [ 69.5483523, 41.1324859 ], [ 69.5476008, 41.1341 ], [ 69.5428367, 41.1327654 ] ] ] } },
{ "type": "Feature", "properties": { "osm_id": "w1099398657", "kind": "industrial" }, "geometry": { "type": "Polygon", "coordinates": [ [ [ 69.3079513, 41.4157335 ], [ 69.3098359, 41.4149907 ], [ 69.3099332, 41.4151032 ], [ 69.3108912, 41.4145893 ], [ 69.31062, 41.414182 ], [ 69.310644, 41.4141583 ], [ 69.3103962, 41.413787 ], [ 69.3101854, 41.4135882 ], [ 69.3066732, 41.4139649 ], [ 69.3065761, 41.4140722 ], [ 69.3079513, 41.4157335 ] ] ] } },
{ "type": "Feature", "properties": { "osm_id": "w1103300376", "kind": "industrial" }, "geometry": { "type": "Polygon", "coordinates": [ [ [ 69.2217529, 41.2109951 ], [ 69.2175204, 41.2093396 ], [ 69.2199829, 41.2059291 ], [ 69.2205191, 41.2061361 ], [ 69.2207534, 41.2058501 ], [ 69.2211097, 41.2059789 ], [ 69.2244995, 41.2073307 ], [ 69.2217529, 41.2109951 ] ] ] } },
{ "type": "Feature", "properties": { "osm_id": "w1119659124", "kind": "industrial" }, "geometry": { "type": "Polygon", "coordinates": [ [ [ 69.1517866, 41.2822185 ], [ 69.151043, 41.2821684 ], [ 69.1506196, 41.2819987 ], [ 69.1502151, 41.281388 ], [ 69.150032, 41.2811948 ], [ 69.1504611, 41.2810205 ], [ 69.1515712, 41.2795053 ], [ 69.1520569, 41.2797951 ], [ 69.151928, 41.2799203 ], [ 69.1521998, 41.280113 ], [ 69.1522711, 41.280054 ], [ 69.1529623, 41.2805078 ], [ 69.152092, 41.2816317 ], [ 69.1520033, 41.2816373 ], [ 69.1518198, 41.2818979 ], [ 69.1519464, 41.2819593 ], [ 69.1517866, 41.2822185 ] ] ] } },
{ "type": "Feature", "properties": { "osm_id": "w1123376516", "kind": "industrial" }, "geometry": { "type": "Polygon", "coordinates": [ [ [ 69.3567401, 41.2524984 ], [ 69.3574472, 41.2513703 ], [ 69.3589076, 41.2530733 ], [ 69.3586949, 41.2533305 ], [ 69.3585166, 41.2532095 ], [ 69.3582982, 41.2531338 ], [ 69.3580107, 41.2530452 ], [ 69.357729, 41.2530121 ], [ 69.357085, 41.2529869 ], [ 69.3567401, 41.2524984 ] ] ] } },
{ "type": "Feature", "properties": { "osm_id": "w1123386058", "kind": "industrial" }, "geometry": { "type": "Polygon", "coordinates": [ [ [ 69.3383899, 41.2464521 ], [ 69.3387094, 41.2466676 ], [ 69.3388134, 41.2464807 ], [ 69.3393334, 41.2465989 ], [ 69.3397168, 41.2457739 ], [ 69.3395489, 41.2457313 ], [ 69.3395819, 41.2456493 ], [ 69.3396555, 41.2455472 ], [ 69.3397659, 41.2453187 ], [ 69.3398751, 41.2452471 ], [ 69.3401155, 41.2447726 ], [ 69.3394945, 41.2445618 ], [ 69.3388701, 41.2457292 ], [ 69.3387833, 41.2457241 ], [ 69.3384995, 41.2462538 ], [ 69.3383899, 41.2464521 ] ] ] } },
{ "type": "Feature", "properties": { "osm_id": "w1123426714", "kind": "industrial" }, "geometry": { "type": "Polygon", "coordinates": [ [ [ 69.3536238, 41.2537539 ], [ 69.3542146, 41.2540378 ], [ 69.3544862, 41.2541221 ], [ 69.3547977, 41.253976 ], [ 69.3546873, 41.2538968 ], [ 69.3549827, 41.2534778 ], [ 69.3553988, 41.253107 ], [ 69.3556557, 41.2529892 ], [ 69.3554836, 41.2527574 ], [ 69.3553885, 41.2527883 ], [ 69.3549801, 41.2523133 ], [ 69.3552678, 41.2521665 ], [ 69.355181, 41.2520727 ], [ 69.3539372, 41.2527285 ], [ 69.3539295, 41.2530394 ], [ 69.3538447, 41.2532769 ], [ 69.3537523, 41.2535029 ], [ 69.3536238, 41.2537539 ] ] ] } },
{ "type": "Feature", "properties": { "osm_id": "w1123426717", "kind": "industrial" }, "geometry": { "type": "Polygon", "coordinates": [ [ [ 69.3526509, 41.2559886 ], [ 69.3535298, 41.2564312 ], [ 69.3544794, 41.256858 ], [ 69.3547482, 41.2565529 ], [ 69.354411, 41.2564004 ], [ 69.3545352, 41.256225 ], [ 69.3540889, 41.2560344 ], [ 69.3542005, 41.2558456 ], [ 69.3536533, 41.2557179 ], [ 69.3533712, 41.2557255 ], [ 69.3526281, 41.2558189 ], [ 69.3526509, 41.2559886 ] ] ] } },
{ "type": "Feature", "properties": { "osm_id": "w1123426718", "kind": "industrial" }, "geometry": { "type": "Polygon", "coordinates": [ [ [ 69.3545352, 41.256225 ], [ 69.3546874, 41.2560553 ], [ 69.3556156, 41.2565301 ], [ 69.3566021, 41.2569628 ], [ 69.3566452, 41.2569095 ], [ 69.3568659, 41.2570086 ], [ 69.3567467, 41.2573117 ], [ 69.3569191, 41.2575805 ], [ 69.357155, 41.2576797 ], [ 69.3568811, 41.2581163 ], [ 69.3552631, 41.2572679 ], [ 69.3544794, 41.256858 ], [ 69.3547482, 41.2565529 ], [ 69.354411, 41.2564004 ], [ 69.3545352, 41.256225 ] ] ] } },
{ "type": "Feature", "properties": { "osm_id": "w1123426719", "kind": "industrial" }, "geometry": { "type": "Polygon", "coordinates": [ [ [ 69.3568659, 41.2570086 ], [ 69.3572818, 41.2563566 ], [ 69.3574365, 41.2560153 ], [ 69.3574796, 41.2557045 ], [ 69.3573858, 41.2553518 ], [ 69.3571702, 41.2549743 ], [ 69.357122, 41.2548885 ], [ 69.3552098, 41.2542002 ], [ 69.3548624, 41.2541183 ], [ 69.3541015, 41.2544653 ], [ 69.353503, 41.2546845 ], [ 69.3530212, 41.2549514 ], [ 69.3525368, 41.2553861 ], [ 69.3526408, 41.255756 ], [ 69.3534726, 41.2556683 ], [ 69.3542461, 41.2557884 ], [ 69.3542005, 41.2558456 ], [ 69.3540889, 41.2560344 ], [ 69.3545352, 41.256225 ], [ 69.3546874, 41.2560553 ], [ 69.3556156, 41.2565301 ], [ 69.3566021, 41.2569628 ], [ 69.3566452, 41.2569095 ], [ 69.3568659, 41.2570086 ] ] ] } },
{ "type": "Feature", "properties": { "osm_id": "w1123551360", "kind": "industrial" }, "geometry": { "type": "Polygon", "coordinates": [ [ [ 69.3443018, 41.260396 ], [ 69.3467628, 41.2614021 ], [ 69.3468803, 41.261172 ], [ 69.3445115, 41.2600938 ], [ 69.3443018, 41.260396 ] ] ] } },
{ "type": "Feature", "properties": { "osm_id": "w1123551361", "kind": "industrial" }, "geometry": { "type": "Polygon", "coordinates": [ [ [ 69.3445115, 41.2600938 ], [ 69.3446508, 41.259863 ], [ 69.3445232, 41.259802 ], [ 69.344992, 41.2591717 ], [ 69.344461, 41.2589591 ], [ 69.3446881, 41.2586387 ], [ 69.3452756, 41.2577616 ], [ 69.3454013, 41.257574 ], [ 69.3455612, 41.2576052 ], [ 69.3457506, 41.2576865 ], [ 69.3459216, 41.2574721 ], [ 69.346023, 41.2575293 ], [ 69.3462575, 41.2573102 ], [ 69.3492421, 41.2587821 ], [ 69.348586, 41.2595054 ], [ 69.3470683, 41.2612577 ], [ 69.3468803, 41.261172 ], [ 69.3445115, 41.2600938 ] ] ] } },
{ "type": "Feature", "properties": { "osm_id": "w1123551362", "kind": "industrial" }, "geometry": { "type": "Polygon", "coordinates": [ [ [ 69.3462575, 41.2573102 ], [ 69.3463043, 41.2572252 ], [ 69.3460468, 41.2571083 ], [ 69.3462411, 41.2568563 ], [ 69.3463383, 41.2568819 ], [ 69.3465083, 41.2566993 ], [ 69.3464743, 41.2566847 ], [ 69.3470129, 41.2560307 ], [ 69.3472047, 41.2561143 ], [ 69.3476602, 41.2555649 ], [ 69.3477507, 41.2556036 ], [ 69.3499331, 41.2566494 ], [ 69.3498333, 41.2567656 ], [ 69.3506812, 41.2568706 ], [ 69.3508441, 41.2567785 ], [ 69.3509997, 41.2566665 ], [ 69.3510469, 41.2566961 ], [ 69.3508893, 41.2568137 ], [ 69.3507574, 41.2569485 ], [ 69.3495771, 41.258472 ], [ 69.3492421, 41.2587821 ], [ 69.3462575, 41.2573102 ] ] ] } },
{ "type": "Feature", "properties": { "osm_id": "w1123551363", "kind": "industrial" }, "geometry": { "type": "Polygon", "coordinates": [ [ [ 69.3486068, 41.2552429 ], [ 69.349688, 41.2559202 ], [ 69.3497175, 41.2559966 ], [ 69.3500058, 41.2561862 ], [ 69.3500746, 41.2562995 ], [ 69.349937, 41.256472 ], [ 69.350032, 41.2565286 ], [ 69.3499331, 41.2566494 ], [ 69.3477507, 41.2556036 ], [ 69.3479089, 41.2553513 ], [ 69.3486068, 41.2552429 ] ] ] } },
{ "type": "Feature", "properties": { "osm_id": "w1128386413", "kind": "industrial" }, "geometry": { "type": "Polygon", "coordinates": [ [ [ 69.3173817, 41.2401695 ], [ 69.317349, 41.2402055 ], [ 69.3171073, 41.2400728 ], [ 69.3155486, 41.2400684 ], [ 69.3155419, 41.2400161 ], [ 69.3147339, 41.2400012 ], [ 69.3147409, 41.2391458 ], [ 69.3147949, 41.2391458 ], [ 69.3147927, 41.238375 ], [ 69.3162257, 41.238362 ], [ 69.3162192, 41.2385454 ], [ 69.3174062, 41.2386135 ], [ 69.3173889, 41.2397349 ], [ 69.317458, 41.2401032 ], [ 69.3173817, 41.2401695 ] ] ] } },
{ "type": "Feature", "properties": { "osm_id": "w1130837510", "kind": "garages" }, "geometry": { "type": "Polygon", "coordinates": [ [ [ 69.5486933, 41.4639637 ], [ 69.5488031, 41.4639557 ], [ 69.5504063, 41.4655974 ], [ 69.5511885, 41.4661729 ], [ 69.5517866, 41.4665734 ], [ 69.5519435, 41.4667009 ], [ 69.5516516, 41.4669406 ], [ 69.5508927, 41.4663702 ], [ 69.5504094, 41.4658155 ], [ 69.5495618, 41.4650632 ], [ 69.5486605, 41.4640098 ], [ 69.5486933, 41.4639637 ] ] ] } },
{ "type": "Feature", "properties": { "osm_id": "w1137988699", "kind": "garages" }, "geometry": { "type": "Polygon", "coordinates": [ [ [ 69.2837599, 41.2696983 ], [ 69.2838992, 41.2697402 ], [ 69.2841074, 41.2693214 ], [ 69.2842681, 41.2693675 ], [ 69.2843105, 41.2693024 ], [ 69.284125, 41.2692397 ], [ 69.284158, 41.2691994 ], [ 69.2840699, 41.2691708 ], [ 69.2839086, 41.2694825 ], [ 69.2838624, 41.2694722 ], [ 69.2837599, 41.2696983 ] ] ] } },
{ "type": "Feature", "properties": { "osm_id": "w1137989404", "kind": "garages" }, "geometry": { "type": "Polygon", "coordinates": [ [ [ 69.2818868, 41.2686749 ], [ 69.2817909, 41.2685971 ], [ 69.2817407, 41.26855 ], [ 69.2817837, 41.2684097 ], [ 69.2818569, 41.2684039 ], [ 69.2825745, 41.2683873 ], [ 69.2826053, 41.2684413 ], [ 69.2828285, 41.2684748 ], [ 69.2827429, 41.2687449 ], [ 69.2826436, 41.2687332 ], [ 69.2826163, 41.2688259 ], [ 69.2825748, 41.2690461 ], [ 69.2823805, 41.2689999 ], [ 69.282266, 41.2689772 ], [ 69.2822376, 41.2689086 ], [ 69.2822842, 41.2687144 ], [ 69.2818868, 41.2686749 ] ] ] } },
{ "type": "Feature", "properties": { "osm_id": "w1153321227", "kind": "cemetery" }, "geometry": { "type": "Polygon", "coordinates": [ [ [ 69.2424789, 41.3423413 ], [ 69.2422919, 41.3422989 ], [ 69.2423053, 41.3422734 ], [ 69.242403, 41.3420886 ], [ 69.2424949, 41.341972 ], [ 69.2425675, 41.3418921 ], [ 69.2426596, 41.3418114 ], [ 69.2428284, 41.341787 ], [ 69.2427749, 41.341859 ], [ 69.2428908, 41.3419148 ], [ 69.2427633, 41.3420976 ], [ 69.242681, 41.3421998 ], [ 69.2425539, 41.3421686 ], [ 69.2424789, 41.3423413 ] ] ] } },
{ "type": "Feature", "properties": { "osm_id": "w1160148715", "kind": "industrial" }, "geometry": { "type": "Polygon", "coordinates": [ [ [ 69.3268445, 41.2800936 ], [ 69.327336, 41.2802674 ], [ 69.32744, 41.2801097 ], [ 69.3280186, 41.2803278 ], [ 69.3279238, 41.2804381 ], [ 69.3281372, 41.2805722 ], [ 69.3281477, 41.2805634 ], [ 69.328692, 41.2801095 ], [ 69.3284708, 41.2799779 ], [ 69.3282726, 41.2801042 ], [ 69.3273347, 41.2795842 ], [ 69.3268445, 41.2800936 ] ] ] } },
{ "type": "Feature", "properties": { "osm_id": "w1165340566", "kind": "cemetery" }, "geometry": { "type": "Polygon", "coordinates": [ [ [ 69.1732043, 41.2568588 ], [ 69.1733386, 41.2568983 ], [ 69.1734633, 41.2569361 ], [ 69.1736453, 41.2568256 ], [ 69.1738785, 41.2565218 ], [ 69.1739794, 41.2565374 ], [ 69.1739704, 41.2565346 ], [ 69.1739415, 41.2562199 ], [ 69.1737021, 41.2561644 ], [ 69.173351, 41.25628 ], [ 69.1732043, 41.2568588 ] ] ] } },
{ "type": "Feature", "properties": { "osm_id": "w1168249952", "kind": "industrial" }, "geometry": { "type": "Polygon", "coordinates": [ [ [ 69.2976354, 41.2938388 ], [ 69.2981409, 41.2941843 ], [ 69.2981341, 41.2941997 ], [ 69.2981278, 41.2942613 ], [ 69.2975003, 41.2941095 ], [ 69.2974269, 41.2940618 ], [ 69.2976354, 41.2938388 ] ] ] } },
{ "type": "Feature", "properties": { "osm_id": "w1173427101", "kind": "industrial" }, "geometry": { "type": "Polygon", "coordinates": [ [ [ 69.2104202, 41.1713805 ], [ 69.216942, 41.1693552 ], [ 69.2167819, 41.169057 ], [ 69.213843, 41.1689153 ], [ 69.2096762, 41.1699763 ], [ 69.2104202, 41.1713805 ] ] ] } },
{ "type": "Feature", "properties": { "osm_id": "w1175153621", "kind": "industrial" }, "geometry": { "type": "Polygon", "coordinates": [ [ [ 69.5954115, 41.4362996 ], [ 69.5970459, 41.4356581 ], [ 69.5975223, 41.4364014 ], [ 69.5958679, 41.4370342 ], [ 69.5954115, 41.4362996 ] ] ] } },
{ "type": "Feature", "properties": { "osm_id": "w1189760688", "kind": "industrial" }, "geometry": { "type": "Polygon", "coordinates": [ [ [ 69.1510107, 41.3729014 ], [ 69.1499964, 41.3721937 ], [ 69.1510249, 41.3709278 ], [ 69.1509395, 41.370885 ], [ 69.1508007, 41.3706981 ], [ 69.1511815, 41.3702254 ], [ 69.1513381, 41.3702841 ], [ 69.1514662, 41.3703295 ], [ 69.151541, 41.370455 ], [ 69.1515837, 41.37061 ], [ 69.1517581, 41.370618 ], [ 69.1518542, 41.3707141 ], [ 69.1521068, 41.3708877 ], [ 69.1524705, 41.371265 ], [ 69.1527963, 41.3715272 ], [ 69.1528363, 41.3717468 ], [ 69.1525966, 41.3721294 ], [ 69.1522359, 41.3722852 ], [ 69.1519035, 41.3722143 ], [ 69.1510107, 41.3729014 ] ] ] } },
{ "type": "Feature", "properties": { "osm_id": "w1189819133", "kind": "cemetery" }, "geometry": { "type": "Polygon", "coordinates": [ [ [ 69.2297653, 41.2928292 ], [ 69.2304321, 41.2930763 ], [ 69.2304671, 41.2930836 ], [ 69.2304991, 41.2930841 ], [ 69.2305341, 41.2930757 ], [ 69.2305701, 41.293056 ], [ 69.2307715, 41.2928878 ], [ 69.2311217, 41.2927274 ], [ 69.2310627, 41.2926675 ], [ 69.2310856, 41.2926124 ], [ 69.2312895, 41.2924632 ], [ 69.2313317, 41.292493 ], [ 69.2313665, 41.2924722 ], [ 69.2314941, 41.2925572 ], [ 69.2315403, 41.2925328 ], [ 69.2315859, 41.2925449 ], [ 69.2319552, 41.2923098 ], [ 69.2316019, 41.2921643 ], [ 69.2317345, 41.2920293 ], [ 69.2314286, 41.2920075 ], [ 69.2312875, 41.2919856 ], [ 69.2310831, 41.291892 ], [ 69.2307536, 41.2916292 ], [ 69.2306743, 41.2916294 ], [ 69.2306418, 41.2916084 ], [ 69.2305457, 41.2915464 ], [ 69.2304882, 41.2915082 ], [ 69.2303698, 41.2915357 ], [ 69.2302406, 41.2916052 ], [ 69.2298558, 41.2919852 ], [ 69.2298813, 41.2921416 ], [ 69.2301307, 41.292214 ], [ 69.2300559, 41.2923434 ], [ 69.2297653, 41.2928292 ] ] ] } },
{ "type": "Feature", "properties": { "osm_id": "w1190376618", "kind": "industrial" }, "geometry": { "type": "Polygon", "coordinates": [ [ [ 69.3819455, 41.3442882 ], [ 69.3819725, 41.343411 ], [ 69.381927, 41.3432627 ], [ 69.3816368, 41.3436848 ], [ 69.3812726, 41.3441992 ], [ 69.3808795, 41.3447663 ], [ 69.3813494, 41.3448324 ], [ 69.3813405, 41.3445212 ], [ 69.3819455, 41.3442882 ] ] ] } },
{ "type": "Feature", "properties": { "osm_id": "w1197228635", "kind": "industrial" }, "geometry": { "type": "Polygon", "coordinates": [ [ [ 69.4647224, 41.4765886 ], [ 69.4641664, 41.4758856 ], [ 69.4640639, 41.4759316 ], [ 69.4637811, 41.4755577 ], [ 69.4637237, 41.4753583 ], [ 69.4637185, 41.4751433 ], [ 69.4637341, 41.4747329 ], [ 69.4643456, 41.4741464 ], [ 69.4637301, 41.4739675 ], [ 69.4641527, 41.4736578 ], [ 69.4651264, 41.4731072 ], [ 69.4657327, 41.4728663 ], [ 69.4655214, 41.4710699 ], [ 69.4677995, 41.4719509 ], [ 69.468516, 41.4722399 ], [ 69.4753594, 41.4764904 ], [ 69.4747417, 41.4768586 ], [ 69.4729867, 41.4767324 ], [ 69.4725413, 41.4766931 ], [ 69.4708051, 41.476232 ], [ 69.4701346, 41.4760256 ], [ 69.4696018, 41.4764591 ], [ 69.467342, 41.4757434 ], [ 69.466984, 41.4757166 ], [ 69.4659442, 41.4761894 ], [ 69.4647224, 41.4765886 ] ] ] } },
{ "type": "Feature", "properties": { "osm_id": "w1203785616", "kind": "industrial" }, "geometry": { "type": "Polygon", "coordinates": [ [ [ 69.3714652, 41.3806958 ], [ 69.371931, 41.3801414 ], [ 69.3723717, 41.3803398 ], [ 69.3737674, 41.3787357 ], [ 69.3745697, 41.3791132 ], [ 69.3738181, 41.3804326 ], [ 69.3741792, 41.3805782 ], [ 69.3734498, 41.3816863 ], [ 69.3714652, 41.3806958 ] ] ] } },
{ "type": "Feature", "properties": { "osm_id": "w1206328285", "kind": "cemetery" }, "geometry": { "type": "Polygon", "coordinates": [ [ [ 69.5729846, 41.1484756 ], [ 69.5733937, 41.1488256 ], [ 69.5722764, 41.1490768 ], [ 69.5714238, 41.1491503 ], [ 69.5714079, 41.1489351 ], [ 69.5717096, 41.1486713 ], [ 69.5719533, 41.1485594 ], [ 69.5723132, 41.1483641 ], [ 69.5725125, 41.1483101 ], [ 69.5729846, 41.1484756 ] ] ] } },
{ "type": "Feature", "properties": { "osm_id": "w1206328286", "kind": "cemetery" }, "geometry": { "type": "Polygon", "coordinates": [ [ [ 69.5711808, 41.1493114 ], [ 69.5712687, 41.1495363 ], [ 69.5713471, 41.1495381 ], [ 69.5714697, 41.1497855 ], [ 69.5709251, 41.1500575 ], [ 69.5699481, 41.150431 ], [ 69.5692542, 41.1503945 ], [ 69.5686049, 41.1501883 ], [ 69.5677883, 41.1497383 ], [ 69.5677931, 41.149638 ], [ 69.5683057, 41.1495924 ], [ 69.5686965, 41.1494265 ], [ 69.5692258, 41.1493444 ], [ 69.5711808, 41.1493114 ] ] ] } },
{ "type": "Feature", "properties": { "osm_id": "w1206389887", "kind": "cemetery" }, "geometry": { "type": "Polygon", "coordinates": [ [ [ 69.5608698, 41.3656155 ], [ 69.560919, 41.3655493 ], [ 69.5607582, 41.3651951 ], [ 69.560462, 41.3648635 ], [ 69.5602386, 41.3647017 ], [ 69.5602212, 41.3645957 ], [ 69.5599692, 41.3645631 ], [ 69.559541, 41.3645051 ], [ 69.5593445, 41.364535 ], [ 69.5587763, 41.3644296 ], [ 69.5580406, 41.3644532 ], [ 69.5582167, 41.3648739 ], [ 69.5586338, 41.3651567 ], [ 69.5591937, 41.3654762 ], [ 69.5597416, 41.3658962 ], [ 69.5601259, 41.365754 ], [ 69.5601608, 41.3657841 ], [ 69.5608698, 41.3656155 ] ] ] } },
{ "type": "Feature", "properties": { "osm_id": "w1206394434", "kind": "cemetery" }, "geometry": { "type": "Polygon", "coordinates": [ [ [ 69.5838633, 41.313089 ], [ 69.5839432, 41.3131508 ], [ 69.584517, 41.3140215 ], [ 69.583988, 41.3142727 ], [ 69.5828159, 41.3145718 ], [ 69.5822799, 41.3148513 ], [ 69.5809854, 41.315158 ], [ 69.5802963, 41.315271 ], [ 69.5803084, 41.3144254 ], [ 69.5798639, 41.3141639 ], [ 69.5806325, 41.3139935 ], [ 69.5807524, 41.3141472 ], [ 69.5813448, 41.3138357 ], [ 69.5819195, 41.3136062 ], [ 69.5838633, 41.313089 ] ] ] } },
{ "type": "Feature", "properties": { "osm_id": "w1215667239", "kind": "industrial" }, "geometry": { "type": "Polygon", "coordinates": [ [ [ 69.5837023, 41.3098584 ], [ 69.5834064, 41.3097229 ], [ 69.5829951, 41.3079827 ], [ 69.5832332, 41.3079664 ], [ 69.585983, 41.3077604 ], [ 69.5858097, 41.306584 ], [ 69.5874264, 41.3064756 ], [ 69.587679, 41.3081833 ], [ 69.5837023, 41.3098584 ] ] ] } },
{ "type": "Feature", "properties": { "osm_id": "w1222940998", "kind": "industrial" }, "geometry": { "type": "Polygon", "coordinates": [ [ [ 69.2712043, 41.2202142 ], [ 69.271934, 41.2194772 ], [ 69.2719032, 41.2191089 ], [ 69.2723775, 41.2186594 ], [ 69.2728029, 41.2190543 ], [ 69.2730375, 41.2192728 ], [ 69.273071, 41.2193101 ], [ 69.2733151, 41.2195541 ], [ 69.2735667, 41.2197601 ], [ 69.2737143, 41.2199135 ], [ 69.2729821, 41.220776 ], [ 69.2724735, 41.2213734 ], [ 69.2719896, 41.2209252 ], [ 69.2718459, 41.2208047 ], [ 69.271834, 41.2207948 ], [ 69.2716183, 41.2206027 ], [ 69.2712043, 41.2202142 ] ] ] } },
{ "type": "Feature", "properties": { "osm_id": "w1224970335", "kind": "industrial" }, "geometry": { "type": "Polygon", "coordinates": [ [ [ 69.2627295, 41.2660824 ], [ 69.2616617, 41.2655935 ], [ 69.2616052, 41.2655523 ], [ 69.2603156, 41.2629105 ], [ 69.2603104, 41.2628891 ], [ 69.2603086, 41.2628716 ], [ 69.2603101, 41.2628536 ], [ 69.2603159, 41.262835 ], [ 69.2603259, 41.2628171 ], [ 69.2603367, 41.2628018 ], [ 69.2603546, 41.2627787 ], [ 69.2603742, 41.2627588 ], [ 69.2604177, 41.2627212 ], [ 69.2607267, 41.2624972 ], [ 69.2612756, 41.2622248 ], [ 69.2612917, 41.2622385 ], [ 69.2620258, 41.2627769 ], [ 69.2625918, 41.2628666 ], [ 69.2631638, 41.262385 ], [ 69.26334, 41.262484 ], [ 69.2637362, 41.2627593 ], [ 69.2636795, 41.2628088 ], [ 69.2637962, 41.2628843 ], [ 69.2639861, 41.2630236 ], [ 69.2640728, 41.2630378 ], [ 69.2640868, 41.2630517 ], [ 69.2642371, 41.2636402 ], [ 69.2641899, 41.2638642 ], [ 69.2640575, 41.2644925 ], [ 69.2637597, 41.2648148 ], [ 69.2637272, 41.2648799 ], [ 69.2635564, 41.2650876 ], [ 69.2627295, 41.2660824 ] ] ] } },
{ "type": "Feature", "properties": { "osm_id": "w1229898087", "kind": "industrial" }, "geometry": { "type": "Polygon", "coordinates": [ [ [ 69.2305472, 41.2823257 ], [ 69.2309952, 41.2820365 ], [ 69.2310667, 41.2819903 ], [ 69.2314459, 41.2817508 ], [ 69.2314913, 41.2817221 ], [ 69.2317413, 41.2815641 ], [ 69.2320369, 41.2813774 ], [ 69.232085, 41.281326 ], [ 69.2321326, 41.2813714 ], [ 69.232185, 41.2813392 ], [ 69.2323626, 41.2812315 ], [ 69.2323885, 41.2812547 ], [ 69.2324706, 41.2812287 ], [ 69.2327555, 41.2811399 ], [ 69.2329872, 41.2810062 ], [ 69.2327311, 41.2805395 ], [ 69.2326724, 41.2805526 ], [ 69.2325566, 41.2805374 ], [ 69.2322354, 41.2804259 ], [ 69.2320606, 41.2803892 ], [ 69.2318782, 41.2803628 ], [ 69.2316922, 41.2802942 ], [ 69.2314079, 41.2800937 ], [ 69.2312078, 41.2799065 ], [ 69.2309621, 41.2797772 ], [ 69.2309127, 41.2798449 ], [ 69.2306984, 41.2797526 ], [ 69.2305011, 41.2796393 ], [ 69.2303079, 41.2795455 ], [ 69.2302557, 41.2795266 ], [ 69.2298815, 41.2794611 ], [ 69.2296968, 41.2793348 ], [ 69.2290989, 41.2787459 ], [ 69.2289878, 41.2786441 ], [ 69.228947, 41.2786268 ], [ 69.228924, 41.278617 ], [ 69.2275819, 41.2794612 ], [ 69.2276098, 41.2795124 ], [ 69.2276534, 41.2795512 ], [ 69.2274962, 41.2797436 ], [ 69.2274455, 41.279785 ], [ 69.2276643, 41.2799896 ], [ 69.2276948, 41.2800185 ], [ 69.2277252, 41.2800472 ], [ 69.2279281, 41.2799486 ], [ 69.2280616, 41.2798732 ], [ 69.2281827, 41.2799367 ], [ 69.2282832, 41.279884 ], [ 69.2284323, 41.2801623 ], [ 69.2285297, 41.2800976 ], [ 69.2286333, 41.2801817 ], [ 69.2288198, 41.2803781 ], [ 69.2285569, 41.280519 ], [ 69.2286111, 41.2805737 ], [ 69.2286866, 41.2805916 ], [ 69.228987, 41.2806536 ], [ 69.2291055, 41.2806988 ], [ 69.2292644, 41.2808237 ], [ 69.2291416, 41.2809113 ], [ 69.2289855, 41.2810394 ], [ 69.228939, 41.2810794 ], [ 69.2289729, 41.2811123 ], [ 69.2288917, 41.2811759 ], [ 69.2289518, 41.2812266 ], [ 69.22903, 41.2812928 ], [ 69.22914, 41.2812253 ], [ 69.2291928, 41.2812781 ], [ 69.2292223, 41.2813076 ], [ 69.2292502, 41.2812887 ], [ 69.2293734, 41.2814057 ], [ 69.2295028, 41.2815122 ], [ 69.2295865, 41.2815783 ], [ 69.2298952, 41.2818527 ], [ 69.2300655, 41.2820055 ], [ 69.2301448, 41.2819592 ], [ 69.2301663, 41.2819759 ], [ 69.2304917, 41.2822679 ], [ 69.2305472, 41.2823257 ] ] ] } },
{ "type": "Feature", "properties": { "osm_id": "w1231471513", "kind": "industrial" }, "geometry": { "type": "Polygon", "coordinates": [ [ [ 69.561755, 41.4460311 ], [ 69.5603133, 41.4468912 ], [ 69.5601042, 41.4466669 ], [ 69.5600155, 41.4465217 ], [ 69.5599908, 41.4465078 ], [ 69.5597627, 41.4461322 ], [ 69.5598254, 41.4459202 ], [ 69.5598828, 41.4457236 ], [ 69.559996, 41.4455652 ], [ 69.5601329, 41.4454194 ], [ 69.5602916, 41.4452309 ], [ 69.5610775, 41.4448005 ], [ 69.5614389, 41.4452206 ], [ 69.5611151, 41.4454013 ], [ 69.5611936, 41.445492 ], [ 69.5612243, 41.4454738 ], [ 69.561755, 41.4460311 ] ] ] } },
{ "type": "Feature", "properties": { "osm_id": "w1232224195", "kind": "industrial" }, "geometry": { "type": "Polygon", "coordinates": [ [ [ 69.5870354, 41.4275184 ], [ 69.5877196, 41.4272317 ], [ 69.5871044, 41.4262855 ], [ 69.5866502, 41.425863 ], [ 69.5859315, 41.4261303 ], [ 69.5870354, 41.4275184 ] ] ] } },
{ "type": "Feature", "properties": { "osm_id": "w1232373238", "kind": "industrial" }, "geometry": { "type": "Polygon", "coordinates": [ [ [ 69.4103962, 41.3334869 ], [ 69.4101044, 41.3326494 ], [ 69.408529, 41.3329433 ], [ 69.4088116, 41.3337727 ], [ 69.4103962, 41.3334869 ] ] ] } },
{ "type": "Feature", "properties": { "osm_id": "w1232441355", "kind": "industrial" }, "geometry": { "type": "Polygon", "coordinates": [ [ [ 69.407671, 41.3689033 ], [ 69.4096592, 41.3688787 ], [ 69.4096796, 41.3686035 ], [ 69.4095978, 41.3682616 ], [ 69.4095195, 41.3681548 ], [ 69.4093801, 41.3681667 ], [ 69.409372, 41.3680378 ], [ 69.4092447, 41.3679088 ], [ 69.4091052, 41.3674689 ], [ 69.4090405, 41.3674188 ], [ 69.4080116, 41.3674233 ], [ 69.4076659, 41.3675204 ], [ 69.407671, 41.3689033 ] ] ] } },
{ "type": "Feature", "properties": { "osm_id": "w1234301838", "kind": "industrial" }, "geometry": { "type": "Polygon", "coordinates": [ [ [ 69.3183624, 41.355007 ], [ 69.3174603, 41.3541578 ], [ 69.3179607, 41.3538895 ], [ 69.3191684, 41.3537156 ], [ 69.3194099, 41.3537674 ], [ 69.3195311, 41.3537867 ], [ 69.3202061, 41.3539454 ], [ 69.3221446, 41.3546162 ], [ 69.3218669, 41.3550559 ], [ 69.3183624, 41.355007 ] ] ] } },
{ "type": "Feature", "properties": { "osm_id": "w1235291648", "kind": "industrial" }, "geometry": { "type": "Polygon", "coordinates": [ [ [ 69.2490938, 41.3713572 ], [ 69.2485731, 41.3710428 ], [ 69.2483411, 41.371028 ], [ 69.2481524, 41.3709159 ], [ 69.2479557, 41.3710044 ], [ 69.247531, 41.3713409 ], [ 69.2466974, 41.3709543 ], [ 69.246371, 41.3707359 ], [ 69.2461823, 41.3706521 ], [ 69.2451172, 41.3702447 ], [ 69.243895, 41.3697861 ], [ 69.2443149, 41.3692917 ], [ 69.244728, 41.3686332 ], [ 69.2445744, 41.3685538 ], [ 69.2445138, 41.3677857 ], [ 69.2445365, 41.3676328 ], [ 69.2447811, 41.3675852 ], [ 69.2451072, 41.367201 ], [ 69.2449036, 41.3669045 ], [ 69.2439335, 41.3669059 ], [ 69.2438086, 41.3676435 ], [ 69.2430523, 41.3675919 ], [ 69.2426182, 41.3674985 ], [ 69.2424144, 41.3675359 ], [ 69.2420973, 41.3676242 ], [ 69.2420158, 41.368022 ], [ 69.2415084, 41.3682565 ], [ 69.2415234, 41.3683477 ], [ 69.2412472, 41.3687604 ], [ 69.240979, 41.3686396 ], [ 69.2406431, 41.3684787 ], [ 69.2406906, 41.3684424 ], [ 69.2404593, 41.3675157 ], [ 69.2412457, 41.3636652 ], [ 69.2420523, 41.3622191 ], [ 69.2435505, 41.3624169 ], [ 69.2442505, 41.3624552 ], [ 69.2447538, 41.3624523 ], [ 69.2452061, 41.3623814 ], [ 69.2460909, 41.3623874 ], [ 69.2463661, 41.3624641 ], [ 69.2467791, 41.362467 ], [ 69.2471755, 41.3624922 ], [ 69.2479816, 41.3626398 ], [ 69.2484181, 41.3627844 ], [ 69.2491535, 41.3629792 ], [ 69.2504197, 41.3629763 ], [ 69.2516899, 41.3629586 ], [ 69.2518043, 41.3627787 ], [ 69.2524967, 41.362823 ], [ 69.2532676, 41.3627508 ], [ 69.2533903, 41.3627102 ], [ 69.2543672, 41.3626347 ], [ 69.2548446, 41.3626662 ], [ 69.2560512, 41.3636505 ], [ 69.2562291, 41.3638162 ], [ 69.2563335, 41.3640094 ], [ 69.2564196, 41.3642095 ], [ 69.2564689, 41.3644303 ], [ 69.2564632, 41.3647203 ], [ 69.256182, 41.365227 ], [ 69.2553651, 41.3657549 ], [ 69.2558474, 41.3661824 ], [ 69.2504238, 41.3701361 ], [ 69.2496883, 41.3707838 ], [ 69.2490938, 41.3713572 ] ] ] } },
{ "type": "Feature", "properties": { "osm_id": "w1235291649", "kind": "industrial" }, "geometry": { "type": "Polygon", "coordinates": [ [ [ 69.2421352, 41.3619005 ], [ 69.2422392, 41.3615349 ], [ 69.2423245, 41.3615509 ], [ 69.2424588, 41.3612426 ], [ 69.2424496, 41.3611648 ], [ 69.2425624, 41.3603233 ], [ 69.2425136, 41.3597974 ], [ 69.2425214, 41.3587039 ], [ 69.2425188, 41.3581929 ], [ 69.2446684, 41.3581407 ], [ 69.244675, 41.3575082 ], [ 69.2449531, 41.3574697 ], [ 69.2453402, 41.3574438 ], [ 69.2465705, 41.3572342 ], [ 69.2464792, 41.3563601 ], [ 69.2478094, 41.3562998 ], [ 69.2491112, 41.3620201 ], [ 69.2495939, 41.362161 ], [ 69.2500498, 41.3621812 ], [ 69.2530845, 41.3622946 ], [ 69.2547971, 41.3624369 ], [ 69.2549655, 41.3624737 ], [ 69.255141, 41.362824 ], [ 69.2548602, 41.3626476 ], [ 69.254404, 41.3626054 ], [ 69.2534319, 41.3626818 ], [ 69.2532459, 41.3627187 ], [ 69.2524949, 41.3627819 ], [ 69.2517649, 41.3627608 ], [ 69.2516832, 41.3629463 ], [ 69.2510034, 41.3629478 ], [ 69.2504226, 41.3629546 ], [ 69.2491552, 41.3629546 ], [ 69.2484118, 41.3627626 ], [ 69.2480157, 41.3626345 ], [ 69.2471755, 41.3624922 ], [ 69.2467818, 41.3624573 ], [ 69.2463722, 41.3624573 ], [ 69.2460944, 41.3623799 ], [ 69.2451874, 41.3623626 ], [ 69.2447517, 41.3624381 ], [ 69.2442429, 41.3624335 ], [ 69.244249, 41.3622254 ], [ 69.2432314, 41.362182 ], [ 69.2421352, 41.3619005 ] ] ] } },
{ "type": "Feature", "properties": { "osm_id": "w1235291653", "kind": "industrial" }, "geometry": { "type": "Polygon", "coordinates": [ [ [ 69.2639654, 41.3604017 ], [ 69.2661974, 41.358448 ], [ 69.2664407, 41.3583448 ], [ 69.2693366, 41.355709 ], [ 69.2682034, 41.3547428 ], [ 69.2678008, 41.3546199 ], [ 69.267736, 41.354595 ], [ 69.2670984, 41.3538712 ], [ 69.2667827, 41.3536627 ], [ 69.2661415, 41.3527035 ], [ 69.2654787, 41.3520971 ], [ 69.2651816, 41.3519028 ], [ 69.2627076, 41.349685 ], [ 69.2595258, 41.3514618 ], [ 69.258287, 41.3521968 ], [ 69.2542995, 41.354648 ], [ 69.2543821, 41.3552237 ], [ 69.2585401, 41.3580837 ], [ 69.2596583, 41.358649 ], [ 69.2607031, 41.3590695 ], [ 69.2619728, 41.3595814 ], [ 69.2630639, 41.3600617 ], [ 69.2639654, 41.3604017 ] ] ] } },
{ "type": "Feature", "properties": { "osm_id": "w1235587354", "kind": "industrial" }, "geometry": { "type": "Polygon", "coordinates": [ [ [ 69.2501381, 41.3555422 ], [ 69.2516841, 41.3552544 ], [ 69.2513879, 41.3540506 ], [ 69.251169, 41.3541346 ], [ 69.2502892, 41.3543272 ], [ 69.2497534, 41.3543579 ], [ 69.2501381, 41.3555422 ] ] ] } },
{ "type": "Feature", "properties": { "osm_id": "w1235792288", "kind": "industrial" }, "geometry": { "type": "Polygon", "coordinates": [ [ [ 69.1903104, 41.2554223 ], [ 69.1901184, 41.2553655 ], [ 69.1899174, 41.2553444 ], [ 69.1897268, 41.2553515 ], [ 69.1895363, 41.2553757 ], [ 69.1893344, 41.2554284 ], [ 69.1891551, 41.2555017 ], [ 69.1890003, 41.255599 ], [ 69.1888659, 41.2557167 ], [ 69.1887247, 41.2558537 ], [ 69.1886174, 41.2559906 ], [ 69.1885433, 41.2561503 ], [ 69.1884964, 41.2563201 ], [ 69.1884878, 41.2564706 ], [ 69.1885041, 41.2566194 ], [ 69.188527, 41.2566953 ], [ 69.1885968, 41.2568768 ], [ 69.1886279, 41.2569314 ], [ 69.1886792, 41.2570244 ], [ 69.1892767, 41.2574081 ], [ 69.1895074, 41.2575311 ], [ 69.1897085, 41.2575775 ], [ 69.189848, 41.2575835 ], [ 69.1900443, 41.2575825 ], [ 69.1901595, 41.2575792 ], [ 69.1903389, 41.2575702 ], [ 69.1905967, 41.2575324 ], [ 69.1908591, 41.2574704 ], [ 69.19111, 41.2573895 ], [ 69.1913563, 41.257274 ], [ 69.1920349, 41.2566471 ], [ 69.1919681, 41.2566078 ], [ 69.1918643, 41.2565457 ], [ 69.1918068, 41.2564986 ], [ 69.1912695, 41.2561707 ], [ 69.1913554, 41.2560868 ], [ 69.1903104, 41.2554223 ] ] ] } },
{ "type": "Feature", "properties": { "osm_id": "w1235792289", "kind": "industrial" }, "geometry": { "type": "Polygon", "coordinates": [ [ [ 69.1886215, 41.2571853 ], [ 69.1876801, 41.2567988 ], [ 69.1875305, 41.2567173 ], [ 69.1866818, 41.2553783 ], [ 69.1865794, 41.2553272 ], [ 69.1863743, 41.2551885 ], [ 69.1862411, 41.2551456 ], [ 69.1859199, 41.2547218 ], [ 69.1861581, 41.2546386 ], [ 69.1861607, 41.2545172 ], [ 69.1860073, 41.2543701 ], [ 69.185666, 41.254215 ], [ 69.1856528, 41.2541175 ], [ 69.185711, 41.2540241 ], [ 69.1867833, 41.2530571 ], [ 69.1882531, 41.2539632 ], [ 69.1882689, 41.2539734 ], [ 69.1886486, 41.2542178 ], [ 69.1883517, 41.2544704 ], [ 69.1878729, 41.2549183 ], [ 69.1878633, 41.2549393 ], [ 69.1876792, 41.2551064 ], [ 69.1876553, 41.2551265 ], [ 69.187768, 41.2552001 ], [ 69.1876978, 41.2552727 ], [ 69.1884974, 41.2557703 ], [ 69.1884136, 41.2559972 ], [ 69.1883625, 41.2561905 ], [ 69.1883128, 41.2564104 ], [ 69.1883012, 41.2565139 ], [ 69.1883024, 41.2566245 ], [ 69.1883171, 41.2567306 ], [ 69.1883568, 41.2568423 ], [ 69.1883971, 41.2569268 ], [ 69.1884502, 41.2570134 ], [ 69.188525, 41.2571015 ], [ 69.1886215, 41.2571853 ] ] ] } },
{ "type": "Feature", "properties": { "osm_id": "w1235792290", "kind": "industrial" }, "geometry": { "type": "Polygon", "coordinates": [ [ [ 69.193335, 41.2604638 ], [ 69.1939147, 41.2604007 ], [ 69.1943823, 41.2603976 ], [ 69.1958685, 41.2602233 ], [ 69.1950769, 41.2588633 ], [ 69.1947461, 41.2584213 ], [ 69.1942757, 41.2585782 ], [ 69.1938922, 41.258865 ], [ 69.1937897, 41.2589281 ], [ 69.1936781, 41.2589884 ], [ 69.1935608, 41.2590436 ], [ 69.1934388, 41.2590929 ], [ 69.1933017, 41.2591377 ], [ 69.1931614, 41.2591706 ], [ 69.1930243, 41.2591943 ], [ 69.192884, 41.2592084 ], [ 69.1927441, 41.2592205 ], [ 69.1926025, 41.2592219 ], [ 69.1924579, 41.2592061 ], [ 69.1923229, 41.2591855 ], [ 69.1913834, 41.2589547 ], [ 69.1912922, 41.2590264 ], [ 69.1904548, 41.2588112 ], [ 69.1901207, 41.2585567 ], [ 69.1891997, 41.2591552 ], [ 69.1894294, 41.2593996 ], [ 69.1896478, 41.2594037 ], [ 69.1896452, 41.2594366 ], [ 69.1896514, 41.2600649 ], [ 69.1897157, 41.2600653 ], [ 69.1898225, 41.2600313 ], [ 69.1902793, 41.2600263 ], [ 69.1902829, 41.2600465 ], [ 69.1902859, 41.2601725 ], [ 69.1905738, 41.2601687 ], [ 69.1905845, 41.2603959 ], [ 69.190755, 41.2605383 ], [ 69.1912357, 41.2606476 ], [ 69.1915768, 41.2606195 ], [ 69.1919415, 41.2606503 ], [ 69.1925398, 41.2605669 ], [ 69.1929477, 41.2605186 ], [ 69.193335, 41.2604638 ] ] ] } },
{ "type": "Feature", "properties": { "osm_id": "w1235792291", "kind": "industrial" }, "geometry": { "type": "Polygon", "coordinates": [ [ [ 69.1969129, 41.2590454 ], [ 69.1968318, 41.2589505 ], [ 69.1966742, 41.2586844 ], [ 69.1965637, 41.2584786 ], [ 69.1965406, 41.2576321 ], [ 69.1964791, 41.2566451 ], [ 69.1964768, 41.2566078 ], [ 69.1964578, 41.2563326 ], [ 69.1966451, 41.2563252 ], [ 69.1966945, 41.2563035 ], [ 69.1966586, 41.2557609 ], [ 69.1966116, 41.255369 ], [ 69.1965971, 41.2549494 ], [ 69.1967043, 41.2549148 ], [ 69.1977324, 41.254892 ], [ 69.1978303, 41.2548953 ], [ 69.1988468, 41.2548796 ], [ 69.1990214, 41.254885 ], [ 69.1991332, 41.2548759 ], [ 69.199434, 41.2547586 ], [ 69.2000949, 41.2547446 ], [ 69.2005876, 41.2547195 ], [ 69.2009914, 41.2547155 ], [ 69.2009937, 41.254846 ], [ 69.2012356, 41.2548329 ], [ 69.2018556, 41.2548055 ], [ 69.2013366, 41.2554433 ], [ 69.2010852, 41.2556695 ], [ 69.2007424, 41.2564035 ], [ 69.2006904, 41.2565796 ], [ 69.2012939, 41.2567934 ], [ 69.2011778, 41.2569755 ], [ 69.2011206, 41.2570495 ], [ 69.2010334, 41.2570166 ], [ 69.200887, 41.2569527 ], [ 69.2008612, 41.2569826 ], [ 69.2006592, 41.2569039 ], [ 69.200532, 41.256891 ], [ 69.2004195, 41.256912 ], [ 69.2003151, 41.2569548 ], [ 69.200226, 41.2570333 ], [ 69.2001074, 41.2571951 ], [ 69.2000296, 41.2571689 ], [ 69.1997207, 41.2573413 ], [ 69.1994313, 41.2575057 ], [ 69.1993015, 41.2575845 ], [ 69.1990077, 41.2577105 ], [ 69.1989997, 41.2577731 ], [ 69.1990457, 41.2579177 ], [ 69.1990104, 41.2579807 ], [ 69.1989568, 41.2580542 ], [ 69.1988259, 41.2581775 ], [ 69.1985081, 41.2584768 ], [ 69.1983663, 41.2586104 ], [ 69.1982353, 41.258624 ], [ 69.1983077, 41.2587147 ], [ 69.1981052, 41.2587722 ], [ 69.198137, 41.2588225 ], [ 69.1973573, 41.2590467 ], [ 69.1972991, 41.2589334 ], [ 69.1969129, 41.2590454 ] ] ] } },
{ "type": "Feature", "properties": { "osm_id": "w1242557734", "kind": "cemetery" }, "geometry": { "type": "Polygon", "coordinates": [ [ [ 69.1952687, 41.2363165 ], [ 69.1959105, 41.236799 ], [ 69.1962224, 41.2369943 ], [ 69.196131, 41.2370508 ], [ 69.1957815, 41.2371023 ], [ 69.1950443, 41.2369125 ], [ 69.1952306, 41.2364374 ], [ 69.1952687, 41.2363165 ] ] ] } },
{ "type": "Feature", "properties": { "osm_id": "w1243377238", "kind": "industrial" }, "geometry": { "type": "Polygon", "coordinates": [ [ [ 69.1478607, 41.2651119 ], [ 69.1479, 41.264654 ], [ 69.1484954, 41.2647221 ], [ 69.1484998, 41.2649834 ], [ 69.1484265, 41.2650785 ], [ 69.1484026, 41.2664445 ], [ 69.1489563, 41.2664465 ], [ 69.1489415, 41.2664914 ], [ 69.1488191, 41.2665234 ], [ 69.1477505, 41.2665413 ], [ 69.1477624, 41.2657846 ], [ 69.1478362, 41.2653815 ], [ 69.1478482, 41.2652301 ], [ 69.1478607, 41.2651119 ] ] ] } },
{ "type": "Feature", "properties": { "osm_id": "w1256806919", "kind": "industrial" }, "geometry": { "type": "Polygon", "coordinates": [ [ [ 69.1982583, 41.2529476 ], [ 69.1982965, 41.2525907 ], [ 69.1983705, 41.2522794 ], [ 69.1984227, 41.2520834 ], [ 69.1987906, 41.2521216 ], [ 69.1992135, 41.2524442 ], [ 69.1996186, 41.2521251 ], [ 69.2000553, 41.2524163 ], [ 69.2000628, 41.2524758 ], [ 69.1996614, 41.2528166 ], [ 69.1998006, 41.2529408 ], [ 69.1998071, 41.253072 ], [ 69.1998412, 41.2530733 ], [ 69.1999257, 41.2532437 ], [ 69.1991591, 41.2532695 ], [ 69.1991294, 41.2532993 ], [ 69.1986426, 41.2533185 ], [ 69.1986315, 41.2529864 ], [ 69.1982623, 41.2529953 ], [ 69.1982583, 41.2529476 ] ] ] } },
{ "type": "Feature", "properties": { "osm_id": "w1259632739", "kind": "industrial" }, "geometry": { "type": "Polygon", "coordinates": [ [ [ 69.0515631, 41.3774144 ], [ 69.0511428, 41.3774284 ], [ 69.0508346, 41.3780031 ], [ 69.0510308, 41.3784446 ], [ 69.0517313, 41.3784516 ], [ 69.0515631, 41.3774144 ] ] ] } },
{ "type": "Feature", "properties": { "osm_id": "w1259647740", "kind": "industrial" }, "geometry": { "type": "Polygon", "coordinates": [ [ [ 69.0625815, 41.3835115 ], [ 69.0631055, 41.3839983 ], [ 69.0632117, 41.3840674 ], [ 69.0634877, 41.3840408 ], [ 69.0638275, 41.3840621 ], [ 69.0642062, 41.3842055 ], [ 69.0647229, 41.3844259 ], [ 69.0650025, 41.3843356 ], [ 69.0653989, 41.3831805 ], [ 69.0646992, 41.3822474 ], [ 69.0639595, 41.3826847 ], [ 69.063589, 41.382907 ], [ 69.0625815, 41.3835115 ] ] ] } },
{ "type": "Feature", "properties": { "osm_id": "w1259673103", "kind": "industrial" }, "geometry": { "type": "Polygon", "coordinates": [ [ [ 69.0647056, 41.3773347 ], [ 69.0646776, 41.3787714 ], [ 69.0654528, 41.3787644 ], [ 69.0654528, 41.3792199 ], [ 69.0658451, 41.379276 ], [ 69.066228, 41.3794091 ], [ 69.0662187, 41.3773627 ], [ 69.0647056, 41.3773347 ] ] ] } },
{ "type": "Feature", "properties": { "osm_id": "w1259685403", "kind": "cemetery" }, "geometry": { "type": "Polygon", "coordinates": [ [ [ 69.0687291, 41.3851699 ], [ 69.0686153, 41.3851547 ], [ 69.0682738, 41.3849656 ], [ 69.0683754, 41.384444 ], [ 69.0689527, 41.3844989 ], [ 69.0687291, 41.3851699 ] ] ] } },
{ "type": "Feature", "properties": { "osm_id": "w1259685404", "kind": "cemetery" }, "geometry": { "type": "Polygon", "coordinates": [ [ [ 69.0692658, 41.3859843 ], [ 69.0693471, 41.3868537 ], [ 69.0695382, 41.3869025 ], [ 69.0696479, 41.3869604 ], [ 69.0697862, 41.3867804 ], [ 69.0698024, 41.3860301 ], [ 69.0692658, 41.3859843 ] ] ] } },
{ "type": "Feature", "properties": { "osm_id": "w1259685405", "kind": "cemetery" }, "geometry": { "type": "Polygon", "coordinates": [ [ [ 69.0660256, 41.3834435 ], [ 69.0659077, 41.3834587 ], [ 69.0654768, 41.3838492 ], [ 69.0653182, 41.3840505 ], [ 69.0651149, 41.3844135 ], [ 69.0649442, 41.3845263 ], [ 69.0645783, 41.384932 ], [ 69.0645092, 41.3850388 ], [ 69.064127, 41.3848314 ], [ 69.0640457, 41.384807 ], [ 69.0637693, 41.3849717 ], [ 69.0638872, 41.3851425 ], [ 69.06394, 41.3852858 ], [ 69.0639929, 41.3853377 ], [ 69.0641799, 41.3853591 ], [ 69.0645214, 41.3853621 ], [ 69.064932, 41.3853621 ], [ 69.0651271, 41.3855756 ], [ 69.0655337, 41.3857373 ], [ 69.0658467, 41.3859569 ], [ 69.066237, 41.3861338 ], [ 69.0664687, 41.3862924 ], [ 69.0666639, 41.38639 ], [ 69.0667005, 41.3865059 ], [ 69.0667533, 41.3865791 ], [ 69.0667371, 41.3867164 ], [ 69.0667655, 41.3868415 ], [ 69.0668184, 41.3869238 ], [ 69.0668184, 41.3870702 ], [ 69.0667818, 41.3871404 ], [ 69.0667818, 41.3872197 ], [ 69.0670379, 41.3873722 ], [ 69.0673306, 41.3874057 ], [ 69.0674404, 41.3873844 ], [ 69.0675379, 41.3873264 ], [ 69.0676315, 41.387116 ], [ 69.0679323, 41.3868903 ], [ 69.0681681, 41.3868262 ], [ 69.0682738, 41.3869147 ], [ 69.068473, 41.386814 ], [ 69.0685665, 41.3868171 ], [ 69.0686722, 41.3868354 ], [ 69.0687779, 41.3867743 ], [ 69.068847, 41.386448 ], [ 69.0688145, 41.3861948 ], [ 69.0687169, 41.3856976 ], [ 69.068656, 41.3855299 ], [ 69.0685706, 41.3853774 ], [ 69.0680258, 41.3848863 ], [ 69.0674851, 41.3844165 ], [ 69.0671355, 41.3841298 ], [ 69.0660256, 41.3834435 ] ] ] } },
{ "type": "Feature", "properties": { "osm_id": "w1259726802", "kind": "industrial" }, "geometry": { "type": "Polygon", "coordinates": [ [ [ 69.0548508, 41.3893767 ], [ 69.0551534, 41.3895255 ], [ 69.0553776, 41.3898548 ], [ 69.0563022, 41.3897497 ], [ 69.0561584, 41.3891245 ], [ 69.0548508, 41.3893767 ] ] ] } },
{ "type": "Feature", "properties": { "osm_id": "w1259731787", "kind": "industrial" }, "geometry": { "type": "Polygon", "coordinates": [ [ [ 69.0768644, 41.3839319 ], [ 69.0768503, 41.3834721 ], [ 69.0775456, 41.3834602 ], [ 69.0775597, 41.3839199 ], [ 69.0768644, 41.3839319 ] ] ] } },
{ "type": "Feature", "properties": { "osm_id": "w1260501339", "kind": "cemetery" }, "geometry": { "type": "Polygon", "coordinates": [ [ [ 69.0831683, 41.3605533 ], [ 69.0829535, 41.3606024 ], [ 69.0829348, 41.3608548 ], [ 69.0828508, 41.36103 ], [ 69.0828508, 41.3611562 ], [ 69.083159, 41.3614927 ], [ 69.0833645, 41.3615207 ], [ 69.0834018, 41.361689 ], [ 69.0839342, 41.3622288 ], [ 69.084121, 41.3622217 ], [ 69.0844386, 41.3619624 ], [ 69.0838315, 41.3613665 ], [ 69.0831683, 41.3605533 ] ] ] } },
{ "type": "Feature", "properties": { "osm_id": "w1260501341", "kind": "military" }, "geometry": { "type": "Polygon", "coordinates": [ [ [ 69.0800175, 41.3583033 ], [ 69.0797406, 41.3585133 ], [ 69.0799603, 41.358687 ], [ 69.0802543, 41.3584712 ], [ 69.0800175, 41.3583033 ] ] ] } },
{ "type": "Feature", "properties": { "osm_id": "w1260530268", "kind": "industrial" }, "geometry": { "type": "Polygon", "coordinates": [ [ [ 69.0891043, 41.360431 ], [ 69.0887681, 41.3599262 ], [ 69.0909443, 41.3590289 ], [ 69.0908789, 41.3589167 ], [ 69.0911965, 41.3588046 ], [ 69.0913179, 41.359085 ], [ 69.0914673, 41.3590149 ], [ 69.0915514, 41.3591551 ], [ 69.0915607, 41.3592743 ], [ 69.0891043, 41.360431 ] ] ] } },
{ "type": "Feature", "properties": { "osm_id": "w1260543731", "kind": "cemetery" }, "geometry": { "type": "Polygon", "coordinates": [ [ [ 69.0976016, 41.3803986 ], [ 69.0969851, 41.3789689 ], [ 69.096789, 41.3787937 ], [ 69.0965462, 41.3787586 ], [ 69.0964808, 41.3789549 ], [ 69.0962566, 41.3791511 ], [ 69.0961165, 41.3792212 ], [ 69.0960511, 41.3793123 ], [ 69.0960418, 41.3794945 ], [ 69.0959671, 41.3796417 ], [ 69.0957709, 41.3797748 ], [ 69.0957336, 41.379894 ], [ 69.0957523, 41.3800622 ], [ 69.0958737, 41.3802023 ], [ 69.0960511, 41.3802654 ], [ 69.096294, 41.3802584 ], [ 69.0969104, 41.3801253 ], [ 69.0970692, 41.3801673 ], [ 69.0974521, 41.3804336 ], [ 69.0976016, 41.3803986 ] ] ] } },
{ "type": "Feature", "properties": { "osm_id": "w1260543733", "kind": "industrial" }, "geometry": { "type": "Polygon", "coordinates": [ [ [ 69.0947501, 41.3758187 ], [ 69.0945219, 41.3753927 ], [ 69.0952018, 41.3751876 ], [ 69.0953109, 41.3753911 ], [ 69.0954558, 41.3756615 ], [ 69.0952496, 41.3757238 ], [ 69.0947759, 41.3758667 ], [ 69.0947501, 41.3758187 ] ] ] } },
{ "type": "Feature", "properties": { "osm_id": "w1260571790", "kind": "industrial" }, "geometry": { "type": "Polygon", "coordinates": [ [ [ 69.0882535, 41.3885376 ], [ 69.087626, 41.3882987 ], [ 69.0879519, 41.3878166 ], [ 69.0882149, 41.3879167 ], [ 69.0885795, 41.3880555 ], [ 69.0882535, 41.3885376 ] ] ] } },
{ "type": "Feature", "properties": { "osm_id": "w1261827267", "kind": "cemetery" }, "geometry": { "type": "Polygon", "coordinates": [ [ [ 69.5465738, 41.2680335 ], [ 69.5470726, 41.2678843 ], [ 69.5477647, 41.2678964 ], [ 69.5478451, 41.2685334 ], [ 69.5480114, 41.2690697 ], [ 69.5484567, 41.2699043 ], [ 69.5474106, 41.2699285 ], [ 69.5468152, 41.2692068 ], [ 69.5464235, 41.2684125 ], [ 69.5465738, 41.2680335 ] ] ] } },
{ "type": "Feature", "properties": { "osm_id": "w1261840087", "kind": "cemetery" }, "geometry": { "type": "Polygon", "coordinates": [ [ [ 69.5175254, 41.2482653 ], [ 69.5173269, 41.2484145 ], [ 69.5171285, 41.2489066 ], [ 69.5176488, 41.24933 ], [ 69.5182174, 41.2496164 ], [ 69.5186412, 41.2495599 ], [ 69.5187753, 41.24933 ], [ 69.5188558, 41.2489913 ], [ 69.5191669, 41.2488259 ], [ 69.5191884, 41.2484185 ], [ 69.5188451, 41.2483379 ], [ 69.5175254, 41.2482653 ] ] ] } },
{ "type": "Feature", "properties": { "osm_id": "w1261840088", "kind": "cemetery" }, "geometry": { "type": "Polygon", "coordinates": [ [ [ 69.5343912, 41.2457404 ], [ 69.5346647, 41.2464341 ], [ 69.5357323, 41.2469786 ], [ 69.5363438, 41.246781 ], [ 69.5362365, 41.2462688 ], [ 69.5367944, 41.2456436 ], [ 69.5343912, 41.2457404 ] ] ] } },
{ "type": "Feature", "properties": { "osm_id": "w1261840096", "kind": "cemetery" }, "geometry": { "type": "Polygon", "coordinates": [ [ [ 69.5859915, 41.3944291 ], [ 69.5867264, 41.393906 ], [ 69.5872843, 41.39358 ], [ 69.5869571, 41.3930367 ], [ 69.5864046, 41.3925176 ], [ 69.5859486, 41.3928556 ], [ 69.5858681, 41.3931937 ], [ 69.5855194, 41.3935156 ], [ 69.5854551, 41.3936484 ], [ 69.5855945, 41.3939543 ], [ 69.5859915, 41.3944291 ] ] ] } },
{ "type": "Feature", "properties": { "osm_id": "w1261840097", "kind": "cemetery" }, "geometry": { "type": "Polygon", "coordinates": [ [ [ 69.4781989, 41.1742125 ], [ 69.4781023, 41.1735947 ], [ 69.47873, 41.1732595 ], [ 69.4797546, 41.1730455 ], [ 69.4801569, 41.1734049 ], [ 69.4790626, 41.1739419 ], [ 69.4787353, 41.1739944 ], [ 69.4781989, 41.1742125 ] ] ] } },
{ "type": "Feature", "properties": { "osm_id": "w1262206661", "kind": "military" }, "geometry": { "type": "Polygon", "coordinates": [ [ [ 69.1239448, 41.3913416 ], [ 69.1231294, 41.3918407 ], [ 69.1232689, 41.3919453 ], [ 69.1241057, 41.3916797 ], [ 69.1239448, 41.3913416 ] ] ] } },
{ "type": "Feature", "properties": { "osm_id": "w1262645399", "kind": "cemetery" }, "geometry": { "type": "Polygon", "coordinates": [ [ [ 69.1047766, 41.3935937 ], [ 69.1048326, 41.3941122 ], [ 69.1047859, 41.3944065 ], [ 69.104901, 41.39458 ], [ 69.1052529, 41.3946447 ], [ 69.1054584, 41.3948059 ], [ 69.1055985, 41.394967 ], [ 69.1060935, 41.394932 ], [ 69.1064017, 41.395002 ], [ 69.1064951, 41.394995 ], [ 69.1056078, 41.3935447 ], [ 69.1047766, 41.3935937 ] ] ] } },
{ "type": "Feature", "properties": { "osm_id": "w1263246463", "kind": "cemetery" }, "geometry": { "type": "Polygon", "coordinates": [ [ [ 69.1171262, 41.4122786 ], [ 69.116944, 41.4125308 ], [ 69.1162856, 41.4132137 ], [ 69.116874, 41.4134344 ], [ 69.1168927, 41.4136585 ], [ 69.117313, 41.4138547 ], [ 69.1178267, 41.4141348 ], [ 69.1178173, 41.4142469 ], [ 69.1181723, 41.414324 ], [ 69.1184805, 41.4145411 ], [ 69.1190203, 41.4147435 ], [ 69.1191389, 41.4134344 ], [ 69.1184945, 41.4129581 ], [ 69.1187186, 41.4127339 ], [ 69.1175511, 41.4118934 ], [ 69.1176539, 41.4122121 ], [ 69.1171262, 41.4122786 ] ] ] } },
{ "type": "Feature", "properties": { "osm_id": "w1263278753", "kind": "cemetery" }, "geometry": { "type": "Polygon", "coordinates": [ [ [ 69.1687283, 41.4003072 ], [ 69.1684416, 41.3996647 ], [ 69.1682364, 41.3994736 ], [ 69.167886, 41.399386 ], [ 69.1677055, 41.3995639 ], [ 69.1677763, 41.3997975 ], [ 69.1677656, 41.3999674 ], [ 69.1678647, 41.4001532 ], [ 69.1680275, 41.4003364 ], [ 69.168254, 41.4004612 ], [ 69.1684593, 41.4004957 ], [ 69.1686504, 41.4004532 ], [ 69.1687283, 41.4003072 ] ] ] } },
{ "type": "Feature", "properties": { "osm_id": "w1263435336", "kind": "cemetery" }, "geometry": { "type": "Polygon", "coordinates": [ [ [ 69.1500446, 41.4022115 ], [ 69.1499152, 41.4026691 ], [ 69.1512278, 41.4031475 ], [ 69.1513017, 41.4029464 ], [ 69.1513818, 41.4024403 ], [ 69.1508149, 41.402267 ], [ 69.1507256, 41.4023987 ], [ 69.1501553, 41.4022419 ], [ 69.1500446, 41.4022115 ] ] ] } },
{ "type": "Feature", "properties": { "osm_id": "w1263495433", "kind": "industrial" }, "geometry": { "type": "Polygon", "coordinates": [ [ [ 69.1345394, 41.4235902 ], [ 69.1349582, 41.4238584 ], [ 69.1348566, 41.4239316 ], [ 69.1347752, 41.4239773 ], [ 69.1349582, 41.4241236 ], [ 69.1350273, 41.4240779 ], [ 69.1350842, 41.4241236 ], [ 69.1355924, 41.4237731 ], [ 69.1356896, 41.4238108 ], [ 69.1358021, 41.423631 ], [ 69.1358688, 41.4235245 ], [ 69.1358501, 41.4234334 ], [ 69.1351496, 41.4239517 ], [ 69.1350282, 41.4238397 ], [ 69.1360089, 41.4231253 ], [ 69.136063, 41.4231 ], [ 69.1360518, 41.4228829 ], [ 69.1360193, 41.4228189 ], [ 69.1359502, 41.4227945 ], [ 69.1354176, 41.4227976 ], [ 69.1352672, 41.4228372 ], [ 69.1348403, 41.4229073 ], [ 69.1347183, 41.4229896 ], [ 69.1346086, 41.4231542 ], [ 69.1346208, 41.4234073 ], [ 69.1344825, 41.4233798 ], [ 69.1343809, 41.4235201 ], [ 69.1345394, 41.4235902 ] ] ] } },
{ "type": "Feature", "properties": { "osm_id": "w1263516086", "kind": "cemetery" }, "geometry": { "type": "Polygon", "coordinates": [ [ [ 69.1508189, 41.4164691 ], [ 69.1495766, 41.4164271 ], [ 69.1490816, 41.4173657 ], [ 69.1495766, 41.4174988 ], [ 69.1501651, 41.417961 ], [ 69.1505293, 41.4174637 ], [ 69.1508189, 41.4164691 ] ] ] } },
{ "type": "Feature", "properties": { "osm_id": "w1263520473", "kind": "military" }, "geometry": { "type": "Polygon", "coordinates": [ [ [ 69.1527449, 41.4231471 ], [ 69.153408, 41.423063 ], [ 69.1559672, 41.4234482 ], [ 69.1557524, 41.4244357 ], [ 69.1538563, 41.4241345 ], [ 69.1532492, 41.4240505 ], [ 69.1532679, 41.4239455 ], [ 69.1526048, 41.4237984 ], [ 69.1527449, 41.4231471 ] ] ] } },
{ "type": "Feature", "properties": { "osm_id": "w1263669564", "kind": "industrial" }, "geometry": { "type": "Polygon", "coordinates": [ [ [ 69.0895715, 41.4195444 ], [ 69.08905, 41.418987 ], [ 69.0898516, 41.4185654 ], [ 69.090373, 41.4191229 ], [ 69.0895715, 41.4195444 ] ] ] } },
{ "type": "Feature", "properties": { "osm_id": "w1276573442", "kind": "industrial" }, "geometry": { "type": "Polygon", "coordinates": [ [ [ 69.2911416, 41.2556499 ], [ 69.2905642, 41.2556512 ], [ 69.2894855, 41.2555367 ], [ 69.289339, 41.2556201 ], [ 69.289281, 41.2555334 ], [ 69.2879868, 41.2543575 ], [ 69.2884767, 41.2536917 ], [ 69.2893135, 41.2540581 ], [ 69.2894726, 41.2541445 ], [ 69.2910666, 41.2541686 ], [ 69.2911248, 41.2552015 ], [ 69.2911303, 41.255554 ], [ 69.2911416, 41.2556499 ] ] ] } },
{ "type": "Feature", "properties": { "osm_id": "w1280241990", "kind": "industrial" }, "geometry": { "type": "Polygon", "coordinates": [ [ [ 69.5766858, 41.4326184 ], [ 69.5770104, 41.4326263 ], [ 69.5769885, 41.4324499 ], [ 69.5772507, 41.4315984 ], [ 69.5761246, 41.4300514 ], [ 69.575629, 41.4303023 ], [ 69.5757412, 41.430793 ], [ 69.5753049, 41.4311185 ], [ 69.5753367, 41.431236 ], [ 69.575845, 41.4315917 ], [ 69.5760674, 41.4317695 ], [ 69.5763893, 41.4320633 ], [ 69.5765376, 41.4322872 ], [ 69.5766858, 41.4326184 ] ] ] } },
{ "type": "Feature", "properties": { "osm_id": "w1280598336", "kind": "industrial" }, "geometry": { "type": "Polygon", "coordinates": [ [ [ 69.231945, 41.3831155 ], [ 69.2311464, 41.3829621 ], [ 69.2309781, 41.3829236 ], [ 69.2295509, 41.3826634 ], [ 69.2294114, 41.3826295 ], [ 69.2294054, 41.3815356 ], [ 69.2294185, 41.381356 ], [ 69.2299112, 41.3814117 ], [ 69.2302509, 41.38145 ], [ 69.2318379, 41.3817768 ], [ 69.2316378, 41.3822792 ], [ 69.2322619, 41.382463 ], [ 69.231945, 41.3831155 ] ] ] } },
{ "type": "Feature", "properties": { "osm_id": "w1285559343", "kind": "industrial" }, "geometry": { "type": "Polygon", "coordinates": [ [ [ 69.1940007, 41.1914263 ], [ 69.195327, 41.1919289 ], [ 69.1956772, 41.1915001 ], [ 69.1960088, 41.1909695 ], [ 69.1947105, 41.1908008 ], [ 69.1945611, 41.1907446 ], [ 69.1940007, 41.1914263 ] ] ] } },
{ "type": "Feature", "properties": { "osm_id": "w1285559351", "kind": "military" }, "geometry": { "type": "Polygon", "coordinates": [ [ [ 69.1781343, 41.1871488 ], [ 69.1791893, 41.1857724 ], [ 69.1814199, 41.1866986 ], [ 69.1804218, 41.1880836 ], [ 69.1781343, 41.1871488 ] ] ] } },
{ "type": "Feature", "properties": { "osm_id": "w1285559352", "kind": "military" }, "geometry": { "type": "Polygon", "coordinates": [ [ [ 69.1697183, 41.1836158 ], [ 69.1709771, 41.1841392 ], [ 69.172854, 41.1848944 ], [ 69.1749067, 41.1821242 ], [ 69.1717781, 41.1807551 ], [ 69.1697183, 41.1836158 ] ] ] } },
{ "type": "Feature", "properties": { "osm_id": "w1285560049", "kind": "industrial" }, "geometry": { "type": "Polygon", "coordinates": [ [ [ 69.2017986, 41.1801 ], [ 69.2028801, 41.1801742 ], [ 69.2035178, 41.1795342 ], [ 69.2033206, 41.1792652 ], [ 69.2032159, 41.1791585 ], [ 69.2029663, 41.1792304 ], [ 69.202833, 41.1791654 ], [ 69.2027044, 41.1791028 ], [ 69.2017986, 41.1801 ] ] ] } },
{ "type": "Feature", "properties": { "osm_id": "w1291187635", "kind": "industrial" }, "geometry": { "type": "Polygon", "coordinates": [ [ [ 69.4204987, 41.3313455 ], [ 69.4209874, 41.3308855 ], [ 69.4211133, 41.3306305 ], [ 69.4208118, 41.3304444 ], [ 69.4210638, 41.3303576 ], [ 69.4211299, 41.3302583 ], [ 69.4209801, 41.3298242 ], [ 69.4221613, 41.3295464 ], [ 69.4225506, 41.329483 ], [ 69.4226722, 41.3295189 ], [ 69.4228071, 41.3299977 ], [ 69.422993, 41.3299574 ], [ 69.4230137, 41.3300039 ], [ 69.4239588, 41.3297734 ], [ 69.4242497, 41.3297292 ], [ 69.4245902, 41.3305552 ], [ 69.4243108, 41.330626 ], [ 69.4244555, 41.3310121 ], [ 69.4242365, 41.3311548 ], [ 69.4240836, 41.3312013 ], [ 69.4240919, 41.3312789 ], [ 69.423716, 41.3313192 ], [ 69.4237366, 41.331434 ], [ 69.4229707, 41.3315015 ], [ 69.422655, 41.3315337 ], [ 69.4225789, 41.3315579 ], [ 69.4225432, 41.3314329 ], [ 69.4210666, 41.3316839 ], [ 69.4204987, 41.3313455 ] ] ] } },
{ "type": "Feature", "properties": { "osm_id": "w1296532686", "kind": "industrial" }, "geometry": { "type": "Polygon", "coordinates": [ [ [ 69.4821188, 41.3091755 ], [ 69.4825461, 41.3085365 ], [ 69.4817158, 41.3075765 ], [ 69.4812681, 41.3077691 ], [ 69.4821188, 41.3091755 ] ] ] } },
{ "type": "Feature", "properties": { "osm_id": "w1298590077", "kind": "industrial" }, "geometry": { "type": "Polygon", "coordinates": [ [ [ 69.2972298, 41.2907902 ], [ 69.2975884, 41.2911304 ], [ 69.2983139, 41.2917282 ], [ 69.297808, 41.2923594 ], [ 69.2974304, 41.2928068 ], [ 69.2974181, 41.2931163 ], [ 69.2973537, 41.293146 ], [ 69.2971605, 41.293235 ], [ 69.2956076, 41.2921928 ], [ 69.2962586, 41.2916174 ], [ 69.2972298, 41.2907902 ] ] ] } },
{ "type": "Feature", "properties": { "osm_id": "w1298767825", "kind": "industrial" }, "geometry": { "type": "Polygon", "coordinates": [ [ [ 69.1081121, 41.4143769 ], [ 69.1077385, 41.4145941 ], [ 69.1078441, 41.4147762 ], [ 69.1079712, 41.4148697 ], [ 69.1083108, 41.4152815 ], [ 69.108536, 41.4153146 ], [ 69.1090671, 41.4152543 ], [ 69.1090564, 41.4150853 ], [ 69.1087452, 41.4149163 ], [ 69.1086219, 41.4148962 ], [ 69.1081121, 41.4143769 ] ] ] } },
{ "type": "Feature", "properties": { "osm_id": "w1298767826", "kind": "industrial" }, "geometry": { "type": "Polygon", "coordinates": [ [ [ 69.1066907, 41.4145905 ], [ 69.1067711, 41.4144537 ], [ 69.106857, 41.4143652 ], [ 69.1070447, 41.4143089 ], [ 69.1071037, 41.4140957 ], [ 69.1069857, 41.4139428 ], [ 69.1062776, 41.4137135 ], [ 69.1059665, 41.4139468 ], [ 69.1059987, 41.4140594 ], [ 69.1058002, 41.4144899 ], [ 69.1064654, 41.4146026 ], [ 69.1064654, 41.4145623 ], [ 69.1066907, 41.4145905 ] ] ] } },
{ "type": "Feature", "properties": { "osm_id": "w1298767883", "kind": "industrial" }, "geometry": { "type": "Polygon", "coordinates": [ [ [ 69.1372571, 41.4236327 ], [ 69.1370703, 41.4236537 ], [ 69.1369302, 41.4235907 ], [ 69.1369022, 41.4234436 ], [ 69.1369769, 41.4233105 ], [ 69.1370983, 41.4232475 ], [ 69.1373318, 41.4232475 ], [ 69.1377708, 41.4234436 ], [ 69.1372571, 41.4236327 ] ] ] } },
{ "type": "Feature", "properties": { "osm_id": "w1298767890", "kind": "cemetery" }, "geometry": { "type": "Polygon", "coordinates": [ [ [ 69.1373736, 41.4247785 ], [ 69.1366548, 41.4252692 ], [ 69.1368694, 41.4256393 ], [ 69.1366548, 41.425949 ], [ 69.1356248, 41.4255669 ], [ 69.1358448, 41.42541 ], [ 69.1361559, 41.4250761 ], [ 69.1360218, 41.4249917 ], [ 69.1366494, 41.4245331 ], [ 69.1367406, 41.4243682 ], [ 69.1368264, 41.4242435 ], [ 69.136805, 41.4241027 ], [ 69.1369123, 41.4238976 ], [ 69.1369767, 41.423801 ], [ 69.1371054, 41.4237729 ], [ 69.1372395, 41.4237608 ], [ 69.1372932, 41.4238453 ], [ 69.1372502, 41.4243119 ], [ 69.1373736, 41.4247785 ] ] ] } },
{ "type": "Feature", "properties": { "osm_id": "w1298767891", "kind": "industrial" }, "geometry": { "type": "Polygon", "coordinates": [ [ [ 69.1363758, 41.4240947 ], [ 69.1366226, 41.4236804 ], [ 69.136923, 41.4238091 ], [ 69.1366602, 41.4242073 ], [ 69.1363758, 41.4240947 ] ] ] } },
{ "type": "Feature", "properties": { "osm_id": "w1298767892", "kind": "cemetery" }, "geometry": { "type": "Polygon", "coordinates": [ [ [ 69.1372571, 41.4236327 ], [ 69.1373361, 41.4236763 ], [ 69.1374165, 41.4238332 ], [ 69.1373897, 41.4241631 ], [ 69.1374004, 41.4242475 ], [ 69.1380334, 41.4240907 ], [ 69.1377708, 41.4234436 ], [ 69.1372571, 41.4236327 ] ] ] } },
{ "type": "Feature", "properties": { "osm_id": "w1298829252", "kind": "industrial" }, "geometry": { "type": "Polygon", "coordinates": [ [ [ 69.1125463, 41.4287277 ], [ 69.1122381, 41.4288397 ], [ 69.1119205, 41.4293019 ], [ 69.1132842, 41.4297991 ], [ 69.1137325, 41.4292179 ], [ 69.1125463, 41.4287277 ] ] ] } },
{ "type": "Feature", "properties": { "osm_id": "w1298829260", "kind": "industrial" }, "geometry": { "type": "Polygon", "coordinates": [ [ [ 69.1089878, 41.4300302 ], [ 69.1082966, 41.4302613 ], [ 69.107372, 41.4306254 ], [ 69.1072225, 41.4307025 ], [ 69.1071478, 41.4308425 ], [ 69.1084367, 41.4312977 ], [ 69.1086309, 41.4309857 ], [ 69.1091652, 41.4301002 ], [ 69.1089878, 41.4300302 ] ] ] } },
{ "type": "Feature", "properties": { "osm_id": "w1298837321", "kind": "industrial" }, "geometry": { "type": "Polygon", "coordinates": [ [ [ 69.1121653, 41.4318683 ], [ 69.1120719, 41.4318613 ], [ 69.1113994, 41.4322955 ], [ 69.1125109, 41.4326526 ], [ 69.1128191, 41.4321694 ], [ 69.1130153, 41.4322255 ], [ 69.1130671, 41.4321406 ], [ 69.1121653, 41.4318683 ] ] ] } },
{ "type": "Feature", "properties": { "osm_id": "w1300430189", "kind": "cemetery" }, "geometry": { "type": "Polygon", "coordinates": [ [ [ 69.1282136, 41.4340601 ], [ 69.1279875, 41.4351677 ], [ 69.1280763, 41.4353009 ], [ 69.1282863, 41.4353251 ], [ 69.1284074, 41.4352283 ], [ 69.1284719, 41.4351254 ], [ 69.1285365, 41.4347743 ], [ 69.1286253, 41.4347804 ], [ 69.1293197, 41.4343506 ], [ 69.1292954, 41.4342719 ], [ 69.1291501, 41.4341327 ], [ 69.1290386, 41.4340953 ], [ 69.1288433, 41.4340298 ], [ 69.1282136, 41.4340601 ] ] ] } },
{ "type": "Feature", "properties": { "osm_id": "w1300536833", "kind": "industrial" }, "geometry": { "type": "Polygon", "coordinates": [ [ [ 69.1164004, 41.4345845 ], [ 69.1160209, 41.435099 ], [ 69.1152378, 41.4345482 ], [ 69.115367, 41.4344816 ], [ 69.1152863, 41.4344211 ], [ 69.1153751, 41.4341608 ], [ 69.1155123, 41.4339793 ], [ 69.1162389, 41.4342214 ], [ 69.1164004, 41.4345845 ] ] ] } },
{ "type": "Feature", "properties": { "osm_id": "w1300536853", "kind": "industrial" }, "geometry": { "type": "Polygon", "coordinates": [ [ [ 69.1229318, 41.4398866 ], [ 69.1229722, 41.4400076 ], [ 69.122399, 41.4406976 ], [ 69.1219146, 41.4403163 ], [ 69.1226493, 41.4397292 ], [ 69.1229318, 41.4398866 ] ] ] } },
{ "type": "Feature", "properties": { "osm_id": "w1300536861", "kind": "industrial" }, "geometry": { "type": "Polygon", "coordinates": [ [ [ 69.125919, 41.4403405 ], [ 69.1259594, 41.4425798 ], [ 69.1281885, 41.4426853 ], [ 69.1282603, 41.4426887 ], [ 69.1282601, 41.4426282 ], [ 69.128255, 41.4411455 ], [ 69.1282533, 41.4406552 ], [ 69.1282523, 41.4403465 ], [ 69.125919, 41.4403405 ] ] ] } },
{ "type": "Feature", "properties": { "osm_id": "w1300536862", "kind": "industrial" }, "geometry": { "type": "Polygon", "coordinates": [ [ [ 69.1258464, 41.4425979 ], [ 69.1257414, 41.4398684 ], [ 69.124708, 41.4394811 ], [ 69.1244989, 41.440172 ], [ 69.1242549, 41.4409785 ], [ 69.1242107, 41.4411245 ], [ 69.12401, 41.4417877 ], [ 69.1239168, 41.4420956 ], [ 69.1256042, 41.4425677 ], [ 69.1258464, 41.4425979 ] ] ] } },
{ "type": "Feature", "properties": { "osm_id": "w1300536878", "kind": "industrial" }, "geometry": { "type": "Polygon", "coordinates": [ [ [ 69.1230045, 41.4406068 ], [ 69.1226089, 41.4409336 ], [ 69.1230287, 41.441333 ], [ 69.1233412, 41.4414516 ], [ 69.1236827, 41.4415812 ], [ 69.1239087, 41.4416538 ], [ 69.12401, 41.4417877 ], [ 69.1242107, 41.4411245 ], [ 69.1230045, 41.4406068 ] ] ] } },
{ "type": "Feature", "properties": { "osm_id": "w1300536879", "kind": "industrial" }, "geometry": { "type": "Polygon", "coordinates": [ [ [ 69.1233412, 41.4414516 ], [ 69.1231579, 41.4415691 ], [ 69.1236665, 41.4420169 ], [ 69.12401, 41.4417877 ], [ 69.1239087, 41.4416538 ], [ 69.1236827, 41.4415812 ], [ 69.1233412, 41.4414516 ] ] ] } },
{ "type": "Feature", "properties": { "osm_id": "w1300536896", "kind": "industrial" }, "geometry": { "type": "Polygon", "coordinates": [ [ [ 69.1250794, 41.4434149 ], [ 69.1261047, 41.4428884 ], [ 69.1260401, 41.4427734 ], [ 69.1257495, 41.442719 ], [ 69.1249583, 41.4425132 ], [ 69.1245142, 41.4429005 ], [ 69.1250794, 41.4434149 ] ] ] } },
{ "type": "Feature", "properties": { "osm_id": "w1303055351", "kind": "industrial" }, "geometry": { "type": "Polygon", "coordinates": [ [ [ 69.1569232, 41.2170688 ], [ 69.1576688, 41.2166163 ], [ 69.1586519, 41.2160241 ], [ 69.1587414, 41.2159686 ], [ 69.1587622, 41.2159721 ], [ 69.1588651, 41.2159892 ], [ 69.1591508, 41.2160368 ], [ 69.1592885, 41.2161656 ], [ 69.1593613, 41.2162337 ], [ 69.1593314, 41.2162546 ], [ 69.1593234, 41.2162603 ], [ 69.159295, 41.2162803 ], [ 69.1592545, 41.2163087 ], [ 69.1587112, 41.2166887 ], [ 69.1585119, 41.2168284 ], [ 69.1582721, 41.2169965 ], [ 69.1582582, 41.2170062 ], [ 69.1581885, 41.21706 ], [ 69.1582672, 41.217119 ], [ 69.1575661, 41.2175586 ], [ 69.1571059, 41.217208 ], [ 69.1569232, 41.2170688 ] ] ] } },
{ "type": "Feature", "properties": { "osm_id": "w1303706607", "kind": "industrial" }, "geometry": { "type": "Polygon", "coordinates": [ [ [ 69.1345515, 41.451603 ], [ 69.1341125, 41.4518691 ], [ 69.1343741, 41.4520721 ], [ 69.1347944, 41.451813 ], [ 69.1345515, 41.451603 ] ] ] } },
{ "type": "Feature", "properties": { "osm_id": "w1303706609", "kind": "cemetery" }, "geometry": { "type": "Polygon", "coordinates": [ [ [ 69.1352427, 41.4523661 ], [ 69.1350465, 41.4526951 ], [ 69.1353361, 41.4530171 ], [ 69.1363635, 41.4530101 ], [ 69.1364102, 41.4527651 ], [ 69.1352427, 41.4523661 ] ] ] } },
{ "type": "Feature", "properties": { "osm_id": "w1303821699", "kind": "cemetery" }, "geometry": { "type": "Polygon", "coordinates": [ [ [ 69.1485075, 41.4468604 ], [ 69.1488157, 41.4476935 ], [ 69.1491986, 41.4477495 ], [ 69.1506837, 41.4474415 ], [ 69.1507844, 41.447314 ], [ 69.1508518, 41.4472035 ], [ 69.1499365, 41.4465874 ], [ 69.1494134, 41.4462443 ], [ 69.1493013, 41.4460273 ], [ 69.1487129, 41.4456772 ], [ 69.1485168, 41.4460623 ], [ 69.1485075, 41.4468604 ] ] ] } },
{ "type": "Feature", "properties": { "osm_id": "w1305367132", "kind": "industrial" }, "geometry": { "type": "Polygon", "coordinates": [ [ [ 69.1634346, 41.446135 ], [ 69.1635412, 41.4462061 ], [ 69.1631863, 41.4463882 ], [ 69.1622616, 41.4461081 ], [ 69.1622149, 41.4462551 ], [ 69.1611969, 41.4460941 ], [ 69.1613463, 41.4456251 ], [ 69.1624085, 41.4458145 ], [ 69.1623579, 41.4459114 ], [ 69.1634346, 41.446135 ] ] ] } },
{ "type": "Feature", "properties": { "osm_id": "w1305377240", "kind": "industrial" }, "geometry": { "type": "Polygon", "coordinates": [ [ [ 69.1414437, 41.4543351 ], [ 69.1425423, 41.4536856 ], [ 69.1410129, 41.4525506 ], [ 69.1400076, 41.4532837 ], [ 69.1414437, 41.4543351 ] ] ] } },
{ "type": "Feature", "properties": { "osm_id": "w1305377252", "kind": "industrial" }, "geometry": { "type": "Polygon", "coordinates": [ [ [ 69.1404306, 41.455132 ], [ 69.1398515, 41.454929 ], [ 69.1391884, 41.454999 ], [ 69.1390669, 41.455062 ], [ 69.1387027, 41.455048 ], [ 69.1385626, 41.455104 ], [ 69.1386093, 41.455272 ], [ 69.1388428, 41.45551 ], [ 69.1394312, 41.45551 ], [ 69.139562, 41.455643 ], [ 69.1402905, 41.455692 ], [ 69.1404306, 41.455132 ] ] ] } },
{ "type": "Feature", "properties": { "osm_id": "w1305377256", "kind": "industrial" }, "geometry": { "type": "Polygon", "coordinates": [ [ [ 69.137694, 41.455531 ], [ 69.1373577, 41.455202 ], [ 69.1375539, 41.455153 ], [ 69.1378803, 41.4554096 ], [ 69.137694, 41.455531 ] ] ] } },
{ "type": "Feature", "properties": { "osm_id": "w1305412019", "kind": "military" }, "geometry": { "type": "Polygon", "coordinates": [ [ [ 69.1878043, 41.4523249 ], [ 69.187345, 41.4524861 ], [ 69.1874424, 41.4526419 ], [ 69.1879017, 41.4524806 ], [ 69.1878043, 41.4523249 ] ] ] } },
{ "type": "Feature", "properties": { "osm_id": "w1307075103", "kind": "industrial" }, "geometry": { "type": "Polygon", "coordinates": [ [ [ 69.1782788, 41.4433933 ], [ 69.1772981, 41.442168 ], [ 69.1788205, 41.4416219 ], [ 69.1796237, 41.4427352 ], [ 69.1796424, 41.4428682 ], [ 69.1796331, 41.4429942 ], [ 69.1794556, 41.4432743 ], [ 69.1792501, 41.4434493 ], [ 69.1789139, 41.4432042 ], [ 69.1782788, 41.4433933 ] ] ] } },
{ "type": "Feature", "properties": { "osm_id": "w1307075111", "kind": "industrial" }, "geometry": { "type": "Polygon", "coordinates": [ [ [ 69.1739917, 41.4459277 ], [ 69.1747576, 41.4461448 ], [ 69.1751779, 41.4453326 ], [ 69.1748043, 41.4451366 ], [ 69.174795, 41.4450806 ], [ 69.1745148, 41.4449826 ], [ 69.1744681, 41.4450246 ], [ 69.1742532, 41.4454727 ], [ 69.1741637, 41.4454704 ], [ 69.1739917, 41.4459277 ] ] ] } },
{ "type": "Feature", "properties": { "osm_id": "w1307648707", "kind": "industrial" }, "geometry": { "type": "Polygon", "coordinates": [ [ [ 69.1993856, 41.4753988 ], [ 69.1996214, 41.4752386 ], [ 69.2000505, 41.4753833 ], [ 69.2001686, 41.4752225 ], [ 69.2005977, 41.4753913 ], [ 69.2004601, 41.4756025 ], [ 69.1993856, 41.4753988 ] ] ] } },
{ "type": "Feature", "properties": { "osm_id": "w1307648708", "kind": "industrial" }, "geometry": { "type": "Polygon", "coordinates": [ [ [ 69.2015383, 41.4760149 ], [ 69.2017672, 41.4755923 ], [ 69.2031941, 41.4761067 ], [ 69.2031665, 41.4762039 ], [ 69.2031489, 41.4762659 ], [ 69.2015383, 41.4760149 ] ] ] } },
{ "type": "Feature", "properties": { "osm_id": "w1307648709", "kind": "industrial" }, "geometry": { "type": "Polygon", "coordinates": [ [ [ 69.2026876, 41.4775864 ], [ 69.2026791, 41.4776822 ], [ 69.2036125, 41.4777948 ], [ 69.203623, 41.4771914 ], [ 69.203634, 41.4765569 ], [ 69.2035267, 41.4763318 ], [ 69.2031665, 41.4762039 ], [ 69.2031489, 41.4762659 ], [ 69.2026876, 41.4775864 ] ] ] } },
{ "type": "Feature", "properties": { "osm_id": "w1307648712", "kind": "industrial" }, "geometry": { "type": "Polygon", "coordinates": [ [ [ 69.2026791, 41.4776822 ], [ 69.2026147, 41.4782449 ], [ 69.2031726, 41.4783333 ], [ 69.2041168, 41.4778832 ], [ 69.20387, 41.4771839 ], [ 69.203623, 41.4771914 ], [ 69.2036125, 41.4777948 ], [ 69.2026791, 41.4776822 ] ] ] } },
{ "type": "Feature", "properties": { "osm_id": "w1307648716", "kind": "industrial" }, "geometry": { "type": "Polygon", "coordinates": [ [ [ 69.205136, 41.4793461 ], [ 69.2050287, 41.4784459 ], [ 69.2059514, 41.4784459 ], [ 69.206005, 41.479314 ], [ 69.205136, 41.4793461 ] ] ] } },
{ "type": "Feature", "properties": { "osm_id": "w1307648717", "kind": "industrial" }, "geometry": { "type": "Polygon", "coordinates": [ [ [ 69.2051146, 41.4778912 ], [ 69.205254, 41.4774572 ], [ 69.2060694, 41.4775054 ], [ 69.206005, 41.4779796 ], [ 69.2051146, 41.4778912 ] ] ] } },
{ "type": "Feature", "properties": { "osm_id": "w1307648726", "kind": "industrial" }, "geometry": { "type": "Polygon", "coordinates": [ [ [ 69.2075586, 41.4764519 ], [ 69.2082609, 41.4764816 ], [ 69.2082853, 41.4763597 ], [ 69.2084154, 41.4763658 ], [ 69.2083503, 41.4767618 ], [ 69.2085175, 41.4770522 ], [ 69.2084585, 41.4774356 ], [ 69.2080154, 41.4773802 ], [ 69.2072654, 41.477182 ], [ 69.206996, 41.4770585 ], [ 69.2068289, 41.4769602 ], [ 69.206872, 41.4767855 ], [ 69.2074585, 41.4768619 ], [ 69.2075586, 41.4764519 ] ] ] } },
{ "type": "Feature", "properties": { "osm_id": "w1307655327", "kind": "industrial" }, "geometry": { "type": "Polygon", "coordinates": [ [ [ 69.213481, 41.4771212 ], [ 69.2135541, 41.4765669 ], [ 69.2117735, 41.4764938 ], [ 69.2117735, 41.4767192 ], [ 69.2123182, 41.4770177 ], [ 69.213481, 41.4771212 ] ] ] } },
{ "type": "Feature", "properties": { "osm_id": "w1307684754", "kind": "industrial" }, "geometry": { "type": "Polygon", "coordinates": [ [ [ 69.1960008, 41.4738828 ], [ 69.1959915, 41.473155 ], [ 69.1962904, 41.473176 ], [ 69.1968106, 41.4733284 ], [ 69.1971029, 41.473414 ], [ 69.1965986, 41.4749185 ], [ 69.196197, 41.4747856 ], [ 69.1959448, 41.4747646 ], [ 69.1960288, 41.4740718 ], [ 69.1960008, 41.4738828 ] ] ] } },
{ "type": "Feature", "properties": { "osm_id": "w1307742375", "kind": "industrial" }, "geometry": { "type": "Polygon", "coordinates": [ [ [ 69.1834429, 41.4751084 ], [ 69.1834616, 41.4751713 ], [ 69.1832857, 41.4751759 ], [ 69.1833156, 41.4753311 ], [ 69.1834235, 41.4753308 ], [ 69.1834775, 41.4756413 ], [ 69.1840031, 41.4755862 ], [ 69.1838819, 41.4750664 ], [ 69.1834429, 41.4751084 ] ] ] } },
{ "type": "Feature", "properties": { "osm_id": "w1307742381", "kind": "industrial" }, "geometry": { "type": "Polygon", "coordinates": [ [ [ 69.1801987, 41.4743582 ], [ 69.1797668, 41.4734327 ], [ 69.1802991, 41.4730128 ], [ 69.1811211, 41.4734747 ], [ 69.1812798, 41.4735027 ], [ 69.181314, 41.4736022 ], [ 69.1809924, 41.4736136 ], [ 69.1809586, 41.4737402 ], [ 69.1805488, 41.4740002 ], [ 69.1807138, 41.474204 ], [ 69.1801987, 41.4743582 ] ] ] } },
{ "type": "Feature", "properties": { "osm_id": "w1307742382", "kind": "industrial" }, "geometry": { "type": "Polygon", "coordinates": [ [ [ 69.181532, 41.4753292 ], [ 69.1814853, 41.4749583 ], [ 69.1807381, 41.4750212 ], [ 69.1807755, 41.4751052 ], [ 69.180514, 41.4751472 ], [ 69.1806447, 41.4754481 ], [ 69.1809249, 41.4753781 ], [ 69.181532, 41.4753292 ] ] ] } },
{ "type": "Feature", "properties": { "osm_id": "w1307742383", "kind": "industrial" }, "geometry": { "type": "Polygon", "coordinates": [ [ [ 69.181532, 41.4753292 ], [ 69.1825835, 41.4752438 ], [ 69.1832857, 41.4751759 ], [ 69.1834616, 41.4751713 ], [ 69.1834429, 41.4751084 ], [ 69.1833854, 41.4747698 ], [ 69.1825288, 41.4748431 ], [ 69.1814853, 41.4749583 ], [ 69.181532, 41.4753292 ] ] ] } },
{ "type": "Feature", "properties": { "osm_id": "w1307750057", "kind": "industrial" }, "geometry": { "type": "Polygon", "coordinates": [ [ [ 69.1816067, 41.4778903 ], [ 69.1814573, 41.4779533 ], [ 69.1815133, 41.4791009 ], [ 69.1820964, 41.4789786 ], [ 69.1822138, 41.478954 ], [ 69.1816067, 41.4778903 ] ] ] } },
{ "type": "Feature", "properties": { "osm_id": "w1307750058", "kind": "industrial" }, "geometry": { "type": "Polygon", "coordinates": [ [ [ 69.1815133, 41.4791009 ], [ 69.1812798, 41.4791499 ], [ 69.1812892, 41.4799546 ], [ 69.1813918, 41.4799566 ], [ 69.182382, 41.4799756 ], [ 69.1823259, 41.4793808 ], [ 69.1820964, 41.4789786 ], [ 69.1815133, 41.4791009 ] ] ] } },
{ "type": "Feature", "properties": { "osm_id": "w1307786177", "kind": "industrial" }, "geometry": { "type": "Polygon", "coordinates": [ [ [ 69.1722964, 41.4809048 ], [ 69.17208, 41.4807824 ], [ 69.1714729, 41.4804391 ], [ 69.1722399, 41.4794834 ], [ 69.1724256, 41.47955 ], [ 69.172805, 41.4791024 ], [ 69.1733863, 41.479423 ], [ 69.1722964, 41.4809048 ] ] ] } },
{ "type": "Feature", "properties": { "osm_id": "w1307801493", "kind": "industrial" }, "geometry": { "type": "Polygon", "coordinates": [ [ [ 69.1739559, 41.4760326 ], [ 69.1740114, 41.4756466 ], [ 69.1743557, 41.4756744 ], [ 69.1743, 41.4760605 ], [ 69.1739559, 41.4760326 ] ] ] } },
{ "type": "Feature", "properties": { "osm_id": "w1307801522", "kind": "industrial" }, "geometry": { "type": "Polygon", "coordinates": [ [ [ 69.1633293, 41.4792199 ], [ 69.163292, 41.4793249 ], [ 69.1639298, 41.4794398 ], [ 69.1639136, 41.4794942 ], [ 69.1633323, 41.4797422 ], [ 69.1632839, 41.479839 ], [ 69.1643011, 41.4801354 ], [ 69.1644142, 41.4800991 ], [ 69.1646322, 41.4797906 ], [ 69.1650923, 41.4798632 ], [ 69.1653345, 41.4796334 ], [ 69.1655377, 41.4793625 ], [ 69.1658109, 41.4789983 ], [ 69.165681, 41.4789742 ], [ 69.1635569, 41.4785608 ], [ 69.1633293, 41.4792199 ] ] ] } },
{ "type": "Feature", "properties": { "osm_id": "w1307966087", "kind": "industrial" }, "geometry": { "type": "Polygon", "coordinates": [ [ [ 69.1747714, 41.4696348 ], [ 69.1739983, 41.4705171 ], [ 69.1735857, 41.4709413 ], [ 69.1729403, 41.4706252 ], [ 69.1728949, 41.4705492 ], [ 69.1732724, 41.4698461 ], [ 69.1738593, 41.4691204 ], [ 69.1747714, 41.4696348 ] ] ] } },
{ "type": "Feature", "properties": { "osm_id": "w1307966102", "kind": "industrial" }, "geometry": { "type": "Polygon", "coordinates": [ [ [ 69.1637195, 41.4734008 ], [ 69.1638956, 41.4731848 ], [ 69.1643198, 41.4728785 ], [ 69.164903, 41.4733117 ], [ 69.1643268, 41.4736658 ], [ 69.164112, 41.4735048 ], [ 69.1640279, 41.4735608 ], [ 69.1637195, 41.4734008 ] ] ] } },
{ "type": "Feature", "properties": { "osm_id": "w1307966103", "kind": "industrial" }, "geometry": { "type": "Polygon", "coordinates": [ [ [ 69.1644762, 41.4738757 ], [ 69.1645507, 41.4739376 ], [ 69.1652961, 41.47348 ], [ 69.1652104, 41.4733898 ], [ 69.1649992, 41.4732464 ], [ 69.164903, 41.4733117 ], [ 69.1643268, 41.4736658 ], [ 69.1642614, 41.4737218 ], [ 69.1644762, 41.4738757 ] ] ] } },
{ "type": "Feature", "properties": { "osm_id": "w1307966105", "kind": "industrial" }, "geometry": { "type": "Polygon", "coordinates": [ [ [ 69.1640301, 41.4743055 ], [ 69.1642253, 41.4741355 ], [ 69.1645507, 41.4739376 ], [ 69.1652961, 41.47348 ], [ 69.1654009, 41.4735398 ], [ 69.1658025, 41.4738547 ], [ 69.1647471, 41.4745615 ], [ 69.1640301, 41.4743055 ] ] ] } },
{ "type": "Feature", "properties": { "osm_id": "w1308109775", "kind": "industrial" }, "geometry": { "type": "Polygon", "coordinates": [ [ [ 69.1598497, 41.4796814 ], [ 69.1600467, 41.4791733 ], [ 69.1621394, 41.4796231 ], [ 69.1623257, 41.4796631 ], [ 69.1621884, 41.4800827 ], [ 69.1621319, 41.4801976 ], [ 69.1618133, 41.4801413 ], [ 69.1598497, 41.4796814 ] ] ] } },
{ "type": "Feature", "properties": { "osm_id": "w1308109781", "kind": "industrial" }, "geometry": { "type": "Polygon", "coordinates": [ [ [ 69.1603549, 41.4766751 ], [ 69.1601681, 41.4766751 ], [ 69.1594396, 41.4768151 ], [ 69.1589913, 41.4767591 ], [ 69.1588512, 41.4766961 ], [ 69.1590847, 41.4761643 ], [ 69.1593836, 41.4762552 ], [ 69.1596077, 41.4762482 ], [ 69.1602709, 41.4763742 ], [ 69.160439, 41.4764652 ], [ 69.1603549, 41.4766751 ] ] ] } },
{ "type": "Feature", "properties": { "osm_id": "w1308109782", "kind": "industrial" }, "geometry": { "type": "Polygon", "coordinates": [ [ [ 69.1588512, 41.4766961 ], [ 69.1582815, 41.4764792 ], [ 69.158132, 41.4763392 ], [ 69.1580293, 41.4761783 ], [ 69.1579209, 41.4758844 ], [ 69.1578985, 41.4755905 ], [ 69.1581227, 41.4754995 ], [ 69.1585336, 41.4760383 ], [ 69.1589726, 41.4761923 ], [ 69.1590847, 41.4761643 ], [ 69.1588512, 41.4766961 ] ] ] } },
{ "type": "Feature", "properties": { "osm_id": "w1308109786", "kind": "industrial" }, "geometry": { "type": "Polygon", "coordinates": [ [ [ 69.1576733, 41.47324 ], [ 69.1578425, 41.4752406 ], [ 69.1585056, 41.4753595 ], [ 69.1588512, 41.4746947 ], [ 69.1587952, 41.473631 ], [ 69.1588979, 41.4734561 ], [ 69.1582721, 41.4732951 ], [ 69.1579732, 41.4732601 ], [ 69.1576733, 41.47324 ] ] ] } },
{ "type": "Feature", "properties": { "osm_id": "w1308449257", "kind": "industrial" }, "geometry": { "type": "Polygon", "coordinates": [ [ [ 69.1598398, 41.4774511 ], [ 69.1581115, 41.477013 ], [ 69.1580599, 41.4771676 ], [ 69.158808, 41.4774511 ], [ 69.1597452, 41.4776315 ], [ 69.1598398, 41.4774511 ] ] ] } },
{ "type": "Feature", "properties": { "osm_id": "w1308449264", "kind": "industrial" }, "geometry": { "type": "Polygon", "coordinates": [ [ [ 69.1537205, 41.4776657 ], [ 69.1533909, 41.4775864 ], [ 69.1530125, 41.4774575 ], [ 69.15266, 41.4773029 ], [ 69.1523934, 41.4771161 ], [ 69.1522215, 41.4769099 ], [ 69.1525138, 41.476736 ], [ 69.1531931, 41.4769228 ], [ 69.1538982, 41.4769164 ], [ 69.1550884, 41.4768695 ], [ 69.1549618, 41.4772666 ], [ 69.1538933, 41.4771235 ], [ 69.1537205, 41.4776657 ] ] ] } },
{ "type": "Feature", "properties": { "osm_id": "w1308449295", "kind": "industrial" }, "geometry": { "type": "Polygon", "coordinates": [ [ [ 69.1539928, 41.4810457 ], [ 69.1538466, 41.4814838 ], [ 69.1535112, 41.4815997 ], [ 69.1533823, 41.4820184 ], [ 69.1528663, 41.4819862 ], [ 69.1524536, 41.4818703 ], [ 69.1518173, 41.4815933 ], [ 69.1512928, 41.4808911 ], [ 69.151267, 41.4804209 ], [ 69.1516453, 41.4790745 ], [ 69.1523332, 41.478791 ], [ 69.152488, 41.4788941 ], [ 69.1528062, 41.4796478 ], [ 69.1531931, 41.4802147 ], [ 69.1536058, 41.4807107 ], [ 69.1539928, 41.4810457 ] ] ] } },
{ "type": "Feature", "properties": { "osm_id": "w1308456245", "kind": "industrial" }, "geometry": { "type": "Polygon", "coordinates": [ [ [ 69.1472967, 41.4707303 ], [ 69.1476923, 41.4707061 ], [ 69.1478295, 41.4715651 ], [ 69.147976, 41.4724696 ], [ 69.1476888, 41.4724893 ], [ 69.1475793, 41.4720672 ], [ 69.1469818, 41.4720551 ], [ 69.1466347, 41.471553 ], [ 69.1468526, 41.4714744 ], [ 69.1471756, 41.4710448 ], [ 69.1472967, 41.4707303 ] ] ] } },
{ "type": "Feature", "properties": { "osm_id": "w1308742259", "kind": "industrial" }, "geometry": { "type": "Polygon", "coordinates": [ [ [ 69.1466823, 41.4606101 ], [ 69.146262, 41.4609391 ], [ 69.1464955, 41.4614151 ], [ 69.1467103, 41.4606941 ], [ 69.1466823, 41.4606101 ] ] ] } },
{ "type": "Feature", "properties": { "osm_id": "w1308744022", "kind": "industrial" }, "geometry": { "type": "Polygon", "coordinates": [ [ [ 69.1534358, 41.472494 ], [ 69.154901, 41.472677 ], [ 69.155167, 41.4727125 ], [ 69.1550983, 41.4721007 ], [ 69.1550818, 41.4719536 ], [ 69.1550386, 41.4715686 ], [ 69.1548682, 41.4713756 ], [ 69.1533555, 41.4718651 ], [ 69.1534358, 41.472494 ] ] ] } },
{ "type": "Feature", "properties": { "osm_id": "w1308753286", "kind": "industrial" }, "geometry": { "type": "Polygon", "coordinates": [ [ [ 69.1572198, 41.4633605 ], [ 69.1573233, 41.463393 ], [ 69.1578793, 41.4635676 ], [ 69.1578365, 41.4640478 ], [ 69.1577136, 41.4640143 ], [ 69.1574413, 41.4645286 ], [ 69.1571331, 41.4644335 ], [ 69.1569296, 41.4643573 ], [ 69.1570253, 41.4637318 ], [ 69.1572198, 41.4633605 ] ] ] } },
{ "type": "Feature", "properties": { "osm_id": "w1308753309", "kind": "industrial" }, "geometry": { "type": "Polygon", "coordinates": [ [ [ 69.1512068, 41.4648062 ], [ 69.1517884, 41.4644908 ], [ 69.1516766, 41.4643169 ], [ 69.1509952, 41.464395 ], [ 69.1512068, 41.4648062 ] ] ] } },
{ "type": "Feature", "properties": { "osm_id": "w1308753310", "kind": "industrial" }, "geometry": { "type": "Polygon", "coordinates": [ [ [ 69.1502035, 41.4647749 ], [ 69.1497638, 41.4650369 ], [ 69.1501934, 41.4654428 ], [ 69.150553, 41.4652573 ], [ 69.1503758, 41.4650965 ], [ 69.1502035, 41.4647749 ] ] ] } },
{ "type": "Feature", "properties": { "osm_id": "w1308753311", "kind": "industrial" }, "geometry": { "type": "Polygon", "coordinates": [ [ [ 69.1497638, 41.4650369 ], [ 69.1501934, 41.4654428 ], [ 69.1494182, 41.4659467 ], [ 69.1490726, 41.4655478 ], [ 69.1492422, 41.4653921 ], [ 69.1494462, 41.4652048 ], [ 69.1488429, 41.4641106 ], [ 69.1488059, 41.4640196 ], [ 69.1492027, 41.4639605 ], [ 69.1497503, 41.4639289 ], [ 69.1502035, 41.4647749 ], [ 69.1497638, 41.4650369 ] ] ] } },
{ "type": "Feature", "properties": { "osm_id": "w1308753312", "kind": "industrial" }, "geometry": { "type": "Polygon", "coordinates": [ [ [ 69.1494182, 41.4659467 ], [ 69.1487177, 41.4663177 ], [ 69.1486056, 41.4659607 ], [ 69.1484375, 41.4655408 ], [ 69.1488205, 41.4654078 ], [ 69.1488672, 41.4654918 ], [ 69.1492422, 41.4653921 ], [ 69.1490726, 41.4655478 ], [ 69.1494182, 41.4659467 ] ] ] } },
{ "type": "Feature", "properties": { "osm_id": "w1308753313", "kind": "industrial" }, "geometry": { "type": "Polygon", "coordinates": [ [ [ 69.1484375, 41.4655408 ], [ 69.1482181, 41.4641751 ], [ 69.1486604, 41.4641321 ], [ 69.1488429, 41.4641106 ], [ 69.1494462, 41.4652048 ], [ 69.1492422, 41.4653921 ], [ 69.1488672, 41.4654918 ], [ 69.1488205, 41.4654078 ], [ 69.1484375, 41.4655408 ] ] ] } },
{ "type": "Feature", "properties": { "osm_id": "w1308753319", "kind": "industrial" }, "geometry": { "type": "Polygon", "coordinates": [ [ [ 69.1518566, 41.4617407 ], [ 69.1521922, 41.4618242 ], [ 69.1521455, 41.4619012 ], [ 69.1522296, 41.4619152 ], [ 69.1521175, 41.4621182 ], [ 69.1519961, 41.4622512 ], [ 69.1518935, 41.4622327 ], [ 69.1515918, 41.4621583 ], [ 69.1518566, 41.4617407 ] ] ] } },
{ "type": "Feature", "properties": { "osm_id": "w1308753320", "kind": "industrial" }, "geometry": { "type": "Polygon", "coordinates": [ [ [ 69.152379, 41.4619922 ], [ 69.1518653, 41.4625802 ], [ 69.1519494, 41.4625662 ], [ 69.1522856, 41.4623912 ], [ 69.1525191, 41.4621742 ], [ 69.1527433, 41.4620622 ], [ 69.152379, 41.4619922 ] ] ] } },
{ "type": "Feature", "properties": { "osm_id": "w1308753321", "kind": "industrial" }, "geometry": { "type": "Polygon", "coordinates": [ [ [ 69.1516615, 41.4627038 ], [ 69.1519213, 41.4626852 ], [ 69.1523883, 41.4624472 ], [ 69.1525751, 41.4622932 ], [ 69.1530235, 41.4620482 ], [ 69.1532476, 41.4620902 ], [ 69.1533223, 41.4622022 ], [ 69.1531169, 41.4622582 ], [ 69.1534531, 41.4626852 ], [ 69.1532211, 41.4627707 ], [ 69.1529775, 41.4625007 ], [ 69.1528806, 41.4626119 ], [ 69.1518367, 41.4627838 ], [ 69.1516615, 41.4627038 ] ] ] } },
{ "type": "Feature", "properties": { "osm_id": "w1308753333", "kind": "industrial" }, "geometry": { "type": "Polygon", "coordinates": [ [ [ 69.1480676, 41.4610676 ], [ 69.1480266, 41.4608163 ], [ 69.147765, 41.4606973 ], [ 69.147681, 41.4609563 ], [ 69.147672, 41.461095 ], [ 69.1476716, 41.4624472 ], [ 69.1473144, 41.4624437 ], [ 69.1475175, 41.463826 ], [ 69.1477363, 41.4638182 ], [ 69.147681, 41.4634971 ], [ 69.1479705, 41.4634831 ], [ 69.147915, 41.46324 ], [ 69.148065, 41.4632349 ], [ 69.1479874, 41.4626044 ], [ 69.1478445, 41.4616968 ], [ 69.1479709, 41.4616757 ], [ 69.1480374, 41.4612574 ], [ 69.1480676, 41.4610676 ] ] ] } },
{ "type": "Feature", "properties": { "osm_id": "w1309337039", "kind": "industrial" }, "geometry": { "type": "Polygon", "coordinates": [ [ [ 69.157812, 41.4629853 ], [ 69.1580585, 41.463043 ], [ 69.1581317, 41.4629212 ], [ 69.1583756, 41.4629882 ], [ 69.1584708, 41.4628058 ], [ 69.1586431, 41.4624754 ], [ 69.1585436, 41.4624497 ], [ 69.1584025, 41.4625507 ], [ 69.1579107, 41.4627974 ], [ 69.157812, 41.4629853 ] ] ] } },
{ "type": "Feature", "properties": { "osm_id": "w1309337040", "kind": "industrial" }, "geometry": { "type": "Polygon", "coordinates": [ [ [ 69.157375, 41.4614069 ], [ 69.1576044, 41.4612466 ], [ 69.1578363, 41.4614435 ], [ 69.1577127, 41.4615152 ], [ 69.1575721, 41.4615921 ], [ 69.157375, 41.4614069 ] ] ] } },
{ "type": "Feature", "properties": { "osm_id": "w1309337043", "kind": "industrial" }, "geometry": { "type": "Polygon", "coordinates": [ [ [ 69.1584708, 41.4628058 ], [ 69.1588309, 41.4629395 ], [ 69.1592863, 41.4622509 ], [ 69.158827, 41.4618819 ], [ 69.1584094, 41.4621493 ], [ 69.1587458, 41.4623611 ], [ 69.1586431, 41.4624754 ], [ 69.1584708, 41.4628058 ] ] ] } },
{ "type": "Feature", "properties": { "osm_id": "w1309337044", "kind": "industrial" }, "geometry": { "type": "Polygon", "coordinates": [ [ [ 69.1588309, 41.4629395 ], [ 69.1587659, 41.4630735 ], [ 69.1593188, 41.4632198 ], [ 69.1595883, 41.4628137 ], [ 69.1598261, 41.4624718 ], [ 69.1592863, 41.4622509 ], [ 69.1588309, 41.4629395 ] ] ] } },
{ "type": "Feature", "properties": { "osm_id": "w1309337045", "kind": "industrial" }, "geometry": { "type": "Polygon", "coordinates": [ [ [ 69.1595883, 41.4628137 ], [ 69.1593188, 41.4632198 ], [ 69.1597497, 41.4633782 ], [ 69.1598258, 41.463284 ], [ 69.1600291, 41.4629719 ], [ 69.1595883, 41.4628137 ] ] ] } },
{ "type": "Feature", "properties": { "osm_id": "w1309357267", "kind": "industrial" }, "geometry": { "type": "Polygon", "coordinates": [ [ [ 69.1613351, 41.4638988 ], [ 69.1616702, 41.4640127 ], [ 69.162036, 41.4634339 ], [ 69.1616678, 41.4633023 ], [ 69.1613351, 41.4638988 ] ] ] } },
{ "type": "Feature", "properties": { "osm_id": "w1309357268", "kind": "industrial" }, "geometry": { "type": "Polygon", "coordinates": [ [ [ 69.1616702, 41.4640127 ], [ 69.1621336, 41.464165 ], [ 69.1624832, 41.4635923 ], [ 69.162036, 41.4634339 ], [ 69.1616702, 41.4640127 ] ] ] } },
{ "type": "Feature", "properties": { "osm_id": "w1309357269", "kind": "industrial" }, "geometry": { "type": "Polygon", "coordinates": [ [ [ 69.1621336, 41.464165 ], [ 69.1624751, 41.4642382 ], [ 69.1628166, 41.463702 ], [ 69.1624832, 41.4635923 ], [ 69.1621336, 41.464165 ] ] ] } },
{ "type": "Feature", "properties": { "osm_id": "w1309357270", "kind": "industrial" }, "geometry": { "type": "Polygon", "coordinates": [ [ [ 69.1628166, 41.463702 ], [ 69.1624751, 41.4642382 ], [ 69.1628573, 41.4643235 ], [ 69.1631419, 41.4638177 ], [ 69.1628166, 41.463702 ] ] ] } },
{ "type": "Feature", "properties": { "osm_id": "w1310254399", "kind": "industrial" }, "geometry": { "type": "Polygon", "coordinates": [ [ [ 69.1785208, 41.4713868 ], [ 69.1793521, 41.4718977 ], [ 69.1796883, 41.4715757 ], [ 69.1793334, 41.4713798 ], [ 69.1797817, 41.4709669 ], [ 69.1799872, 41.4711558 ], [ 69.1802861, 41.4712958 ], [ 69.180613, 41.4712468 ], [ 69.1803141, 41.470351 ], [ 69.180202, 41.470295 ], [ 69.1797724, 41.470316 ], [ 69.1796552, 41.4702791 ], [ 69.1785208, 41.4713868 ] ] ] } },
{ "type": "Feature", "properties": { "osm_id": "w1310254400", "kind": "industrial" }, "geometry": { "type": "Polygon", "coordinates": [ [ [ 69.1793521, 41.4718977 ], [ 69.1795632, 41.4720347 ], [ 69.1805542, 41.4726778 ], [ 69.1808975, 41.4723723 ], [ 69.1809498, 41.4724153 ], [ 69.1810155, 41.4723603 ], [ 69.1809399, 41.4722756 ], [ 69.180613, 41.4712468 ], [ 69.1802861, 41.4712958 ], [ 69.1799872, 41.4711558 ], [ 69.1797817, 41.4709669 ], [ 69.1793334, 41.4713798 ], [ 69.1796883, 41.4715757 ], [ 69.1793521, 41.4718977 ] ] ] } },
{ "type": "Feature", "properties": { "osm_id": "w1310254407", "kind": "industrial" }, "geometry": { "type": "Polygon", "coordinates": [ [ [ 69.1839764, 41.4731481 ], [ 69.1849467, 41.4731153 ], [ 69.1850121, 41.4733953 ], [ 69.1845011, 41.4734764 ], [ 69.1845021, 41.4734254 ], [ 69.1843626, 41.4733812 ], [ 69.1839764, 41.4731481 ] ] ] } },
{ "type": "Feature", "properties": { "osm_id": "w1310872035", "kind": "industrial" }, "geometry": { "type": "Polygon", "coordinates": [ [ [ 69.1900887, 41.2288594 ], [ 69.1874347, 41.228317 ], [ 69.1878971, 41.2271083 ], [ 69.1888684, 41.2272017 ], [ 69.1890081, 41.2266445 ], [ 69.1892011, 41.2265705 ], [ 69.1892376, 41.2265612 ], [ 69.1892403, 41.2265608 ], [ 69.1892763, 41.2265554 ], [ 69.1893132, 41.2265551 ], [ 69.1893485, 41.2265616 ], [ 69.1897436, 41.2266392 ], [ 69.190021, 41.2266787 ], [ 69.1902984, 41.2267108 ], [ 69.1906026, 41.2267207 ], [ 69.1909553, 41.2268066 ], [ 69.1909288, 41.2268981 ], [ 69.1915876, 41.2270782 ], [ 69.19153, 41.227302 ], [ 69.1900887, 41.2288594 ] ] ] } },
{ "type": "Feature", "properties": { "osm_id": "w1311776339", "kind": "industrial" }, "geometry": { "type": "Polygon", "coordinates": [ [ [ 69.1683277, 41.4550211 ], [ 69.1682525, 41.4550562 ], [ 69.167991, 41.4550282 ], [ 69.1678509, 41.4547972 ], [ 69.1677201, 41.4545452 ], [ 69.1675707, 41.4544682 ], [ 69.1672251, 41.4544332 ], [ 69.167524, 41.4541671 ], [ 69.16758, 41.4540481 ], [ 69.1680718, 41.4544074 ], [ 69.1678722, 41.454514 ], [ 69.1683277, 41.4550211 ] ] ] } },
{ "type": "Feature", "properties": { "osm_id": "w1311776340", "kind": "industrial" }, "geometry": { "type": "Polygon", "coordinates": [ [ [ 69.1680718, 41.4544074 ], [ 69.16758, 41.4540481 ], [ 69.1674586, 41.4535091 ], [ 69.1678789, 41.4534741 ], [ 69.1684176, 41.4537954 ], [ 69.1686818, 41.453953 ], [ 69.1686107, 41.4541195 ], [ 69.1680718, 41.4544074 ] ] ] } },
{ "type": "Feature", "properties": { "osm_id": "w1311776341", "kind": "industrial" }, "geometry": { "type": "Polygon", "coordinates": [ [ [ 69.1674586, 41.4535091 ], [ 69.1674119, 41.4533271 ], [ 69.1674119, 41.4532151 ], [ 69.1674866, 41.4531171 ], [ 69.1676547, 41.4529771 ], [ 69.1686541, 41.4535441 ], [ 69.1684176, 41.4537954 ], [ 69.1678789, 41.4534741 ], [ 69.1674586, 41.4535091 ] ] ] } },
{ "type": "Feature", "properties": { "osm_id": "w1311776342", "kind": "industrial" }, "geometry": { "type": "Polygon", "coordinates": [ [ [ 69.1686541, 41.4535441 ], [ 69.1689997, 41.4532221 ], [ 69.1687891, 41.4531011 ], [ 69.1680003, 41.4526481 ], [ 69.1676547, 41.4529771 ], [ 69.1686541, 41.4535441 ] ] ] } },
{ "type": "Feature", "properties": { "osm_id": "w1311776343", "kind": "industrial" }, "geometry": { "type": "Polygon", "coordinates": [ [ [ 69.1687891, 41.4531011 ], [ 69.1689333, 41.4529641 ], [ 69.1686667, 41.4528251 ], [ 69.1690073, 41.4524934 ], [ 69.168486, 41.4522211 ], [ 69.1680003, 41.4526481 ], [ 69.1687891, 41.4531011 ] ] ] } },
{ "type": "Feature", "properties": { "osm_id": "w1311776346", "kind": "industrial" }, "geometry": { "type": "Polygon", "coordinates": [ [ [ 69.1697624, 41.453704 ], [ 69.169971, 41.4534601 ], [ 69.169971, 41.4533621 ], [ 69.1695601, 41.4533271 ], [ 69.1695601, 41.4532011 ], [ 69.1693266, 41.4530331 ], [ 69.1695414, 41.4527601 ], [ 69.1690636, 41.4525296 ], [ 69.1689617, 41.4526301 ], [ 69.1691726, 41.4527158 ], [ 69.1689333, 41.4529641 ], [ 69.1687891, 41.4531011 ], [ 69.1689997, 41.4532221 ], [ 69.1695748, 41.4535624 ], [ 69.1697624, 41.453704 ] ] ] } },
{ "type": "Feature", "properties": { "osm_id": "w1311776350", "kind": "industrial" }, "geometry": { "type": "Polygon", "coordinates": [ [ [ 69.1683277, 41.4550211 ], [ 69.1684953, 41.4551612 ], [ 69.168486, 41.4553012 ], [ 69.1686354, 41.4553922 ], [ 69.1691865, 41.4550632 ], [ 69.1691024, 41.4549932 ], [ 69.1690346, 41.4549196 ], [ 69.1688772, 41.4547391 ], [ 69.1683277, 41.4550211 ] ] ] } },
{ "type": "Feature", "properties": { "osm_id": "w1312274347", "kind": "industrial" }, "geometry": { "type": "Polygon", "coordinates": [ [ [ 69.1952462, 41.471534 ], [ 69.1952542, 41.4718546 ], [ 69.1961262, 41.4719695 ], [ 69.1961827, 41.4717881 ], [ 69.1960535, 41.4717457 ], [ 69.1956176, 41.4712073 ], [ 69.1952462, 41.471534 ] ] ] } },
{ "type": "Feature", "properties": { "osm_id": "w1312274349", "kind": "industrial" }, "geometry": { "type": "Polygon", "coordinates": [ [ [ 69.1975875, 41.471655 ], [ 69.197426, 41.4715642 ], [ 69.1968366, 41.4718607 ], [ 69.1965541, 41.4722781 ], [ 69.1977651, 41.4729011 ], [ 69.1985967, 41.4722539 ], [ 69.1975875, 41.471655 ] ] ] } },
{ "type": "Feature", "properties": { "osm_id": "w1312398181", "kind": "industrial" }, "geometry": { "type": "Polygon", "coordinates": [ [ [ 69.2032112, 41.4587338 ], [ 69.2033606, 41.4588302 ], [ 69.2044586, 41.459169 ], [ 69.2048058, 41.4591932 ], [ 69.2049188, 41.4591267 ], [ 69.2050641, 41.4591206 ], [ 69.2052498, 41.4590177 ], [ 69.2052659, 41.458927 ], [ 69.2048145, 41.458822 ], [ 69.2047932, 41.4588984 ], [ 69.204578, 41.4589787 ], [ 69.2038826, 41.4587867 ], [ 69.2038492, 41.4588487 ], [ 69.2032739, 41.4586702 ], [ 69.2032112, 41.4587338 ] ] ] } },
{ "type": "Feature", "properties": { "osm_id": "w1312398184", "kind": "industrial" }, "geometry": { "type": "Polygon", "coordinates": [ [ [ 69.2051324, 41.4576853 ], [ 69.2052455, 41.4573559 ], [ 69.203369, 41.4567585 ], [ 69.2032725, 41.4569504 ], [ 69.2033815, 41.4569885 ], [ 69.2041973, 41.4572479 ], [ 69.2041236, 41.4574021 ], [ 69.2051324, 41.4576853 ] ] ] } },
{ "type": "Feature", "properties": { "osm_id": "w1312398185", "kind": "industrial" }, "geometry": { "type": "Polygon", "coordinates": [ [ [ 69.2052659, 41.458927 ], [ 69.2054546, 41.4586002 ], [ 69.2060305, 41.4576023 ], [ 69.2056583, 41.4574937 ], [ 69.2054355, 41.4578923 ], [ 69.20509, 41.4578369 ], [ 69.2048145, 41.458822 ], [ 69.2052659, 41.458927 ] ] ] } },
{ "type": "Feature", "properties": { "osm_id": "w1312419527", "kind": "industrial" }, "geometry": { "type": "Polygon", "coordinates": [ [ [ 69.2038244, 41.4754748 ], [ 69.203897, 41.4751119 ], [ 69.2042442, 41.4750877 ], [ 69.2044622, 41.4750332 ], [ 69.2048416, 41.4749062 ], [ 69.2049385, 41.4749486 ], [ 69.2050031, 41.4750937 ], [ 69.2050516, 41.4755051 ], [ 69.2050031, 41.4756805 ], [ 69.2038244, 41.4754748 ] ] ] } },
{ "type": "Feature", "properties": { "osm_id": "w1312467104", "kind": "cemetery" }, "geometry": { "type": "Polygon", "coordinates": [ [ [ 69.2333825, 41.4753881 ], [ 69.2327447, 41.4753155 ], [ 69.2328658, 41.4748921 ], [ 69.2335116, 41.4749949 ], [ 69.2333825, 41.4753881 ] ] ] } },
{ "type": "Feature", "properties": { "osm_id": "w1312467112", "kind": "cemetery" }, "geometry": { "type": "Polygon", "coordinates": [ [ [ 69.2363697, 41.4717283 ], [ 69.2355946, 41.4711597 ], [ 69.2361678, 41.4704277 ], [ 69.2369025, 41.4708451 ], [ 69.2363697, 41.4717283 ] ] ] } },
{ "type": "Feature", "properties": { "osm_id": "w1312467133", "kind": "industrial" }, "geometry": { "type": "Polygon", "coordinates": [ [ [ 69.2404467, 41.4719793 ], [ 69.2403741, 41.4729382 ], [ 69.2418131, 41.4730999 ], [ 69.2418185, 41.4731341 ], [ 69.2419633, 41.4731702 ], [ 69.2422503, 41.473116 ], [ 69.2422128, 41.4721031 ], [ 69.2404467, 41.4719793 ] ] ] } },
{ "type": "Feature", "properties": { "osm_id": "w1312467139", "kind": "industrial" }, "geometry": { "type": "Polygon", "coordinates": [ [ [ 69.239704, 41.4716739 ], [ 69.2397075, 41.4718253 ], [ 69.2417177, 41.4719802 ], [ 69.2417254, 41.4715993 ], [ 69.2417028, 41.4715381 ], [ 69.2416567, 41.4714885 ], [ 69.2412968, 41.4712356 ], [ 69.2409773, 41.4709578 ], [ 69.2408559, 41.4709198 ], [ 69.2405559, 41.4708651 ], [ 69.2404408, 41.4708361 ], [ 69.2401876, 41.4707932 ], [ 69.2398637, 41.4707572 ], [ 69.2397767, 41.4712504 ], [ 69.239704, 41.4716739 ] ] ] } },
{ "type": "Feature", "properties": { "osm_id": "w1312469136", "kind": "industrial" }, "geometry": { "type": "Polygon", "coordinates": [ [ [ 69.2474223, 41.4697986 ], [ 69.2476483, 41.4693933 ], [ 69.2486091, 41.469363 ], [ 69.248496, 41.469853 ], [ 69.2474223, 41.4697986 ] ] ] } },
{ "type": "Feature", "properties": { "osm_id": "w1312624645", "kind": "cemetery" }, "geometry": { "type": "Polygon", "coordinates": [ [ [ 69.2539954, 41.4658953 ], [ 69.2535191, 41.4646309 ], [ 69.252082, 41.4649878 ], [ 69.2522435, 41.4652964 ], [ 69.2533334, 41.4651028 ], [ 69.2533253, 41.4651633 ], [ 69.251864, 41.4656291 ], [ 69.251969, 41.4659195 ], [ 69.2539954, 41.4658953 ] ] ] } },
{ "type": "Feature", "properties": { "osm_id": "w1312660831", "kind": "industrial" }, "geometry": { "type": "Polygon", "coordinates": [ [ [ 69.2648385, 41.4699232 ], [ 69.2640716, 41.4702075 ], [ 69.2645479, 41.4710545 ], [ 69.264782, 41.4709758 ], [ 69.2651534, 41.471611 ], [ 69.2655086, 41.471484 ], [ 69.2654844, 41.4713993 ], [ 69.2657266, 41.4713267 ], [ 69.2648385, 41.4699232 ] ] ] } },
{ "type": "Feature", "properties": { "osm_id": "w1313172614", "kind": "cemetery" }, "geometry": { "type": "Polygon", "coordinates": [ [ [ 69.2720024, 41.4568491 ], [ 69.271869, 41.4572082 ], [ 69.2717502, 41.4575281 ], [ 69.2718903, 41.4576751 ], [ 69.2720771, 41.4577311 ], [ 69.2723387, 41.4576821 ], [ 69.2732353, 41.4578851 ], [ 69.2731886, 41.4572901 ], [ 69.273282, 41.4571221 ], [ 69.2724601, 41.4567021 ], [ 69.272376, 41.4568841 ], [ 69.2720024, 41.4568491 ] ] ] } },
{ "type": "Feature", "properties": { "osm_id": "w1313172643", "kind": "industrial" }, "geometry": { "type": "Polygon", "coordinates": [ [ [ 69.2844059, 41.4542801 ], [ 69.2843499, 41.4540701 ], [ 69.2844153, 41.4539791 ], [ 69.2848729, 41.4538741 ], [ 69.2849944, 41.4541821 ], [ 69.2844059, 41.4542801 ] ] ] } },
{ "type": "Feature", "properties": { "osm_id": "w1313485900", "kind": "cemetery" }, "geometry": { "type": "Polygon", "coordinates": [ [ [ 69.2655894, 41.4536238 ], [ 69.2657661, 41.4534916 ], [ 69.2664946, 41.4531555 ], [ 69.2665319, 41.4530085 ], [ 69.2665413, 41.4527915 ], [ 69.2658781, 41.4525955 ], [ 69.2655651, 41.4525589 ], [ 69.2655894, 41.4536238 ] ] ] } },
{ "type": "Feature", "properties": { "osm_id": "w1313500293", "kind": "industrial" }, "geometry": { "type": "Polygon", "coordinates": [ [ [ 69.3084397, 41.4564284 ], [ 69.3076458, 41.4557004 ], [ 69.306637, 41.4563094 ], [ 69.3065717, 41.4562604 ], [ 69.3063662, 41.4564004 ], [ 69.3071227, 41.4571704 ], [ 69.3084397, 41.4564284 ] ] ] } },
{ "type": "Feature", "properties": { "osm_id": "w1313507153", "kind": "military" }, "geometry": { "type": "Polygon", "coordinates": [ [ [ 69.3147263, 41.442263 ], [ 69.3148534, 41.4420935 ], [ 69.3164125, 41.4427182 ], [ 69.3166178, 41.4428005 ], [ 69.3167398, 41.4428919 ], [ 69.3169431, 41.4432577 ], [ 69.3169512, 41.4434344 ], [ 69.3169105, 41.4437818 ], [ 69.3165907, 41.4438559 ], [ 69.3165046, 41.4437126 ], [ 69.3164313, 41.4436019 ], [ 69.3163977, 41.443603 ], [ 69.3160443, 41.4436971 ], [ 69.3158398, 41.4437474 ], [ 69.3157297, 41.4433261 ], [ 69.3156769, 41.443124 ], [ 69.3147263, 41.442263 ] ] ] } },
{ "type": "Feature", "properties": { "osm_id": "w1313507236", "kind": "cemetery" }, "geometry": { "type": "Polygon", "coordinates": [ [ [ 69.3222151, 41.4498679 ], [ 69.3215146, 41.4497909 ], [ 69.3211036, 41.4496929 ], [ 69.3206926, 41.4495109 ], [ 69.3204218, 41.4492589 ], [ 69.3194878, 41.4485308 ], [ 69.3194317, 41.4474807 ], [ 69.3193383, 41.4470116 ], [ 69.3191982, 41.4467596 ], [ 69.3195999, 41.4465915 ], [ 69.3200015, 41.4469486 ], [ 69.3200949, 41.4474877 ], [ 69.320291, 41.4476067 ], [ 69.3209635, 41.4476837 ], [ 69.3214025, 41.4478937 ], [ 69.321608, 41.4481457 ], [ 69.3217574, 41.4482228 ], [ 69.322159, 41.4482438 ], [ 69.3223271, 41.4483838 ], [ 69.3223271, 41.4486218 ], [ 69.322159, 41.4488668 ], [ 69.3220936, 41.4492659 ], [ 69.3222151, 41.4495039 ], [ 69.3222151, 41.4498679 ] ] ] } },
{ "type": "Feature", "properties": { "osm_id": "w1314378206", "kind": "cemetery" }, "geometry": { "type": "Polygon", "coordinates": [ [ [ 69.3025472, 41.4605615 ], [ 69.3022297, 41.4605755 ], [ 69.3020055, 41.4606455 ], [ 69.3016039, 41.4612125 ], [ 69.3013237, 41.4613945 ], [ 69.3005765, 41.4616115 ], [ 69.3004831, 41.4616814 ], [ 69.300287, 41.4619614 ], [ 69.3005298, 41.4620034 ], [ 69.3007353, 41.4619754 ], [ 69.3009781, 41.4619894 ], [ 69.3013797, 41.4619194 ], [ 69.3016506, 41.4617514 ], [ 69.3025192, 41.4610725 ], [ 69.3025472, 41.4605615 ] ] ] } },
{ "type": "Feature", "properties": { "osm_id": "w1314857812", "kind": "cemetery" }, "geometry": { "type": "Polygon", "coordinates": [ [ [ 69.3538565, 41.4673544 ], [ 69.3534176, 41.4675713 ], [ 69.3534362, 41.4679213 ], [ 69.353539, 41.4679703 ], [ 69.354006, 41.4680123 ], [ 69.3543889, 41.4679773 ], [ 69.3544823, 41.4677953 ], [ 69.3544356, 41.4676483 ], [ 69.3542208, 41.4675993 ], [ 69.3538565, 41.4673544 ] ] ] } },
{ "type": "Feature", "properties": { "osm_id": "w1314862008", "kind": "cemetery" }, "geometry": { "type": "Polygon", "coordinates": [ [ [ 69.3532518, 41.4752318 ], [ 69.3534652, 41.4746209 ], [ 69.3543819, 41.474777 ], [ 69.3546995, 41.4748539 ], [ 69.3546435, 41.4754488 ], [ 69.3541578, 41.4753578 ], [ 69.3541204, 41.4754348 ], [ 69.3532518, 41.4752318 ] ] ] } },
{ "type": "Feature", "properties": { "osm_id": "w1315091682", "kind": "cemetery" }, "geometry": { "type": "Polygon", "coordinates": [ [ [ 69.3575754, 41.4812507 ], [ 69.3571271, 41.4805649 ], [ 69.3571738, 41.480425 ], [ 69.3567348, 41.4799772 ], [ 69.3562865, 41.4797322 ], [ 69.3563612, 41.4800891 ], [ 69.3565947, 41.4801801 ], [ 69.3566414, 41.4802431 ], [ 69.3564453, 41.480418 ], [ 69.3562678, 41.480327 ], [ 69.3561931, 41.4805369 ], [ 69.3557915, 41.48046 ], [ 69.3553899, 41.4809358 ], [ 69.3549976, 41.4816005 ], [ 69.3548575, 41.4822093 ], [ 69.3566881, 41.4820553 ], [ 69.3566881, 41.4823002 ], [ 69.3574633, 41.4822373 ], [ 69.357398, 41.4813066 ], [ 69.3575754, 41.4812507 ] ] ] } },
{ "type": "Feature", "properties": { "osm_id": "w1315091690", "kind": "industrial" }, "geometry": { "type": "Polygon", "coordinates": [ [ [ 69.3562865, 41.4797322 ], [ 69.3562491, 41.4796553 ], [ 69.3555393, 41.4792004 ], [ 69.3560437, 41.4787946 ], [ 69.3566694, 41.4792214 ], [ 69.3572952, 41.4796483 ], [ 69.3567348, 41.4799772 ], [ 69.3562865, 41.4797322 ] ] ] } },
{ "type": "Feature", "properties": { "osm_id": "w1316116524", "kind": "industrial" }, "geometry": { "type": "Polygon", "coordinates": [ [ [ 69.3867057, 41.4743804 ], [ 69.3848751, 41.4748982 ], [ 69.3846416, 41.4750802 ], [ 69.3846602, 41.4754651 ], [ 69.3857624, 41.4762418 ], [ 69.3870326, 41.4761439 ], [ 69.3867057, 41.4743804 ] ] ] } },
{ "type": "Feature", "properties": { "osm_id": "w1316116525", "kind": "industrial" }, "geometry": { "type": "Polygon", "coordinates": [ [ [ 69.3867057, 41.4743804 ], [ 69.3866964, 41.4743244 ], [ 69.3911336, 41.473222 ], [ 69.3920482, 41.4729948 ], [ 69.3921603, 41.4730578 ], [ 69.3925186, 41.4743575 ], [ 69.3926472, 41.4758639 ], [ 69.3926646, 41.4760389 ], [ 69.3922256, 41.4772495 ], [ 69.3922256, 41.4780612 ], [ 69.391824, 41.4780472 ], [ 69.3913103, 41.4779213 ], [ 69.3900401, 41.4779843 ], [ 69.3897879, 41.4777953 ], [ 69.3872661, 41.4773265 ], [ 69.3870326, 41.4761439 ], [ 69.3867057, 41.4743804 ] ] ] } },
{ "type": "Feature", "properties": { "osm_id": "w1316183513", "kind": "industrial" }, "geometry": { "type": "Polygon", "coordinates": [ [ [ 69.2039328, 41.1836487 ], [ 69.2038816, 41.1842905 ], [ 69.205088, 41.184345 ], [ 69.2051393, 41.1837033 ], [ 69.2039328, 41.1836487 ] ] ] } },
{ "type": "Feature", "properties": { "osm_id": "w1316183514", "kind": "industrial" }, "geometry": { "type": "Polygon", "coordinates": [ [ [ 69.2029998, 41.1834825 ], [ 69.2029109, 41.1834781 ], [ 69.2030516, 41.1818975 ], [ 69.2049451, 41.1819956 ], [ 69.2050937, 41.1819817 ], [ 69.205204, 41.1821385 ], [ 69.2050616, 41.1835833 ], [ 69.2030932, 41.183487 ], [ 69.2029998, 41.1834825 ] ] ] } },
{ "type": "Feature", "properties": { "osm_id": "w1316183516", "kind": "industrial" }, "geometry": { "type": "Polygon", "coordinates": [ [ [ 69.1986738, 41.1858261 ], [ 69.1977897, 41.1867241 ], [ 69.1963938, 41.1867923 ], [ 69.1956359, 41.1864048 ], [ 69.1964003, 41.18552 ], [ 69.1968505, 41.1857857 ], [ 69.1973315, 41.1851801 ], [ 69.1986738, 41.1858261 ] ] ] } },
{ "type": "Feature", "properties": { "osm_id": "w1316216048", "kind": "industrial" }, "geometry": { "type": "Polygon", "coordinates": [ [ [ 69.197731, 41.172288 ], [ 69.1974681, 41.1719356 ], [ 69.1953335, 41.1690745 ], [ 69.2002883, 41.1670064 ], [ 69.2012918, 41.1686274 ], [ 69.2013393, 41.1687425 ], [ 69.2017312, 41.1697054 ], [ 69.2017814, 41.1698964 ], [ 69.2020452, 41.1712798 ], [ 69.2020523, 41.1714011 ], [ 69.1978359, 41.1723582 ], [ 69.197731, 41.172288 ] ] ] } },
{ "type": "Feature", "properties": { "osm_id": "w1316344604", "kind": "industrial" }, "geometry": { "type": "Polygon", "coordinates": [ [ [ 69.3956974, 41.4772786 ], [ 69.395733, 41.4770869 ], [ 69.3962141, 41.4771371 ], [ 69.3961785, 41.4773288 ], [ 69.3956974, 41.4772786 ] ] ] } },
{ "type": "Feature", "properties": { "osm_id": "w1316344618", "kind": "cemetery" }, "geometry": { "type": "Polygon", "coordinates": [ [ [ 69.4171806, 41.4648472 ], [ 69.4168537, 41.4644132 ], [ 69.417274, 41.4638463 ], [ 69.4183574, 41.4641333 ], [ 69.4179838, 41.4648682 ], [ 69.4171806, 41.4648472 ] ] ] } },
{ "type": "Feature", "properties": { "osm_id": "w1316633789", "kind": "military" }, "geometry": { "type": "Polygon", "coordinates": [ [ [ 69.4233164, 41.4669953 ], [ 69.4203947, 41.4669473 ], [ 69.4203947, 41.4670159 ], [ 69.42001, 41.4670091 ], [ 69.42001, 41.4665492 ], [ 69.420239, 41.4663777 ], [ 69.4202482, 41.46611 ], [ 69.4232706, 41.4661924 ], [ 69.4232706, 41.4663914 ], [ 69.4233622, 41.466412 ], [ 69.4233164, 41.4669953 ] ] ] } },
{ "type": "Feature", "properties": { "osm_id": "w1316633799", "kind": "industrial" }, "geometry": { "type": "Polygon", "coordinates": [ [ [ 69.4280969, 41.4717863 ], [ 69.4278879, 41.4714634 ], [ 69.4282213, 41.4713422 ], [ 69.4284304, 41.4716651 ], [ 69.4280969, 41.4717863 ] ] ] } },
{ "type": "Feature", "properties": { "osm_id": "w1316639327", "kind": "industrial" }, "geometry": { "type": "Polygon", "coordinates": [ [ [ 69.4372286, 41.4646138 ], [ 69.4372377, 41.4650737 ], [ 69.4381444, 41.4650462 ], [ 69.4381628, 41.4646207 ], [ 69.4378056, 41.4646001 ], [ 69.4377506, 41.4645589 ], [ 69.4372469, 41.4645589 ], [ 69.4372286, 41.4646138 ] ] ] } },
{ "type": "Feature", "properties": { "osm_id": "w1316639328", "kind": "industrial" }, "geometry": { "type": "Polygon", "coordinates": [ [ [ 69.4364775, 41.4636049 ], [ 69.4364867, 41.4635294 ], [ 69.4364318, 41.4632755 ], [ 69.4363493, 41.4630764 ], [ 69.4367248, 41.4629048 ], [ 69.4367889, 41.4629941 ], [ 69.4374667, 41.4630147 ], [ 69.437943, 41.4632823 ], [ 69.437943, 41.4637079 ], [ 69.4378239, 41.4637971 ], [ 69.4375125, 41.4638383 ], [ 69.4374392, 41.4636735 ], [ 69.4364775, 41.4636049 ] ] ] } },
{ "type": "Feature", "properties": { "osm_id": "w1320033502", "kind": "industrial" }, "geometry": { "type": "Polygon", "coordinates": [ [ [ 69.4052086, 41.2709877 ], [ 69.4049705, 41.2713589 ], [ 69.4057665, 41.271793 ], [ 69.4058636, 41.271846 ], [ 69.4062399, 41.2720512 ], [ 69.407615, 41.2728779 ], [ 69.4085739, 41.2733901 ], [ 69.4090412, 41.2730381 ], [ 69.4052086, 41.2709877 ] ] ] } },
{ "type": "Feature", "properties": { "osm_id": "w1320476209", "kind": "cemetery" }, "geometry": { "type": "Polygon", "coordinates": [ [ [ 69.5063592, 41.3487603 ], [ 69.5058946, 41.348349 ], [ 69.5055963, 41.3479082 ], [ 69.5062089, 41.3474864 ], [ 69.5068183, 41.3478557 ], [ 69.5069103, 41.3483984 ], [ 69.5063592, 41.3487603 ] ] ] } },
{ "type": "Feature", "properties": { "osm_id": "w1320952790", "kind": "cemetery" }, "geometry": { "type": "Polygon", "coordinates": [ [ [ 69.3118313, 41.4784536 ], [ 69.311262, 41.4785875 ], [ 69.3108798, 41.4788401 ], [ 69.3106559, 41.4789175 ], [ 69.3106002, 41.4790156 ], [ 69.3106098, 41.4791135 ], [ 69.3116555, 41.4789717 ], [ 69.3120568, 41.478894 ], [ 69.3118313, 41.4784536 ] ] ] } },
{ "type": "Feature", "properties": { "osm_id": "w1324209287", "kind": "railway" }, "geometry": { "type": "Polygon", "coordinates": [ [ [ 69.3473121, 41.2616524 ], [ 69.3471588, 41.2615857 ], [ 69.3473899, 41.2612419 ], [ 69.3494711, 41.258712 ], [ 69.3506467, 41.2572886 ], [ 69.3510168, 41.2568001 ], [ 69.3513329, 41.2569189 ], [ 69.3482409, 41.2607531 ], [ 69.3483693, 41.2608986 ], [ 69.3479242, 41.2611298 ], [ 69.3476613, 41.2613125 ], [ 69.347409, 41.2615477 ], [ 69.3473121, 41.2616524 ] ] ] } },
{ "type": "Feature", "properties": { "osm_id": "w1329376368", "kind": "industrial" }, "geometry": { "type": "Polygon", "coordinates": [ [ [ 69.143697, 41.47242 ], [ 69.144603, 41.472385 ], [ 69.1450326, 41.472483 ], [ 69.145621, 41.472378 ], [ 69.1461067, 41.4741136 ], [ 69.1460507, 41.4741626 ], [ 69.1453035, 41.4743165 ], [ 69.1455183, 41.4749603 ], [ 69.1451914, 41.4750093 ], [ 69.1449672, 41.4743515 ], [ 69.1448084, 41.4742675 ], [ 69.144248, 41.4744775 ], [ 69.1435738, 41.4746125 ], [ 69.1433234, 41.4742605 ], [ 69.1426229, 41.4744355 ], [ 69.1425482, 41.4742885 ], [ 69.1420251, 41.4744495 ], [ 69.1419597, 41.4740926 ], [ 69.1419866, 41.4737689 ], [ 69.1425668, 41.4735537 ], [ 69.1439211, 41.4730429 ], [ 69.143697, 41.47242 ] ] ] } },
{ "type": "Feature", "properties": { "osm_id": "w1329424557", "kind": "industrial" }, "geometry": { "type": "Polygon", "coordinates": [ [ [ 69.1056712, 41.4305822 ], [ 69.105281, 41.4311126 ], [ 69.1047729, 41.4309121 ], [ 69.104663, 41.4308687 ], [ 69.105224, 41.4304115 ], [ 69.1056712, 41.4305822 ] ] ] } },
{ "type": "Feature", "properties": { "osm_id": "w1329424558", "kind": "industrial" }, "geometry": { "type": "Polygon", "coordinates": [ [ [ 69.105224, 41.4304115 ], [ 69.104411, 41.4300701 ], [ 69.1038289, 41.4307363 ], [ 69.103484, 41.4311309 ], [ 69.1037192, 41.4312399 ], [ 69.1039312, 41.4313381 ], [ 69.1041345, 41.431137 ], [ 69.1042727, 41.4311918 ], [ 69.104663, 41.4308687 ], [ 69.105224, 41.4304115 ] ] ] } },
{ "type": "Feature", "properties": { "osm_id": "w1329424559", "kind": "industrial" }, "geometry": { "type": "Polygon", "coordinates": [ [ [ 69.104411, 41.4300701 ], [ 69.1036873, 41.429747 ], [ 69.1033214, 41.4300579 ], [ 69.103045, 41.4303567 ], [ 69.1038289, 41.4307363 ], [ 69.104411, 41.4300701 ] ] ] } },
{ "type": "Feature", "properties": { "osm_id": "w1329424567", "kind": "industrial" }, "geometry": { "type": "Polygon", "coordinates": [ [ [ 69.10659, 41.4316673 ], [ 69.1061672, 41.4323257 ], [ 69.107704, 41.43285 ], [ 69.1080536, 41.4323318 ], [ 69.1071836, 41.4320514 ], [ 69.1072893, 41.4318441 ], [ 69.10659, 41.4316673 ] ] ] } },
{ "type": "Feature", "properties": { "osm_id": "w1329424592", "kind": "cemetery" }, "geometry": { "type": "Polygon", "coordinates": [ [ [ 69.091995, 41.4296739 ], [ 69.0918812, 41.4291801 ], [ 69.0924666, 41.4291313 ], [ 69.0937676, 41.4291252 ], [ 69.0949953, 41.4291923 ], [ 69.095288, 41.429241 ], [ 69.0961987, 41.4295763 ], [ 69.0962556, 41.4296983 ], [ 69.0962556, 41.429747 ], [ 69.0960686, 41.4298324 ], [ 69.0957596, 41.4297958 ], [ 69.0952393, 41.4299299 ], [ 69.0948815, 41.4299787 ], [ 69.0944912, 41.4300031 ], [ 69.0937432, 41.430064 ], [ 69.0933285, 41.4300092 ], [ 69.0930439, 41.4300153 ], [ 69.0927756, 41.4299482 ], [ 69.0923365, 41.429747 ], [ 69.091995, 41.4296739 ] ] ] } },
{ "type": "Feature", "properties": { "osm_id": "w1329430873", "kind": "cemetery" }, "geometry": { "type": "Polygon", "coordinates": [ [ [ 69.1174872, 41.4399048 ], [ 69.1166746, 41.4395547 ], [ 69.1150774, 41.4389456 ], [ 69.1134056, 41.4383364 ], [ 69.1128825, 41.4388476 ], [ 69.1146571, 41.4402269 ], [ 69.1151241, 41.44064 ], [ 69.11589, 41.440815 ], [ 69.116796, 41.4408571 ], [ 69.1174872, 41.4399048 ] ] ] } },
{ "type": "Feature", "properties": { "osm_id": "w1329430880", "kind": "industrial" }, "geometry": { "type": "Polygon", "coordinates": [ [ [ 69.093913, 41.4356406 ], [ 69.0962013, 41.4374332 ], [ 69.0949404, 41.4378393 ], [ 69.0947443, 41.4380353 ], [ 69.0944641, 41.4383854 ], [ 69.0940712, 41.4383137 ], [ 69.0938651, 41.4384379 ], [ 69.0937145, 41.4384344 ], [ 69.0937869, 41.4382314 ], [ 69.0921011, 41.4376572 ], [ 69.0919423, 41.4375032 ], [ 69.0923346, 41.4373001 ], [ 69.0925681, 41.4370621 ], [ 69.0926615, 41.436852 ], [ 69.0925494, 41.436733 ], [ 69.0925681, 41.4364599 ], [ 69.0924747, 41.4362778 ], [ 69.0928389, 41.4361938 ], [ 69.0932872, 41.4363268 ], [ 69.093913, 41.4356406 ] ] ] } },
{ "type": "Feature", "properties": { "osm_id": "w1329430885", "kind": "industrial" }, "geometry": { "type": "Polygon", "coordinates": [ [ [ 69.0905973, 41.4382594 ], [ 69.0902704, 41.4386165 ], [ 69.0927082, 41.4399538 ], [ 69.0936795, 41.4392537 ], [ 69.0933246, 41.4390646 ], [ 69.093446, 41.4389386 ], [ 69.0922131, 41.4382174 ], [ 69.0918769, 41.4385745 ], [ 69.091494, 41.4386235 ], [ 69.0905973, 41.4382594 ] ] ] } },
{ "type": "Feature", "properties": { "osm_id": "w1329430888", "kind": "industrial" }, "geometry": { "type": "Polygon", "coordinates": [ [ [ 69.0920637, 41.4350244 ], [ 69.0925027, 41.4345903 ], [ 69.0926615, 41.4346953 ], [ 69.0922225, 41.4351155 ], [ 69.0920637, 41.4350244 ] ] ] } },
{ "type": "Feature", "properties": { "osm_id": "w1329430889", "kind": "industrial" }, "geometry": { "type": "Polygon", "coordinates": [ [ [ 69.092512, 41.4350104 ], [ 69.0923439, 41.4351715 ], [ 69.0924747, 41.4352485 ], [ 69.0926521, 41.4350945 ], [ 69.092512, 41.4350104 ] ] ] } },
{ "type": "Feature", "properties": { "osm_id": "w1329617178", "kind": "industrial" }, "geometry": { "type": "Polygon", "coordinates": [ [ [ 69.1170921, 41.4753595 ], [ 69.1161675, 41.4748836 ], [ 69.1159059, 41.4747926 ], [ 69.1162235, 41.4739179 ], [ 69.1163543, 41.4733091 ], [ 69.1170548, 41.473372 ], [ 69.1178767, 41.47354 ], [ 69.1180465, 41.4735597 ], [ 69.1189601, 41.473666 ], [ 69.1187266, 41.4737919 ], [ 69.1175498, 41.4751075 ], [ 69.1173723, 41.4752055 ], [ 69.1170921, 41.4753595 ] ] ] } },
{ "type": "Feature", "properties": { "osm_id": "w1329617183", "kind": "industrial" }, "geometry": { "type": "Polygon", "coordinates": [ [ [ 69.120716, 41.473463 ], [ 69.120632, 41.4737499 ], [ 69.1208188, 41.4745127 ], [ 69.1210429, 41.4748766 ], [ 69.1211737, 41.4749536 ], [ 69.1217061, 41.4749676 ], [ 69.1217901, 41.4745057 ], [ 69.1219489, 41.4744637 ], [ 69.1221544, 41.4736939 ], [ 69.1215473, 41.473477 ], [ 69.120716, 41.473463 ] ] ] } },
{ "type": "Feature", "properties": { "osm_id": "w1329617186", "kind": "industrial" }, "geometry": { "type": "Polygon", "coordinates": [ [ [ 69.1209495, 41.4715595 ], [ 69.1205199, 41.4718254 ], [ 69.1204532, 41.4719813 ], [ 69.1202864, 41.4723713 ], [ 69.1206787, 41.4725463 ], [ 69.1210243, 41.4725882 ], [ 69.1213231, 41.4725253 ], [ 69.1214206, 41.4723 ], [ 69.1215473, 41.4720074 ], [ 69.12165, 41.4720074 ], [ 69.1217154, 41.4716645 ], [ 69.1209495, 41.4715595 ] ] ] } },
{ "type": "Feature", "properties": { "osm_id": "w1329624622", "kind": "industrial" }, "geometry": { "type": "Polygon", "coordinates": [ [ [ 69.1441921, 41.4617969 ], [ 69.1444816, 41.4614609 ], [ 69.1446133, 41.4612465 ], [ 69.144749, 41.4612628 ], [ 69.1454837, 41.4614905 ], [ 69.1452942, 41.4619579 ], [ 69.1449953, 41.4619019 ], [ 69.1449393, 41.4620349 ], [ 69.1443042, 41.4619019 ], [ 69.1443415, 41.4618459 ], [ 69.1441921, 41.4617969 ] ] ] } },
{ "type": "Feature", "properties": { "osm_id": "w1329624646", "kind": "industrial" }, "geometry": { "type": "Polygon", "coordinates": [ [ [ 69.1422213, 41.46018 ], [ 69.1426043, 41.4593611 ], [ 69.1434319, 41.4595621 ], [ 69.1435121, 41.4601419 ], [ 69.1432742, 41.4606364 ], [ 69.1425109, 41.460285 ], [ 69.1422213, 41.46018 ] ] ] } },
{ "type": "Feature", "properties": { "osm_id": "w1329624649", "kind": "industrial" }, "geometry": { "type": "Polygon", "coordinates": [ [ [ 69.1379911, 41.4578197 ], [ 69.1388776, 41.4580801 ], [ 69.1390084, 41.4580731 ], [ 69.1394193, 41.4573942 ], [ 69.1395594, 41.4576182 ], [ 69.1403253, 41.4580591 ], [ 69.1402757, 41.4581644 ], [ 69.1402006, 41.4582266 ], [ 69.1398426, 41.4580831 ], [ 69.1396695, 41.458512 ], [ 69.1404731, 41.4587129 ], [ 69.1405589, 41.4585923 ], [ 69.1407504, 41.4583874 ], [ 69.1433805, 41.4591998 ], [ 69.1434319, 41.4595621 ], [ 69.1426043, 41.4593611 ], [ 69.1422213, 41.46018 ], [ 69.1420626, 41.460208 ], [ 69.1418503, 41.4603023 ], [ 69.1416609, 41.460075 ], [ 69.1404187, 41.460607 ], [ 69.1402039, 41.460397 ], [ 69.1399891, 41.46039 ], [ 69.1384561, 41.4603405 ], [ 69.1382705, 41.4600541 ], [ 69.1379903, 41.4599771 ], [ 69.1379716, 41.4589901 ], [ 69.1377475, 41.4589341 ], [ 69.1376914, 41.4586961 ], [ 69.1375406, 41.4585087 ], [ 69.1377228, 41.458277 ], [ 69.1376377, 41.458094 ], [ 69.1377145, 41.4579793 ], [ 69.137964, 41.4579083 ], [ 69.1379911, 41.4578197 ] ] ] } },
{ "type": "Feature", "properties": { "osm_id": "w1329644888", "kind": "cemetery" }, "geometry": { "type": "Polygon", "coordinates": [ [ [ 69.1143537, 41.4702726 ], [ 69.1143724, 41.4692998 ], [ 69.1154745, 41.4692719 ], [ 69.1153251, 41.4703986 ], [ 69.1143537, 41.4702726 ] ] ] } },
{ "type": "Feature", "properties": { "osm_id": "w1329678685", "kind": "cemetery" }, "geometry": { "type": "Polygon", "coordinates": [ [ [ 69.1133864, 41.4555971 ], [ 69.1112195, 41.4556671 ], [ 69.1115371, 41.4569061 ], [ 69.1118266, 41.4567171 ], [ 69.1123963, 41.4562971 ], [ 69.1133864, 41.4555971 ] ] ] } },
{ "type": "Feature", "properties": { "osm_id": "w1329680801", "kind": "industrial" }, "geometry": { "type": "Polygon", "coordinates": [ [ [ 69.1263236, 41.4451306 ], [ 69.1259033, 41.4453616 ], [ 69.1263236, 41.4458237 ], [ 69.1267719, 41.4459987 ], [ 69.1269681, 41.4457957 ], [ 69.1269494, 41.4456977 ], [ 69.1263236, 41.4451306 ] ] ] } },
{ "type": "Feature", "properties": { "osm_id": "w1329680805", "kind": "industrial" }, "geometry": { "type": "Polygon", "coordinates": [ [ [ 69.1225036, 41.4424841 ], [ 69.1221767, 41.4428832 ], [ 69.1215322, 41.4426871 ], [ 69.1215416, 41.4424281 ], [ 69.1217564, 41.442113 ], [ 69.1225036, 41.4424841 ] ] ] } },
{ "type": "Feature", "properties": { "osm_id": "w1330206248", "kind": "industrial" }, "geometry": { "type": "Polygon", "coordinates": [ [ [ 69.0559314, 41.4610723 ], [ 69.0554586, 41.4616822 ], [ 69.0563158, 41.4620555 ], [ 69.0567887, 41.4614456 ], [ 69.0559314, 41.4610723 ] ] ] } },
{ "type": "Feature", "properties": { "osm_id": "w1330681393", "kind": "cemetery" }, "geometry": { "type": "Polygon", "coordinates": [ [ [ 69.0822276, 41.4750041 ], [ 69.0822183, 41.4744513 ], [ 69.0821342, 41.4740664 ], [ 69.0821623, 41.4739754 ], [ 69.0825078, 41.4737725 ], [ 69.0827227, 41.4735975 ], [ 69.0829188, 41.4735555 ], [ 69.0830496, 41.4735485 ], [ 69.0833484, 41.4738284 ], [ 69.0835726, 41.4743673 ], [ 69.0834792, 41.4751791 ], [ 69.0833671, 41.47527 ], [ 69.0827694, 41.4750951 ], [ 69.0823397, 41.4750531 ], [ 69.0822276, 41.4750041 ] ] ] } },
{ "type": "Feature", "properties": { "osm_id": "w1330686613", "kind": "cemetery" }, "geometry": { "type": "Polygon", "coordinates": [ [ [ 69.0833729, 41.4677136 ], [ 69.0823549, 41.4673217 ], [ 69.0823082, 41.4659639 ], [ 69.0830367, 41.4659709 ], [ 69.0835317, 41.4662229 ], [ 69.0835504, 41.4672797 ], [ 69.0834103, 41.4673567 ], [ 69.0833636, 41.4674827 ], [ 69.0834383, 41.4675876 ], [ 69.0833729, 41.4677136 ] ] ] } },
{ "type": "Feature", "properties": { "osm_id": "w1338813552", "kind": "industrial" }, "geometry": { "type": "Polygon", "coordinates": [ [ [ 69.2518278, 41.2474541 ], [ 69.2518625, 41.2485034 ], [ 69.2526154, 41.2487466 ], [ 69.2527325, 41.2486524 ], [ 69.2526325, 41.2480298 ], [ 69.2525562, 41.2479401 ], [ 69.2524971, 41.2474008 ], [ 69.2518278, 41.2474541 ] ] ] } },
{ "type": "Feature", "properties": { "osm_id": "w1346833973", "kind": "industrial" }, "geometry": { "type": "Polygon", "coordinates": [ [ [ 69.2130142, 41.1399241 ], [ 69.215962, 41.1413341 ], [ 69.2142481, 41.1435842 ], [ 69.2138296, 41.1440811 ], [ 69.2132925, 41.143813 ], [ 69.2131986, 41.1435933 ], [ 69.2135265, 41.1430288 ], [ 69.2113674, 41.1419703 ], [ 69.2130142, 41.1399241 ] ] ] } },
{ "type": "Feature", "properties": { "osm_id": "w1354655195", "kind": "industrial" }, "geometry": { "type": "Polygon", "coordinates": [ [ [ 69.2308986, 41.3684875 ], [ 69.2293923, 41.3684981 ], [ 69.2292594, 41.366802 ], [ 69.2310362, 41.3674937 ], [ 69.2310114, 41.3676022 ], [ 69.2309052, 41.3677852 ], [ 69.2308986, 41.3684875 ] ] ] } },
{ "type": "Feature", "properties": { "osm_id": "w1354655196", "kind": "industrial" }, "geometry": { "type": "Polygon", "coordinates": [ [ [ 69.2255146, 41.3660642 ], [ 69.2256141, 41.3657718 ], [ 69.2258527, 41.3658145 ], [ 69.2260181, 41.3649898 ], [ 69.226181, 41.3650058 ], [ 69.2262528, 41.3648503 ], [ 69.229177, 41.3651769 ], [ 69.2317058, 41.3659841 ], [ 69.2310085, 41.3673159 ], [ 69.2310277, 41.3674673 ], [ 69.2292622, 41.366787 ], [ 69.2283218, 41.3667829 ], [ 69.2282052, 41.3668388 ], [ 69.2272942, 41.3667408 ], [ 69.2272934, 41.3663275 ], [ 69.2255146, 41.3660642 ] ] ] } },
{ "type": "Feature", "properties": { "osm_id": "w1354700956", "kind": "industrial" }, "geometry": { "type": "Polygon", "coordinates": [ [ [ 69.2521058, 41.2449868 ], [ 69.2512798, 41.2449792 ], [ 69.2513098, 41.2454629 ], [ 69.2513928, 41.2456818 ], [ 69.2517281, 41.2458645 ], [ 69.2518505, 41.2459502 ], [ 69.2520958, 41.2459591 ], [ 69.2521285, 41.2456418 ], [ 69.2521058, 41.2449868 ] ] ] } },
{ "type": "Feature", "properties": { "osm_id": "w1362860730", "kind": "industrial" }, "geometry": { "type": "Polygon", "coordinates": [ [ [ 69.2511486, 41.1731704 ], [ 69.2511251, 41.1729269 ], [ 69.2509935, 41.1715636 ], [ 69.2531236, 41.1714471 ], [ 69.2532785, 41.173054 ], [ 69.2526992, 41.1730856 ], [ 69.2511486, 41.1731704 ] ] ] } },
{ "type": "Feature", "properties": { "osm_id": "w1363055328", "kind": "industrial" }, "geometry": { "type": "Polygon", "coordinates": [ [ [ 69.413503, 41.3701367 ], [ 69.4182644, 41.3716512 ], [ 69.4195414, 41.3721104 ], [ 69.4219916, 41.3732697 ], [ 69.4220151, 41.373087 ], [ 69.4216452, 41.3729017 ], [ 69.4219724, 41.3725877 ], [ 69.4207842, 41.3718973 ], [ 69.4210363, 41.3715732 ], [ 69.4202674, 41.3712348 ], [ 69.420176, 41.3713488 ], [ 69.4195681, 41.3711263 ], [ 69.4196762, 41.3709838 ], [ 69.4189033, 41.3706735 ], [ 69.4180013, 41.3704746 ], [ 69.4170026, 41.3702519 ], [ 69.415537, 41.3699803 ], [ 69.4150614, 41.3698429 ], [ 69.4141477, 41.36953 ], [ 69.413503, 41.3701367 ] ] ] } },
{ "type": "Feature", "properties": { "osm_id": "w1363055354", "kind": "industrial" }, "geometry": { "type": "Polygon", "coordinates": [ [ [ 69.424389, 41.3743789 ], [ 69.4246608, 41.3738608 ], [ 69.4255204, 41.3743144 ], [ 69.4255509, 41.3743768 ], [ 69.4272313, 41.3749074 ], [ 69.4284431, 41.3753361 ], [ 69.429196, 41.3743366 ], [ 69.4313965, 41.3756015 ], [ 69.4307905, 41.3763675 ], [ 69.4302316, 41.3770774 ], [ 69.424389, 41.3743789 ] ] ] } },
{ "type": "Feature", "properties": { "osm_id": "w1364776322", "kind": "industrial" }, "geometry": { "type": "Polygon", "coordinates": [ [ [ 69.3626255, 41.2912875 ], [ 69.3622616, 41.2911077 ], [ 69.3623442, 41.2910119 ], [ 69.3622355, 41.2909662 ], [ 69.362865, 41.2901554 ], [ 69.3633796, 41.2904214 ], [ 69.3626255, 41.2912875 ] ] ] } },
{ "type": "Feature", "properties": { "osm_id": "w1367367693", "kind": "industrial" }, "geometry": { "type": "Polygon", "coordinates": [ [ [ 69.2970641, 41.2308709 ], [ 69.2963186, 41.2308409 ], [ 69.2963186, 41.2296027 ], [ 69.2970605, 41.2298367 ], [ 69.2970641, 41.2308709 ] ] ] } },
{ "type": "Feature", "properties": { "osm_id": "w1367367694", "kind": "industrial" }, "geometry": { "type": "Polygon", "coordinates": [ [ [ 69.2970641, 41.2308709 ], [ 69.2983016, 41.2309552 ], [ 69.2983333, 41.2303341 ], [ 69.2970605, 41.2298367 ], [ 69.2970641, 41.2308709 ] ] ] } },
{ "type": "Feature", "properties": { "osm_id": "w1370385277", "kind": "industrial" }, "geometry": { "type": "Polygon", "coordinates": [ [ [ 69.3083038, 41.2698279 ], [ 69.3078835, 41.2705302 ], [ 69.309201, 41.2709286 ], [ 69.3099276, 41.2696438 ], [ 69.3069844, 41.268702 ], [ 69.3066195, 41.2691711 ], [ 69.3066455, 41.2693135 ], [ 69.3083038, 41.2698279 ] ] ] } },
{ "type": "Feature", "properties": { "osm_id": "w1370385278", "kind": "industrial" }, "geometry": { "type": "Polygon", "coordinates": [ [ [ 69.3025411, 41.2682089 ], [ 69.3029059, 41.2676381 ], [ 69.3030492, 41.267465 ], [ 69.3039818, 41.2679126 ], [ 69.3040453, 41.2678291 ], [ 69.3040922, 41.2677675 ], [ 69.3056005, 41.2682704 ], [ 69.3062038, 41.268476 ], [ 69.3069213, 41.268733 ], [ 69.3068854, 41.2688168 ], [ 69.3066195, 41.2691711 ], [ 69.3066455, 41.2693135 ], [ 69.3072713, 41.2695121 ], [ 69.3068613, 41.2699559 ], [ 69.3063792, 41.26976 ], [ 69.3064337, 41.269666 ], [ 69.3062361, 41.2696026 ], [ 69.3063423, 41.2694163 ], [ 69.3058011, 41.269249 ], [ 69.3052286, 41.2690448 ], [ 69.3049622, 41.2695468 ], [ 69.3038385, 41.2691519 ], [ 69.3038523, 41.2690937 ], [ 69.3038835, 41.2689619 ], [ 69.3037992, 41.2687951 ], [ 69.3030395, 41.2684152 ], [ 69.3025411, 41.2682089 ] ] ] } },
{ "type": "Feature", "properties": { "osm_id": "w1370385279", "kind": "industrial" }, "geometry": { "type": "Polygon", "coordinates": [ [ [ 69.312177, 41.269284 ], [ 69.3113688, 41.2708357 ], [ 69.3106219, 41.2706332 ], [ 69.3109319, 41.2697578 ], [ 69.31081, 41.2697307 ], [ 69.3112023, 41.2689633 ], [ 69.312177, 41.269284 ] ] ] } },
{ "type": "Feature", "properties": { "osm_id": "w1375849982", "kind": "military" }, "geometry": { "type": "Polygon", "coordinates": [ [ [ 69.2019216, 41.2797922 ], [ 69.2008854, 41.2804223 ], [ 69.2004749, 41.2799608 ], [ 69.2001695, 41.2796651 ], [ 69.201067, 41.2790998 ], [ 69.2013853, 41.2793724 ], [ 69.2014298, 41.2793458 ], [ 69.2019216, 41.2797922 ] ] ] } },
{ "type": "Feature", "properties": { "osm_id": "w1391022811", "kind": "industrial" }, "geometry": { "type": "Polygon", "coordinates": [ [ [ 69.1835493, 41.2293662 ], [ 69.1844548, 41.2286802 ], [ 69.1847713, 41.2287862 ], [ 69.1849649, 41.2286496 ], [ 69.1849902, 41.2285905 ], [ 69.1849758, 41.2284396 ], [ 69.1848075, 41.2282718 ], [ 69.1841985, 41.2281134 ], [ 69.1840666, 41.2279893 ], [ 69.1840488, 41.2278805 ], [ 69.1835997, 41.2275466 ], [ 69.1834728, 41.2274759 ], [ 69.1835413, 41.2274359 ], [ 69.183434, 41.2272907 ], [ 69.1832252, 41.2273558 ], [ 69.1828833, 41.2275547 ], [ 69.1820473, 41.2278439 ], [ 69.1819803, 41.227933 ], [ 69.1824267, 41.2282752 ], [ 69.1824405, 41.2282858 ], [ 69.1827963, 41.2280303 ], [ 69.1833248, 41.2285353 ], [ 69.1829994, 41.2287418 ], [ 69.1833963, 41.22921 ], [ 69.1835493, 41.2293662 ] ] ] } },
{ "type": "Feature", "properties": { "osm_id": "w1391044045", "kind": "industrial" }, "geometry": { "type": "Polygon", "coordinates": [ [ [ 69.1203396, 41.2379138 ], [ 69.1202831, 41.2373876 ], [ 69.1207157, 41.237331 ], [ 69.1214117, 41.2372886 ], [ 69.1217427, 41.2372179 ], [ 69.1223559, 41.2369124 ], [ 69.1226004, 41.2368388 ], [ 69.1233227, 41.2368219 ], [ 69.123996, 41.2364004 ], [ 69.1239321, 41.2369209 ], [ 69.1239697, 41.2375856 ], [ 69.1242142, 41.2377158 ], [ 69.1241578, 41.2377978 ], [ 69.1235032, 41.237744 ], [ 69.1217389, 41.2378006 ], [ 69.1216449, 41.2378515 ], [ 69.1203396, 41.2379138 ] ] ] } },
{ "type": "Feature", "properties": { "osm_id": "w1391190083", "kind": "industrial" }, "geometry": { "type": "Polygon", "coordinates": [ [ [ 69.119438, 41.2675776 ], [ 69.1180392, 41.2672353 ], [ 69.1181979, 41.2668728 ], [ 69.1193452, 41.2671588 ], [ 69.119438, 41.2675776 ] ] ] } },
{ "type": "Feature", "properties": { "osm_id": "w1396827359", "kind": "industrial" }, "geometry": { "type": "Polygon", "coordinates": [ [ [ 69.2408131, 41.3642234 ], [ 69.2380941, 41.3639773 ], [ 69.2381937, 41.363609 ], [ 69.2382741, 41.3632627 ], [ 69.238773, 41.3622924 ], [ 69.2391099, 41.3623419 ], [ 69.2394521, 41.3613405 ], [ 69.2417232, 41.3618257 ], [ 69.2417054, 41.362163 ], [ 69.2411077, 41.3632846 ], [ 69.2408131, 41.3642234 ] ] ] } },
{ "type": "Feature", "properties": { "osm_id": "w1409542880", "kind": "industrial" }, "geometry": { "type": "Polygon", "coordinates": [ [ [ 69.2305556, 41.2664989 ], [ 69.2296386, 41.2671162 ], [ 69.2292219, 41.2666654 ], [ 69.230021, 41.2660229 ], [ 69.2305556, 41.2664989 ] ] ] } },
{ "type": "Feature", "properties": { "osm_id": "w1411789984", "kind": "cemetery" }, "geometry": { "type": "Polygon", "coordinates": [ [ [ 69.4886319, 41.3305995 ], [ 69.4877479, 41.3308198 ], [ 69.4852827, 41.328576 ], [ 69.4868079, 41.328008 ], [ 69.4874332, 41.3288166 ], [ 69.4874018, 41.3288275 ], [ 69.4886319, 41.3305995 ] ] ] } },
{ "type": "Feature", "properties": { "osm_id": "w1412163005", "kind": "industrial" }, "geometry": { "type": "Polygon", "coordinates": [ [ [ 69.4818148, 41.3261836 ], [ 69.4822208, 41.3265555 ], [ 69.4817434, 41.3268516 ], [ 69.4813375, 41.3270592 ], [ 69.4809819, 41.3267265 ], [ 69.4818148, 41.3261836 ] ] ] } },
{ "type": "Feature", "properties": { "osm_id": "w1412192153", "kind": "industrial" }, "geometry": { "type": "Polygon", "coordinates": [ [ [ 69.1427184, 41.2277364 ], [ 69.1419405, 41.2268246 ], [ 69.1431529, 41.2262153 ], [ 69.1433204, 41.2261266 ], [ 69.14406, 41.2267745 ], [ 69.1436803, 41.2270371 ], [ 69.1427184, 41.2277364 ] ] ] } },
{ "type": "Feature", "properties": { "osm_id": "w1420674367", "kind": "military" }, "geometry": { "type": "Polygon", "coordinates": [ [ [ 69.0522037, 41.3627078 ], [ 69.0528256, 41.362579 ], [ 69.0534771, 41.362444 ], [ 69.0531613, 41.3616091 ], [ 69.0525099, 41.361749 ], [ 69.0519007, 41.3618799 ], [ 69.0522037, 41.3627078 ] ] ] } },
{ "type": "Feature", "properties": { "osm_id": "w1430375665", "kind": "industrial" }, "geometry": { "type": "Polygon", "coordinates": [ [ [ 69.2539788, 41.1695762 ], [ 69.2538928, 41.1690155 ], [ 69.2525688, 41.1691842 ], [ 69.2516015, 41.1659978 ], [ 69.2489146, 41.1663027 ], [ 69.2500652, 41.1700234 ], [ 69.2539788, 41.1695762 ] ] ] } },
{ "type": "Feature", "properties": { "osm_id": "w1430375668", "kind": "industrial" }, "geometry": { "type": "Polygon", "coordinates": [ [ [ 69.2401524, 41.1710226 ], [ 69.2429879, 41.1708067 ], [ 69.2422857, 41.1689802 ], [ 69.2416663, 41.1689864 ], [ 69.2416392, 41.1689548 ], [ 69.2415212, 41.1689533 ], [ 69.2389792, 41.1693174 ], [ 69.2396197, 41.1704193 ], [ 69.2401524, 41.1710226 ] ] ] } },
{ "type": "Feature", "properties": { "osm_id": "w1435724138", "kind": "industrial" }, "geometry": { "type": "Polygon", "coordinates": [ [ [ 69.5123831, 41.4495375 ], [ 69.5144593, 41.4518013 ], [ 69.5143446, 41.4518485 ], [ 69.5134884, 41.4522003 ], [ 69.5116824, 41.4525613 ], [ 69.5098625, 41.450542 ], [ 69.5123831, 41.4495375 ] ] ] } },
{ "type": "Feature", "properties": { "osm_id": "w1442248574", "kind": "industrial" }, "geometry": { "type": "Polygon", "coordinates": [ [ [ 69.2194281, 41.2633354 ], [ 69.2188467, 41.2634976 ], [ 69.2186369, 41.2627407 ], [ 69.2184152, 41.2621415 ], [ 69.2178758, 41.2615603 ], [ 69.2172644, 41.2609881 ], [ 69.2170247, 41.2606998 ], [ 69.2166411, 41.2600735 ], [ 69.2164018, 41.2596267 ], [ 69.2172665, 41.2595424 ], [ 69.2178109, 41.2594699 ], [ 69.2178392, 41.2595232 ], [ 69.218205, 41.2594912 ], [ 69.2181996, 41.2595376 ], [ 69.2187054, 41.259635 ], [ 69.2190838, 41.259634 ], [ 69.2191804, 41.2596354 ], [ 69.2195503, 41.2597009 ], [ 69.2197187, 41.2597211 ], [ 69.2200165, 41.2596789 ], [ 69.2202369, 41.2595577 ], [ 69.2204411, 41.2594471 ], [ 69.220583, 41.2594293 ], [ 69.2209798, 41.259501 ], [ 69.2211346, 41.2595454 ], [ 69.221293, 41.2595914 ], [ 69.2216725, 41.2597175 ], [ 69.2215421, 41.259888 ], [ 69.2213981, 41.2599688 ], [ 69.2211881, 41.2597339 ], [ 69.2194746, 41.2605761 ], [ 69.2204313, 41.2617248 ], [ 69.2196608, 41.2632271 ], [ 69.2194281, 41.2633354 ] ] ] } },
{ "type": "Feature", "properties": { "osm_id": "w1442994841", "kind": "cemetery" }, "geometry": { "type": "Polygon", "coordinates": [ [ [ 69.5364141, 41.3140555 ], [ 69.5366509, 41.3140417 ], [ 69.5366399, 41.3139707 ], [ 69.5369826, 41.3138436 ], [ 69.5368588, 41.3137164 ], [ 69.5366854, 41.313732 ], [ 69.5365285, 41.3136916 ], [ 69.5363831, 41.3137207 ], [ 69.5364141, 41.3140555 ] ] ] } },
{ "type": "Feature", "properties": { "osm_id": "w1445345201", "kind": "industrial" }, "geometry": { "type": "Polygon", "coordinates": [ [ [ 69.1575187, 41.2393344 ], [ 69.1580735, 41.238154 ], [ 69.1592599, 41.2384966 ], [ 69.158881, 41.2394566 ], [ 69.1575187, 41.2393344 ] ] ] } },
{ "type": "Feature", "properties": { "osm_id": "w1446501511", "kind": "industrial" }, "geometry": { "type": "Polygon", "coordinates": [ [ [ 69.3459955, 41.3028686 ], [ 69.3475162, 41.305132 ], [ 69.3476, 41.3052173 ], [ 69.3477544, 41.3052003 ], [ 69.3481779, 41.3050312 ], [ 69.3487631, 41.3047718 ], [ 69.3487897, 41.3048222 ], [ 69.3490804, 41.3047742 ], [ 69.3495911, 41.3045813 ], [ 69.3497751, 41.3044749 ], [ 69.3495347, 41.3043142 ], [ 69.3478135, 41.3024344 ], [ 69.347734, 41.3024765 ], [ 69.3474039, 41.3024444 ], [ 69.3471636, 41.302421 ], [ 69.3459955, 41.3028686 ] ] ] } },
{ "type": "Feature", "properties": { "osm_id": "w1451929668", "kind": "military" }, "geometry": { "type": "Polygon", "coordinates": [ [ [ 69.3707217, 41.3036865 ], [ 69.3711019, 41.3018717 ], [ 69.3720929, 41.3019738 ], [ 69.3721204, 41.3018889 ], [ 69.3722341, 41.3018992 ], [ 69.3727149, 41.301943 ], [ 69.3726988, 41.3020376 ], [ 69.3749922, 41.3022928 ], [ 69.3751621, 41.3023864 ], [ 69.3748025, 41.3041012 ], [ 69.3718755, 41.3038037 ], [ 69.3707217, 41.3036865 ] ] ] } },
{ "type": "Feature", "properties": { "osm_id": "w1451929681", "kind": "military" }, "geometry": { "type": "Polygon", "coordinates": [ [ [ 69.3903931, 41.3066939 ], [ 69.3904464, 41.3066804 ], [ 69.3905534, 41.3066627 ], [ 69.3905319, 41.3066058 ], [ 69.3906584, 41.3065961 ], [ 69.3909882, 41.3065445 ], [ 69.3910354, 41.3065394 ], [ 69.3910581, 41.3063101 ], [ 69.3921735, 41.3061603 ], [ 69.393193, 41.3063992 ], [ 69.3942327, 41.3060561 ], [ 69.3943778, 41.3060485 ], [ 69.3986208, 41.3077304 ], [ 69.398441, 41.3082921 ], [ 69.3984175, 41.3083841 ], [ 69.396326, 41.3080852 ], [ 69.3942335, 41.3078469 ], [ 69.3907375, 41.307505 ], [ 69.3895006, 41.3074339 ], [ 69.3895178, 41.3074143 ], [ 69.3905391, 41.3071607 ], [ 69.3903931, 41.3066939 ] ] ] } },
{ "type": "Feature", "properties": { "osm_id": "w1451939117", "kind": "industrial" }, "geometry": { "type": "Polygon", "coordinates": [ [ [ 69.4172368, 41.3192608 ], [ 69.4170831, 41.3198934 ], [ 69.4168483, 41.3199424 ], [ 69.4159749, 41.3198321 ], [ 69.4161115, 41.3191162 ], [ 69.4172368, 41.3192608 ] ] ] } },
{ "type": "Feature", "properties": { "osm_id": "w1460075808", "kind": "industrial" }, "geometry": { "type": "Polygon", "coordinates": [ [ [ 69.3856312, 41.3201538 ], [ 69.3848922, 41.3208014 ], [ 69.3842344, 41.3204735 ], [ 69.3842181, 41.3204094 ], [ 69.383947, 41.3202803 ], [ 69.3839117, 41.3203242 ], [ 69.3836179, 41.3201897 ], [ 69.3835363, 41.3200639 ], [ 69.3844672, 41.3196833 ], [ 69.3848831, 41.3198115 ], [ 69.3856312, 41.3201538 ] ] ] } },
{ "type": "Feature", "properties": { "osm_id": "w1476565029", "kind": "industrial" }, "geometry": { "type": "Polygon", "coordinates": [ [ [ 69.3637657, 41.2380237 ], [ 69.3622044, 41.2373091 ], [ 69.3615478, 41.2380865 ], [ 69.3610937, 41.2386261 ], [ 69.360705, 41.2389791 ], [ 69.3607802, 41.2390299 ], [ 69.3608208, 41.2390573 ], [ 69.3604556, 41.2394148 ], [ 69.3604682, 41.2394353 ], [ 69.3626627, 41.2392947 ], [ 69.3637657, 41.2380237 ] ] ] } },
{ "type": "Feature", "properties": { "osm_id": "w1481707662", "kind": "industrial" }, "geometry": { "type": "Polygon", "coordinates": [ [ [ 69.5477164, 41.2080127 ], [ 69.5477432, 41.2069715 ], [ 69.5476305, 41.2066285 ], [ 69.5477807, 41.2063217 ], [ 69.5481777, 41.206459 ], [ 69.5488697, 41.2065155 ], [ 69.549036, 41.2065155 ], [ 69.5489287, 41.2071208 ], [ 69.5487732, 41.2076092 ], [ 69.5488831, 41.2081237 ], [ 69.5487866, 41.208265 ], [ 69.5480087, 41.2081661 ], [ 69.5477164, 41.2080127 ] ] ] } },
{ "type": "Feature", "properties": { "osm_id": "w1487597008", "kind": "industrial" }, "geometry": { "type": "Polygon", "coordinates": [ [ [ 69.2891797, 41.3828315 ], [ 69.2887785, 41.3829045 ], [ 69.2875327, 41.3828953 ], [ 69.2873807, 41.3811671 ], [ 69.2889062, 41.3808844 ], [ 69.2890156, 41.3812902 ], [ 69.2887603, 41.381354 ], [ 69.2888109, 41.3815338 ], [ 69.2889379, 41.3815222 ], [ 69.2889594, 41.3816007 ], [ 69.289039, 41.3818481 ], [ 69.2890975, 41.3819376 ], [ 69.2892463, 41.3824717 ], [ 69.2893737, 41.3824517 ], [ 69.289419, 41.3826143 ], [ 69.2894605, 41.3827885 ], [ 69.2891797, 41.3828315 ] ] ] } },
{ "type": "Feature", "properties": { "osm_id": "w1489475520", "kind": "industrial" }, "geometry": { "type": "Polygon", "coordinates": [ [ [ 69.3052894, 41.3858384 ], [ 69.3051779, 41.384969 ], [ 69.3054137, 41.3849722 ], [ 69.3054174, 41.3848419 ], [ 69.3060557, 41.3848513 ], [ 69.3067357, 41.3849477 ], [ 69.307389, 41.3849793 ], [ 69.3079393, 41.3850466 ], [ 69.3073846, 41.3859464 ], [ 69.3052894, 41.3858384 ] ] ] } },
{ "type": "Feature", "properties": { "osm_id": "w1499887880", "kind": "industrial" }, "geometry": { "type": "Polygon", "coordinates": [ [ [ 69.2689222, 41.1642988 ], [ 69.2691073, 41.16527 ], [ 69.2693326, 41.1656375 ], [ 69.270388, 41.1695799 ], [ 69.2704363, 41.1698121 ], [ 69.2700823, 41.1698292 ], [ 69.2700917, 41.1699544 ], [ 69.2681323, 41.1700544 ], [ 69.2672592, 41.1653912 ], [ 69.2670862, 41.1644947 ], [ 69.2689222, 41.1642988 ] ] ] } },
{ "type": "Feature", "properties": { "osm_id": "w1535281457", "kind": "cemetery" }, "geometry": { "type": "Polygon", "coordinates": [ [ [ 69.346298, 41.2270205 ], [ 69.3449112, 41.2289539 ], [ 69.3433514, 41.2281004 ], [ 69.3441902, 41.2270161 ], [ 69.3446891, 41.2263221 ], [ 69.3447554, 41.2263282 ], [ 69.344769, 41.2263056 ], [ 69.3460081, 41.2269469 ], [ 69.3460484, 41.226899 ], [ 69.346298, 41.2270205 ] ] ] } },
{ "type": "Feature", "properties": { "osm_id": "w1535281458", "kind": "cemetery" }, "geometry": { "type": "Polygon", "coordinates": [ [ [ 69.346298, 41.2270205 ], [ 69.34732, 41.2256567 ], [ 69.3471214, 41.2255681 ], [ 69.3469042, 41.2250314 ], [ 69.3466245, 41.2246389 ], [ 69.3457575, 41.2238771 ], [ 69.3446255, 41.2250801 ], [ 69.3446711, 41.2253936 ], [ 69.3446731, 41.2254075 ], [ 69.34476, 41.2253991 ], [ 69.3448325, 41.225826 ], [ 69.3447157, 41.2258372 ], [ 69.3447975, 41.2262528 ], [ 69.344769, 41.2263056 ], [ 69.3460081, 41.2269469 ], [ 69.3460484, 41.226899 ], [ 69.346298, 41.2270205 ] ] ] } },
{ "type": "Feature", "properties": { "osm_id": "w1538462154", "kind": "industrial" }, "geometry": { "type": "Polygon", "coordinates": [ [ [ 69.3630481, 41.247301 ], [ 69.3631845, 41.2474208 ], [ 69.3633709, 41.2475847 ], [ 69.3635128, 41.2477136 ], [ 69.3663734, 41.2489023 ], [ 69.36652, 41.2488098 ], [ 69.3676881, 41.2479751 ], [ 69.3675899, 41.24787 ], [ 69.3675546, 41.2476791 ], [ 69.3675457, 41.247632 ], [ 69.367488, 41.2472327 ], [ 69.3674317, 41.2471783 ], [ 69.3674025, 41.2470136 ], [ 69.3658889, 41.246126 ], [ 69.365636, 41.2464269 ], [ 69.3651099, 41.2461673 ], [ 69.3647365, 41.246596 ], [ 69.3647807, 41.2469522 ], [ 69.3651685, 41.247202 ], [ 69.3644981, 41.2478091 ], [ 69.364403, 41.2478493 ], [ 69.3643413, 41.2478599 ], [ 69.3642734, 41.247847 ], [ 69.3636679, 41.2475692 ], [ 69.3630481, 41.247301 ] ] ] } },
{ "type": "Feature", "properties": { "osm_id": "w1544000553", "kind": "industrial" }, "geometry": { "type": "Polygon", "coordinates": [ [ [ 69.2700755, 41.1642624 ], [ 69.2728865, 41.1641574 ], [ 69.2738682, 41.1641696 ], [ 69.2752254, 41.1696294 ], [ 69.2708614, 41.1698636 ], [ 69.2698288, 41.1654821 ], [ 69.2700755, 41.1642624 ] ] ] } },
{ "type": "Feature", "properties": { "osm_id": "w1561050894", "kind": "military" }, "geometry": { "type": "Polygon", "coordinates": [ [ [ 69.0807675, 41.1376161 ], [ 69.0805682, 41.1373735 ], [ 69.0804341, 41.1374341 ], [ 69.0797018, 41.1365917 ], [ 69.0809973, 41.1361857 ], [ 69.081744, 41.1372106 ], [ 69.0810672, 41.1375264 ], [ 69.0810364, 41.1374892 ], [ 69.0807675, 41.1376161 ] ] ] } },
{ "type": "Feature", "properties": { "osm_id": "r1554805", "kind": "industrial" }, "geometry": { "type": "Polygon", "coordinates": [ [ [ 69.2408741, 41.1718824 ], [ 69.2407255, 41.1718796 ], [ 69.2406005, 41.1718769 ], [ 69.2405987, 41.1720092 ], [ 69.2401415, 41.172012 ], [ 69.239758, 41.1720425 ], [ 69.239443, 41.1721048 ], [ 69.2399398, 41.1738788 ], [ 69.2397384, 41.1739691 ], [ 69.2398631, 41.1741465 ], [ 69.2400469, 41.1741493 ], [ 69.2400785, 41.1742924 ], [ 69.2411869, 41.1742807 ], [ 69.2415652, 41.1743362 ], [ 69.2417674, 41.1744039 ], [ 69.2419056, 41.1742647 ], [ 69.2419379, 41.1742321 ], [ 69.2418945, 41.1742073 ], [ 69.2423207, 41.173953 ], [ 69.2416338, 41.1731989 ], [ 69.2419101, 41.1730562 ], [ 69.2409721, 41.1719969 ], [ 69.2408741, 41.1718824 ] ] ] } },
{ "type": "Feature", "properties": { "osm_id": "r1794498", "kind": "cemetery" }, "geometry": { "type": "Polygon", "coordinates": [ [ [ 69.1614414, 41.2546905 ], [ 69.1617512, 41.2546229 ], [ 69.1625348, 41.2545371 ], [ 69.1624883, 41.2544649 ], [ 69.162381, 41.2542939 ], [ 69.1611466, 41.2544226 ], [ 69.1614414, 41.2546905 ] ] ] } },
{ "type": "Feature", "properties": { "osm_id": "r1795500", "kind": "cemetery" }, "geometry": { "type": "Polygon", "coordinates": [ [ [ 69.1614414, 41.2546905 ], [ 69.1622103, 41.2553435 ], [ 69.1633992, 41.255351 ], [ 69.1630021, 41.254884 ], [ 69.1625833, 41.2548639 ], [ 69.1625786, 41.2548181 ], [ 69.1625489, 41.2546217 ], [ 69.1625348, 41.2545371 ], [ 69.1617512, 41.2546229 ], [ 69.1614414, 41.2546905 ] ] ] } },
{ "type": "Feature", "properties": { "osm_id": "r1795501", "kind": "cemetery" }, "geometry": { "type": "Polygon", "coordinates": [ [ [ 69.1622103, 41.2553435 ], [ 69.1629079, 41.2559688 ], [ 69.1631573, 41.2559415 ], [ 69.1637998, 41.2558117 ], [ 69.1633992, 41.255351 ], [ 69.1622103, 41.2553435 ] ] ] } },
{ "type": "Feature", "properties": { "osm_id": "r1795524", "kind": "cemetery" }, "geometry": { "type": "Polygon", "coordinates": [ [ [ 69.1734396, 41.2582611 ], [ 69.1734661, 41.2591572 ], [ 69.1735108, 41.2591512 ], [ 69.1737403, 41.2591009 ], [ 69.1739124, 41.2590563 ], [ 69.1740701, 41.2590018 ], [ 69.1741554, 41.2589846 ], [ 69.1741066, 41.2586597 ], [ 69.1740427, 41.258227 ], [ 69.1734973, 41.2582569 ], [ 69.1734396, 41.2582611 ] ] ] } },
{ "type": "Feature", "properties": { "osm_id": "r1795525", "kind": "cemetery" }, "geometry": { "type": "Polygon", "coordinates": [ [ [ 69.1734638, 41.2596605 ], [ 69.1735028, 41.2596632 ], [ 69.1742053, 41.2596564 ], [ 69.1742691, 41.2596378 ], [ 69.1747862, 41.2593997 ], [ 69.1748218, 41.2593852 ], [ 69.1744294, 41.2589114 ], [ 69.1743688, 41.2588416 ], [ 69.1741554, 41.2589846 ], [ 69.1740701, 41.2590018 ], [ 69.1739124, 41.2590563 ], [ 69.1737403, 41.2591009 ], [ 69.1735108, 41.2591512 ], [ 69.1734661, 41.2591572 ], [ 69.1734638, 41.2596605 ] ] ] } },
{ "type": "Feature", "properties": { "osm_id": "r1795526", "kind": "cemetery" }, "geometry": { "type": "Polygon", "coordinates": [ [ [ 69.1742691, 41.2596378 ], [ 69.1743817, 41.2597366 ], [ 69.1744919, 41.2598359 ], [ 69.1746397, 41.2599467 ], [ 69.174758, 41.259968 ], [ 69.1764697, 41.259811 ], [ 69.1766492, 41.2598664 ], [ 69.1764743, 41.2597249 ], [ 69.1763494, 41.2596244 ], [ 69.1751683, 41.2596123 ], [ 69.1749621, 41.2593376 ], [ 69.1748218, 41.2593852 ], [ 69.1747862, 41.2593997 ], [ 69.1742691, 41.2596378 ] ] ] } },
{ "type": "Feature", "properties": { "osm_id": "r1795527", "kind": "cemetery" }, "geometry": { "type": "Polygon", "coordinates": [ [ [ 69.1734638, 41.2596605 ], [ 69.1734589, 41.2598806 ], [ 69.1744402, 41.2598787 ], [ 69.1745675, 41.260184 ], [ 69.1769573, 41.2600865 ], [ 69.1769477, 41.2600199 ], [ 69.1766492, 41.2598664 ], [ 69.1764697, 41.259811 ], [ 69.174758, 41.259968 ], [ 69.1746397, 41.2599467 ], [ 69.1744919, 41.2598359 ], [ 69.1743817, 41.2597366 ], [ 69.1742691, 41.2596378 ], [ 69.1742053, 41.2596564 ], [ 69.1735028, 41.2596632 ], [ 69.1734638, 41.2596605 ] ] ] } },
{ "type": "Feature", "properties": { "osm_id": "r1795542", "kind": "cemetery" }, "geometry": { "type": "Polygon", "coordinates": [ [ [ 69.1749621, 41.2593376 ], [ 69.1751683, 41.2596123 ], [ 69.1763494, 41.2596244 ], [ 69.1761176, 41.2594235 ], [ 69.1757131, 41.25909 ], [ 69.1749621, 41.2593376 ] ] ] } },
{ "type": "Feature", "properties": { "osm_id": "r1795543", "kind": "cemetery" }, "geometry": { "type": "Polygon", "coordinates": [ [ [ 69.1744294, 41.2589114 ], [ 69.1748218, 41.2593852 ], [ 69.1749621, 41.2593376 ], [ 69.1757131, 41.25909 ], [ 69.1752721, 41.258764 ], [ 69.1751082, 41.2588397 ], [ 69.174875, 41.2589018 ], [ 69.1746417, 41.2589246 ], [ 69.1744294, 41.2589114 ] ] ] } },
{ "type": "Feature", "properties": { "osm_id": "r1795544", "kind": "cemetery" }, "geometry": { "type": "Polygon", "coordinates": [ [ [ 69.1740427, 41.258227 ], [ 69.1741066, 41.2586597 ], [ 69.1746937, 41.2583615 ], [ 69.1744545, 41.2582035 ], [ 69.1740427, 41.258227 ] ] ] } },
{ "type": "Feature", "properties": { "osm_id": "r1795545", "kind": "cemetery" }, "geometry": { "type": "Polygon", "coordinates": [ [ [ 69.1741066, 41.2586597 ], [ 69.1741554, 41.2589846 ], [ 69.1743688, 41.2588416 ], [ 69.1748928, 41.2584954 ], [ 69.1746937, 41.2583615 ], [ 69.1741066, 41.2586597 ] ] ] } },
{ "type": "Feature", "properties": { "osm_id": "r1795546", "kind": "cemetery" }, "geometry": { "type": "Polygon", "coordinates": [ [ [ 69.1743688, 41.2588416 ], [ 69.1744294, 41.2589114 ], [ 69.1746417, 41.2589246 ], [ 69.174875, 41.2589018 ], [ 69.1751082, 41.2588397 ], [ 69.1752721, 41.258764 ], [ 69.1748928, 41.2584954 ], [ 69.1743688, 41.2588416 ] ] ] } },
{ "type": "Feature", "properties": { "osm_id": "r1795556", "kind": "cemetery" }, "geometry": { "type": "Polygon", "coordinates": [ [ [ 69.162381, 41.2542939 ], [ 69.1624883, 41.2544649 ], [ 69.1625348, 41.2545371 ], [ 69.1625489, 41.2546217 ], [ 69.1625786, 41.2548181 ], [ 69.1625833, 41.2548639 ], [ 69.1630021, 41.254884 ], [ 69.1635882, 41.2549042 ], [ 69.1638354, 41.2549103 ], [ 69.1641072, 41.2548889 ], [ 69.1643149, 41.2548282 ], [ 69.1644422, 41.2547144 ], [ 69.1645326, 41.2545704 ], [ 69.164487, 41.2545636 ], [ 69.1640116, 41.254252 ], [ 69.1638676, 41.2541575 ], [ 69.162381, 41.2542939 ] ] ] } },
{ "type": "Feature", "properties": { "osm_id": "r1795562", "kind": "cemetery" }, "geometry": { "type": "Polygon", "coordinates": [ [ [ 69.1630021, 41.254884 ], [ 69.1633992, 41.255351 ], [ 69.1637998, 41.2558117 ], [ 69.1643779, 41.2556887 ], [ 69.164518, 41.2556417 ], [ 69.1638354, 41.2549103 ], [ 69.1635882, 41.2549042 ], [ 69.1630021, 41.254884 ] ] ] } },
{ "type": "Feature", "properties": { "osm_id": "r1795563", "kind": "cemetery" }, "geometry": { "type": "Polygon", "coordinates": [ [ [ 69.1638354, 41.2549103 ], [ 69.164518, 41.2556417 ], [ 69.1656425, 41.2552695 ], [ 69.1657882, 41.2552208 ], [ 69.1654142, 41.2548661 ], [ 69.1652277, 41.2547727 ], [ 69.1650522, 41.2547031 ], [ 69.1648382, 41.2547061 ], [ 69.1647122, 41.2546548 ], [ 69.1645326, 41.2545704 ], [ 69.1644422, 41.2547144 ], [ 69.1643149, 41.2548282 ], [ 69.1641072, 41.2548889 ], [ 69.1638354, 41.2549103 ] ] ] } },
{ "type": "Feature", "properties": { "osm_id": "r1795564", "kind": "cemetery" }, "geometry": { "type": "Polygon", "coordinates": [ [ [ 69.1677666, 41.2577741 ], [ 69.1687522, 41.2577689 ], [ 69.1687437, 41.2576017 ], [ 69.1681923, 41.2572633 ], [ 69.1677666, 41.2577741 ] ] ] } },
{ "type": "Feature", "properties": { "osm_id": "r1795565", "kind": "cemetery" }, "geometry": { "type": "Polygon", "coordinates": [ [ [ 69.1734173, 41.257739 ], [ 69.1734396, 41.2582611 ], [ 69.1734973, 41.2582569 ], [ 69.1740427, 41.258227 ], [ 69.1744545, 41.2582035 ], [ 69.1737582, 41.2577304 ], [ 69.173501, 41.2577369 ], [ 69.1734173, 41.257739 ] ] ] } },
{ "type": "Feature", "properties": { "osm_id": "r1795566", "kind": "cemetery" }, "geometry": { "type": "Polygon", "coordinates": [ [ [ 69.1737582, 41.2577304 ], [ 69.1744545, 41.2582035 ], [ 69.1753336, 41.2581525 ], [ 69.1747232, 41.2577094 ], [ 69.1737582, 41.2577304 ] ] ] } },
{ "type": "Feature", "properties": { "osm_id": "r1795567", "kind": "cemetery" }, "geometry": { "type": "Polygon", "coordinates": [ [ [ 69.1747232, 41.2577094 ], [ 69.1753336, 41.2581525 ], [ 69.1762653, 41.2580799 ], [ 69.1758004, 41.2576721 ], [ 69.1747232, 41.2577094 ] ] ] } },
{ "type": "Feature", "properties": { "osm_id": "r1795568", "kind": "cemetery" }, "geometry": { "type": "Polygon", "coordinates": [ [ [ 69.1744545, 41.2582035 ], [ 69.1746937, 41.2583615 ], [ 69.1748928, 41.2584954 ], [ 69.1752721, 41.258764 ], [ 69.1757131, 41.25909 ], [ 69.1759206, 41.2589675 ], [ 69.1760081, 41.2588821 ], [ 69.176149, 41.2587381 ], [ 69.1760405, 41.2586662 ], [ 69.1753336, 41.2581525 ], [ 69.1744545, 41.2582035 ] ] ] } },
{ "type": "Feature", "properties": { "osm_id": "r1795569", "kind": "cemetery" }, "geometry": { "type": "Polygon", "coordinates": [ [ [ 69.1757131, 41.25909 ], [ 69.1761176, 41.2594235 ], [ 69.1770324, 41.2592626 ], [ 69.1765857, 41.2590016 ], [ 69.176149, 41.2587381 ], [ 69.1760081, 41.2588821 ], [ 69.1759206, 41.2589675 ], [ 69.1757131, 41.25909 ] ] ] } },
{ "type": "Feature", "properties": { "osm_id": "r1795570", "kind": "cemetery" }, "geometry": { "type": "Polygon", "coordinates": [ [ [ 69.1761176, 41.2594235 ], [ 69.1763494, 41.2596244 ], [ 69.1764743, 41.2597249 ], [ 69.1772261, 41.2593808 ], [ 69.1770324, 41.2592626 ], [ 69.1761176, 41.2594235 ] ] ] } },
{ "type": "Feature", "properties": { "osm_id": "r1795571", "kind": "cemetery" }, "geometry": { "type": "Polygon", "coordinates": [ [ [ 69.1687437, 41.2576017 ], [ 69.1687522, 41.2577689 ], [ 69.173117, 41.2577374 ], [ 69.1734173, 41.257739 ], [ 69.173501, 41.2577369 ], [ 69.1737582, 41.2577304 ], [ 69.1747232, 41.2577094 ], [ 69.1758004, 41.2576721 ], [ 69.1767149, 41.2576457 ], [ 69.1767227, 41.257492 ], [ 69.1760414, 41.2575107 ], [ 69.1754987, 41.257522 ], [ 69.1747515, 41.2575359 ], [ 69.1740558, 41.2575437 ], [ 69.1734635, 41.2575469 ], [ 69.1731073, 41.2575488 ], [ 69.1723351, 41.2575635 ], [ 69.1717604, 41.2575676 ], [ 69.1712317, 41.2575692 ], [ 69.1704177, 41.2575749 ], [ 69.1699762, 41.2575873 ], [ 69.1693614, 41.2575924 ], [ 69.1687437, 41.2576017 ] ] ] } },
{ "type": "Feature", "properties": { "osm_id": "r1795586", "kind": "cemetery" }, "geometry": { "type": "Polygon", "coordinates": [ [ [ 69.1638676, 41.2541575 ], [ 69.1640116, 41.254252 ], [ 69.164487, 41.2545636 ], [ 69.1645326, 41.2545704 ], [ 69.1647122, 41.2546548 ], [ 69.1648382, 41.2547061 ], [ 69.1650522, 41.2547031 ], [ 69.1652277, 41.2547727 ], [ 69.1657183, 41.2543339 ], [ 69.1656617, 41.2540894 ], [ 69.1656431, 41.2540086 ], [ 69.1655831, 41.2540137 ], [ 69.165554, 41.2539882 ], [ 69.1650601, 41.2540339 ], [ 69.1642604, 41.2541121 ], [ 69.1638676, 41.2541575 ] ] ] } },
{ "type": "Feature", "properties": { "osm_id": "r1795587", "kind": "cemetery" }, "geometry": { "type": "Polygon", "coordinates": [ [ [ 69.1652277, 41.2547727 ], [ 69.1654142, 41.2548661 ], [ 69.1657882, 41.2552208 ], [ 69.1660354, 41.2551875 ], [ 69.1657978, 41.2546546 ], [ 69.1657183, 41.2543339 ], [ 69.1652277, 41.2547727 ] ] ] } },
{ "type": "Feature", "properties": { "osm_id": "r1795588", "kind": "cemetery" }, "geometry": { "type": "Polygon", "coordinates": [ [ [ 69.1656431, 41.2540086 ], [ 69.1656617, 41.2540894 ], [ 69.1657183, 41.2543339 ], [ 69.1657978, 41.2546546 ], [ 69.1666651, 41.2544734 ], [ 69.1674072, 41.2543297 ], [ 69.1673949, 41.2542531 ], [ 69.1673243, 41.2542474 ], [ 69.1672618, 41.2539568 ], [ 69.1672531, 41.2539251 ], [ 69.1672284, 41.2539062 ], [ 69.1672013, 41.2538926 ], [ 69.1671592, 41.2538834 ], [ 69.1656431, 41.2540086 ] ] ] } },
{ "type": "Feature", "properties": { "osm_id": "r1795589", "kind": "cemetery" }, "geometry": { "type": "Polygon", "coordinates": [ [ [ 69.1657978, 41.2546546 ], [ 69.1660354, 41.2551875 ], [ 69.166345, 41.2551403 ], [ 69.1668148, 41.2549075 ], [ 69.1666651, 41.2544734 ], [ 69.1657978, 41.2546546 ] ] ] } },
{ "type": "Feature", "properties": { "osm_id": "r1795593", "kind": "cemetery" }, "geometry": { "type": "Polygon", "coordinates": [ [ [ 69.1631573, 41.2559415 ], [ 69.1643721, 41.2570494 ], [ 69.1653561, 41.256462 ], [ 69.1643779, 41.2556887 ], [ 69.1637998, 41.2558117 ], [ 69.1631573, 41.2559415 ] ] ] } },
{ "type": "Feature", "properties": { "osm_id": "r1795594", "kind": "cemetery" }, "geometry": { "type": "Polygon", "coordinates": [ [ [ 69.1643721, 41.2570494 ], [ 69.1648142, 41.2574726 ], [ 69.1650166, 41.2573991 ], [ 69.1651212, 41.2573766 ], [ 69.1652876, 41.2573568 ], [ 69.165714, 41.2573207 ], [ 69.1661205, 41.2572863 ], [ 69.1662177, 41.2572731 ], [ 69.166275, 41.2572318 ], [ 69.1662853, 41.2571937 ], [ 69.1662505, 41.2571662 ], [ 69.1658488, 41.2568499 ], [ 69.1653561, 41.256462 ], [ 69.1643721, 41.2570494 ] ] ] } },
{ "type": "Feature", "properties": { "osm_id": "r1795595", "kind": "cemetery" }, "geometry": { "type": "Polygon", "coordinates": [ [ [ 69.1643779, 41.2556887 ], [ 69.1653561, 41.256462 ], [ 69.1658488, 41.2568499 ], [ 69.1657092, 41.2558328 ], [ 69.1656425, 41.2552695 ], [ 69.164518, 41.2556417 ], [ 69.1643779, 41.2556887 ] ] ] } },
{ "type": "Feature", "properties": { "osm_id": "r1795596", "kind": "cemetery" }, "geometry": { "type": "Polygon", "coordinates": [ [ [ 69.1657092, 41.2558328 ], [ 69.1658488, 41.2568499 ], [ 69.1665104, 41.2563855 ], [ 69.1657092, 41.2558328 ] ] ] } },
{ "type": "Feature", "properties": { "osm_id": "r1795603", "kind": "cemetery" }, "geometry": { "type": "Polygon", "coordinates": [ [ [ 69.1666889, 41.2577652 ], [ 69.1667462, 41.2577792 ], [ 69.1677666, 41.2577741 ], [ 69.1681923, 41.2572633 ], [ 69.1679915, 41.2571353 ], [ 69.1678865, 41.2570684 ], [ 69.1672422, 41.2574711 ], [ 69.1671834, 41.2575535 ], [ 69.1670817, 41.2576137 ], [ 69.166897, 41.2576766 ], [ 69.1666889, 41.2577652 ] ] ] } },
{ "type": "Feature", "properties": { "osm_id": "r1795604", "kind": "cemetery" }, "geometry": { "type": "Polygon", "coordinates": [ [ [ 69.1678865, 41.2570684 ], [ 69.1679915, 41.2571353 ], [ 69.1681923, 41.2572633 ], [ 69.1687437, 41.2576017 ], [ 69.1687412, 41.2570976 ], [ 69.1682851, 41.256881 ], [ 69.1681762, 41.2568293 ], [ 69.1678865, 41.2570684 ] ] ] } },
{ "type": "Feature", "properties": { "osm_id": "r1795605", "kind": "cemetery" }, "geometry": { "type": "Polygon", "coordinates": [ [ [ 69.1681762, 41.2568293 ], [ 69.1682851, 41.256881 ], [ 69.1687412, 41.2570976 ], [ 69.1687403, 41.2567528 ], [ 69.1686783, 41.2564281 ], [ 69.1686505, 41.2563887 ], [ 69.1683491, 41.2566871 ], [ 69.1681762, 41.2568293 ] ] ] } },
{ "type": "Feature", "properties": { "osm_id": "r1795611", "kind": "cemetery" }, "geometry": { "type": "Polygon", "coordinates": [ [ [ 69.1648142, 41.2574726 ], [ 69.1649702, 41.257599 ], [ 69.1658278, 41.2575925 ], [ 69.165714, 41.2573207 ], [ 69.1652876, 41.2573568 ], [ 69.1651212, 41.2573766 ], [ 69.1650166, 41.2573991 ], [ 69.1648142, 41.2574726 ] ] ] } },
{ "type": "Feature", "properties": { "osm_id": "r1795612", "kind": "cemetery" }, "geometry": { "type": "Polygon", "coordinates": [ [ [ 69.165714, 41.2573207 ], [ 69.1658278, 41.2575925 ], [ 69.1665527, 41.2576005 ], [ 69.166631, 41.2575968 ], [ 69.1667171, 41.2575368 ], [ 69.1662853, 41.2571937 ], [ 69.166275, 41.2572318 ], [ 69.1662177, 41.2572731 ], [ 69.1661205, 41.2572863 ], [ 69.165714, 41.2573207 ] ] ] } },
{ "type": "Feature", "properties": { "osm_id": "r1795613", "kind": "cemetery" }, "geometry": { "type": "Polygon", "coordinates": [ [ [ 69.166345, 41.2551403 ], [ 69.1665376, 41.2552622 ], [ 69.1675871, 41.2552048 ], [ 69.1675713, 41.2551557 ], [ 69.1674072, 41.2543297 ], [ 69.1666651, 41.2544734 ], [ 69.1668148, 41.2549075 ], [ 69.166345, 41.2551403 ] ] ] } },
{ "type": "Feature", "properties": { "osm_id": "r1795614", "kind": "cemetery" }, "geometry": { "type": "Polygon", "coordinates": [ [ [ 69.1656425, 41.2552695 ], [ 69.1657092, 41.2558328 ], [ 69.1665104, 41.2563855 ], [ 69.1670308, 41.2567446 ], [ 69.1672248, 41.256647 ], [ 69.1674999, 41.2563967 ], [ 69.1677556, 41.2561357 ], [ 69.1665376, 41.2552622 ], [ 69.166345, 41.2551403 ], [ 69.1660354, 41.2551875 ], [ 69.1657882, 41.2552208 ], [ 69.1656425, 41.2552695 ] ] ] } },
{ "type": "Feature", "properties": { "osm_id": "r1795615", "kind": "cemetery" }, "geometry": { "type": "Polygon", "coordinates": [ [ [ 69.1658488, 41.2568499 ], [ 69.1662505, 41.2571662 ], [ 69.1666299, 41.2569563 ], [ 69.1668302, 41.2568455 ], [ 69.1670308, 41.2567446 ], [ 69.1665104, 41.2563855 ], [ 69.1658488, 41.2568499 ] ] ] } },
{ "type": "Feature", "properties": { "osm_id": "r1795616", "kind": "cemetery" }, "geometry": { "type": "Polygon", "coordinates": [ [ [ 69.1665376, 41.2552622 ], [ 69.1677556, 41.2561357 ], [ 69.1679937, 41.2559558 ], [ 69.1681994, 41.2558391 ], [ 69.1684552, 41.2556701 ], [ 69.1682666, 41.2553192 ], [ 69.1681629, 41.255166 ], [ 69.1675871, 41.2552048 ], [ 69.1665376, 41.2552622 ] ] ] } },
{ "type": "Feature", "properties": { "osm_id": "r1795622", "kind": "cemetery" }, "geometry": { "type": "Polygon", "coordinates": [ [ [ 69.1758004, 41.2576721 ], [ 69.1762653, 41.2580799 ], [ 69.1766534, 41.2580817 ], [ 69.1766384, 41.2579102 ], [ 69.1767149, 41.2576457 ], [ 69.1758004, 41.2576721 ] ] ] } },
{ "type": "Feature", "properties": { "osm_id": "r1795623", "kind": "cemetery" }, "geometry": { "type": "Polygon", "coordinates": [ [ [ 69.1753336, 41.2581525 ], [ 69.1760405, 41.2586662 ], [ 69.176149, 41.2587381 ], [ 69.1765857, 41.2590016 ], [ 69.1772268, 41.2588604 ], [ 69.1768996, 41.2581066 ], [ 69.1766534, 41.2580817 ], [ 69.1762653, 41.2580799 ], [ 69.1753336, 41.2581525 ] ] ] } },
{ "type": "Feature", "properties": { "osm_id": "r1795624", "kind": "cemetery" }, "geometry": { "type": "Polygon", "coordinates": [ [ [ 69.1766534, 41.2580817 ], [ 69.1768996, 41.2581066 ], [ 69.17725, 41.2581092 ], [ 69.1776598, 41.258092 ], [ 69.1782602, 41.258106 ], [ 69.1781572, 41.2576175 ], [ 69.1767149, 41.2576457 ], [ 69.1766384, 41.2579102 ], [ 69.1766534, 41.2580817 ] ] ] } },
{ "type": "Feature", "properties": { "osm_id": "r1795625", "kind": "cemetery" }, "geometry": { "type": "Polygon", "coordinates": [ [ [ 69.1768996, 41.2581066 ], [ 69.1772268, 41.2588604 ], [ 69.1774627, 41.25932 ], [ 69.1784676, 41.2592761 ], [ 69.1782602, 41.258106 ], [ 69.1776598, 41.258092 ], [ 69.17725, 41.2581092 ], [ 69.1768996, 41.2581066 ] ] ] } },
{ "type": "Feature", "properties": { "osm_id": "r1795626", "kind": "cemetery" }, "geometry": { "type": "Polygon", "coordinates": [ [ [ 69.1772261, 41.2593808 ], [ 69.1777015, 41.2600417 ], [ 69.178532, 41.2599889 ], [ 69.1785144, 41.2598444 ], [ 69.1784912, 41.2595629 ], [ 69.1784676, 41.2592761 ], [ 69.1774627, 41.25932 ], [ 69.1773857, 41.2593234 ], [ 69.1772261, 41.2593808 ] ] ] } },
{ "type": "Feature", "properties": { "osm_id": "r1795627", "kind": "cemetery" }, "geometry": { "type": "Polygon", "coordinates": [ [ [ 69.1662505, 41.2571662 ], [ 69.1662853, 41.2571937 ], [ 69.1667171, 41.2575368 ], [ 69.166852, 41.2576328 ], [ 69.166897, 41.2576766 ], [ 69.1670817, 41.2576137 ], [ 69.1671834, 41.2575535 ], [ 69.1672422, 41.2574711 ], [ 69.1671789, 41.2574179 ], [ 69.1666299, 41.2569563 ], [ 69.1662505, 41.2571662 ] ] ] } },
{ "type": "Feature", "properties": { "osm_id": "r1795637", "kind": "cemetery" }, "geometry": { "type": "Polygon", "coordinates": [ [ [ 69.179744, 41.2586831 ], [ 69.1799473, 41.2591928 ], [ 69.18039, 41.2591352 ], [ 69.1802328, 41.2586385 ], [ 69.179744, 41.2586831 ] ] ] } },
{ "type": "Feature", "properties": { "osm_id": "r1795638", "kind": "cemetery" }, "geometry": { "type": "Polygon", "coordinates": [ [ [ 69.1799473, 41.2591928 ], [ 69.180028, 41.2594469 ], [ 69.1808918, 41.2593904 ], [ 69.1808133, 41.2590825 ], [ 69.18039, 41.2591352 ], [ 69.1799473, 41.2591928 ] ] ] } },
{ "type": "Feature", "properties": { "osm_id": "r1795639", "kind": "cemetery" }, "geometry": { "type": "Polygon", "coordinates": [ [ [ 69.1781572, 41.2576175 ], [ 69.1782602, 41.258106 ], [ 69.1795484, 41.25816 ], [ 69.1794151, 41.2575986 ], [ 69.1781572, 41.2576175 ] ] ] } },
{ "type": "Feature", "properties": { "osm_id": "r1795640", "kind": "cemetery" }, "geometry": { "type": "Polygon", "coordinates": [ [ [ 69.1782602, 41.258106 ], [ 69.1784676, 41.2592761 ], [ 69.1797219, 41.2592174 ], [ 69.1799473, 41.2591928 ], [ 69.179744, 41.2586831 ], [ 69.1796046, 41.2582801 ], [ 69.1795484, 41.25816 ], [ 69.1782602, 41.258106 ] ] ] } },
{ "type": "Feature", "properties": { "osm_id": "r1795641", "kind": "cemetery" }, "geometry": { "type": "Polygon", "coordinates": [ [ [ 69.1795484, 41.25816 ], [ 69.1796046, 41.2582801 ], [ 69.1801156, 41.2582798 ], [ 69.1802328, 41.2586385 ], [ 69.18039, 41.2591352 ], [ 69.1808133, 41.2590825 ], [ 69.1805673, 41.2581831 ], [ 69.1800839, 41.2581721 ], [ 69.1795484, 41.25816 ] ] ] } },
{ "type": "Feature", "properties": { "osm_id": "r1795642", "kind": "cemetery" }, "geometry": { "type": "Polygon", "coordinates": [ [ [ 69.1796046, 41.2582801 ], [ 69.179744, 41.2586831 ], [ 69.1802328, 41.2586385 ], [ 69.1801156, 41.2582798 ], [ 69.1796046, 41.2582801 ] ] ] } },
{ "type": "Feature", "properties": { "osm_id": "r1795643", "kind": "cemetery" }, "geometry": { "type": "Polygon", "coordinates": [ [ [ 69.1784676, 41.2592761 ], [ 69.1784912, 41.2595629 ], [ 69.180028, 41.2594469 ], [ 69.1799473, 41.2591928 ], [ 69.1797219, 41.2592174 ], [ 69.1784676, 41.2592761 ] ] ] } },
{ "type": "Feature", "properties": { "osm_id": "r1795644", "kind": "cemetery" }, "geometry": { "type": "Polygon", "coordinates": [ [ [ 69.180028, 41.2594469 ], [ 69.1801255, 41.2596844 ], [ 69.1806126, 41.2596184 ], [ 69.1809571, 41.2595616 ], [ 69.180911, 41.2594657 ], [ 69.1808918, 41.2593904 ], [ 69.180028, 41.2594469 ] ] ] } },
{ "type": "Feature", "properties": { "osm_id": "r1795645", "kind": "cemetery" }, "geometry": { "type": "Polygon", "coordinates": [ [ [ 69.1784912, 41.2595629 ], [ 69.1785144, 41.2598444 ], [ 69.1791358, 41.2598186 ], [ 69.1801255, 41.2596844 ], [ 69.180028, 41.2594469 ], [ 69.1784912, 41.2595629 ] ] ] } },
{ "type": "Feature", "properties": { "osm_id": "r1795646", "kind": "cemetery" }, "geometry": { "type": "Polygon", "coordinates": [ [ [ 69.1799237, 41.2575884 ], [ 69.1800839, 41.2581721 ], [ 69.1805673, 41.2581831 ], [ 69.1804203, 41.2575785 ], [ 69.1799237, 41.2575884 ] ] ] } },
{ "type": "Feature", "properties": { "osm_id": "r1795647", "kind": "cemetery" }, "geometry": { "type": "Polygon", "coordinates": [ [ [ 69.1794151, 41.2575986 ], [ 69.1795484, 41.25816 ], [ 69.1800839, 41.2581721 ], [ 69.1799237, 41.2575884 ], [ 69.1794151, 41.2575986 ] ] ] } },
{ "type": "Feature", "properties": { "osm_id": "r1795648", "kind": "cemetery" }, "geometry": { "type": "Polygon", "coordinates": [ [ [ 69.1767149, 41.2576457 ], [ 69.1781572, 41.2576175 ], [ 69.1794151, 41.2575986 ], [ 69.1799237, 41.2575884 ], [ 69.1804203, 41.2575785 ], [ 69.1802939, 41.2574074 ], [ 69.1797468, 41.2574215 ], [ 69.1790826, 41.2574377 ], [ 69.1785052, 41.2574536 ], [ 69.1780389, 41.2574632 ], [ 69.1775052, 41.2574748 ], [ 69.176912, 41.2574871 ], [ 69.1767227, 41.257492 ], [ 69.1767149, 41.2576457 ] ] ] } },
{ "type": "Feature", "properties": { "osm_id": "r1795653", "kind": "cemetery" }, "geometry": { "type": "Polygon", "coordinates": [ [ [ 69.1849797, 41.2582642 ], [ 69.1849903, 41.2582839 ], [ 69.1850117, 41.2583236 ], [ 69.1851553, 41.2586248 ], [ 69.1851525, 41.2587264 ], [ 69.1852312, 41.2587707 ], [ 69.1854597, 41.259206 ], [ 69.1865193, 41.2589575 ], [ 69.1869906, 41.2588419 ], [ 69.1868002, 41.2583315 ], [ 69.1867321, 41.2581746 ], [ 69.1869853, 41.2580981 ], [ 69.18724, 41.2580255 ], [ 69.1875657, 41.2579195 ], [ 69.1874397, 41.2576981 ], [ 69.1873009, 41.2574783 ], [ 69.1868502, 41.2567219 ], [ 69.1867893, 41.2565939 ], [ 69.1861985, 41.2567562 ], [ 69.1861363, 41.2567803 ], [ 69.1865344, 41.2577368 ], [ 69.1860632, 41.2578957 ], [ 69.1856523, 41.2580408 ], [ 69.1849797, 41.2582642 ] ] ] } },
{ "type": "Feature", "properties": { "osm_id": "r1795664", "kind": "cemetery" }, "geometry": { "type": "Polygon", "coordinates": [ [ [ 69.1830972, 41.2579201 ], [ 69.1832791, 41.2583165 ], [ 69.1837156, 41.2581902 ], [ 69.1836112, 41.2578892 ], [ 69.1832371, 41.2578724 ], [ 69.1830972, 41.2579201 ] ] ] } },
{ "type": "Feature", "properties": { "osm_id": "r1795665", "kind": "cemetery" }, "geometry": { "type": "Polygon", "coordinates": [ [ [ 69.1824129, 41.2575436 ], [ 69.1825733, 41.2580241 ], [ 69.1827384, 41.2584716 ], [ 69.1832791, 41.2583165 ], [ 69.1830972, 41.2579201 ], [ 69.1829418, 41.2579731 ], [ 69.1828844, 41.257986 ], [ 69.1828038, 41.2577615 ], [ 69.1827233, 41.2575382 ], [ 69.1824129, 41.2575436 ] ] ] } },
{ "type": "Feature", "properties": { "osm_id": "r1795666", "kind": "cemetery" }, "geometry": { "type": "Polygon", "coordinates": [ [ [ 69.1832791, 41.2583165 ], [ 69.1836268, 41.2589967 ], [ 69.1839651, 41.2589095 ], [ 69.183849, 41.2585747 ], [ 69.1837156, 41.2581902 ], [ 69.1832791, 41.2583165 ] ] ] } },
{ "type": "Feature", "properties": { "osm_id": "r1795667", "kind": "cemetery" }, "geometry": { "type": "Polygon", "coordinates": [ [ [ 69.1830744, 41.2575321 ], [ 69.18313, 41.257671 ], [ 69.18319, 41.2577711 ], [ 69.1832371, 41.2578724 ], [ 69.1836112, 41.2578892 ], [ 69.1836212, 41.257806 ], [ 69.1836874, 41.2577016 ], [ 69.1838578, 41.2575775 ], [ 69.1840403, 41.2575048 ], [ 69.1830744, 41.2575321 ] ] ] } },
{ "type": "Feature", "properties": { "osm_id": "r1795668", "kind": "cemetery" }, "geometry": { "type": "Polygon", "coordinates": [ [ [ 69.1828038, 41.2577615 ], [ 69.1828844, 41.257986 ], [ 69.1829418, 41.2579731 ], [ 69.1830972, 41.2579201 ], [ 69.1832371, 41.2578724 ], [ 69.18319, 41.2577711 ], [ 69.18313, 41.257671 ], [ 69.1828038, 41.2577615 ] ] ] } },
{ "type": "Feature", "properties": { "osm_id": "r1795669", "kind": "cemetery" }, "geometry": { "type": "Polygon", "coordinates": [ [ [ 69.1817539, 41.2575551 ], [ 69.1818626, 41.2580738 ], [ 69.1825733, 41.2580241 ], [ 69.1824129, 41.2575436 ], [ 69.1817539, 41.2575551 ] ] ] } },
{ "type": "Feature", "properties": { "osm_id": "r1795670", "kind": "cemetery" }, "geometry": { "type": "Polygon", "coordinates": [ [ [ 69.1805673, 41.2581831 ], [ 69.1808133, 41.2590825 ], [ 69.1827938, 41.2586141 ], [ 69.1827384, 41.2584716 ], [ 69.1825733, 41.2580241 ], [ 69.1818626, 41.2580738 ], [ 69.1805673, 41.2581831 ] ] ] } },
{ "type": "Feature", "properties": { "osm_id": "r1795671", "kind": "cemetery" }, "geometry": { "type": "Polygon", "coordinates": [ [ [ 69.1827384, 41.2584716 ], [ 69.1827938, 41.2586141 ], [ 69.1830439, 41.2591468 ], [ 69.1836268, 41.2589967 ], [ 69.1832791, 41.2583165 ], [ 69.1827384, 41.2584716 ] ] ] } },
{ "type": "Feature", "properties": { "osm_id": "r1795672", "kind": "cemetery" }, "geometry": { "type": "Polygon", "coordinates": [ [ [ 69.1804203, 41.2575785 ], [ 69.1805673, 41.2581831 ], [ 69.1818626, 41.2580738 ], [ 69.1817539, 41.2575551 ], [ 69.1804203, 41.2575785 ] ] ] } },
{ "type": "Feature", "properties": { "osm_id": "r1795673", "kind": "cemetery" }, "geometry": { "type": "Polygon", "coordinates": [ [ [ 69.1827233, 41.2575382 ], [ 69.1828038, 41.2577615 ], [ 69.18313, 41.257671 ], [ 69.1830744, 41.2575321 ], [ 69.1827233, 41.2575382 ] ] ] } },
{ "type": "Feature", "properties": { "osm_id": "r1795674", "kind": "cemetery" }, "geometry": { "type": "Polygon", "coordinates": [ [ [ 69.1808133, 41.2590825 ], [ 69.1808918, 41.2593904 ], [ 69.180911, 41.2594657 ], [ 69.1809571, 41.2595616 ], [ 69.1830439, 41.2591468 ], [ 69.1827938, 41.2586141 ], [ 69.1808133, 41.2590825 ] ] ] } },
{ "type": "Feature", "properties": { "osm_id": "r1795682", "kind": "cemetery" }, "geometry": { "type": "Polygon", "coordinates": [ [ [ 69.1836112, 41.2578892 ], [ 69.1837156, 41.2581902 ], [ 69.1846041, 41.2578845 ], [ 69.1846938, 41.2578488 ], [ 69.184658, 41.2577799 ], [ 69.1845705, 41.2575818 ], [ 69.184488, 41.257477 ], [ 69.1843485, 41.257486 ], [ 69.1840403, 41.2575048 ], [ 69.1838578, 41.2575775 ], [ 69.1836874, 41.2577016 ], [ 69.1836212, 41.257806 ], [ 69.1836112, 41.2578892 ] ] ] } },
{ "type": "Feature", "properties": { "osm_id": "r1795683", "kind": "cemetery" }, "geometry": { "type": "Polygon", "coordinates": [ [ [ 69.1837156, 41.2581902 ], [ 69.183849, 41.2585747 ], [ 69.1848288, 41.258309 ], [ 69.1849138, 41.2582837 ], [ 69.1848408, 41.2581391 ], [ 69.1846938, 41.2578488 ], [ 69.1846041, 41.2578845 ], [ 69.1837156, 41.2581902 ] ] ] } },
{ "type": "Feature", "properties": { "osm_id": "r1795684", "kind": "cemetery" }, "geometry": { "type": "Polygon", "coordinates": [ [ [ 69.183849, 41.2585747 ], [ 69.1839651, 41.2589095 ], [ 69.1848858, 41.2585418 ], [ 69.1850126, 41.2584912 ], [ 69.1849671, 41.2583869 ], [ 69.1849138, 41.2582837 ], [ 69.1848288, 41.258309 ], [ 69.183849, 41.2585747 ] ] ] } },
{ "type": "Feature", "properties": { "osm_id": "r1795685", "kind": "cemetery" }, "geometry": { "type": "Polygon", "coordinates": [ [ [ 69.1839651, 41.2589095 ], [ 69.1839939, 41.2589678 ], [ 69.1840137, 41.2590097 ], [ 69.1844777, 41.2590035 ], [ 69.1847481, 41.2590825 ], [ 69.1849405, 41.2590455 ], [ 69.1850509, 41.2591341 ], [ 69.1851663, 41.2592243 ], [ 69.1850868, 41.259051 ], [ 69.1850856, 41.2588168 ], [ 69.1850614, 41.2586543 ], [ 69.1850358, 41.2585544 ], [ 69.1850126, 41.2584912 ], [ 69.1848858, 41.2585418 ], [ 69.1839651, 41.2589095 ] ] ] } },
{ "type": "Feature", "properties": { "osm_id": "r1795733", "kind": "cemetery" }, "geometry": { "type": "Polygon", "coordinates": [ [ [ 69.1730306, 41.2566638 ], [ 69.173087, 41.2567276 ], [ 69.1731073, 41.2575488 ], [ 69.1736961, 41.2569674 ], [ 69.174064, 41.2565752 ], [ 69.1739978, 41.2565698 ], [ 69.1740144, 41.2565503 ], [ 69.1740134, 41.2565462 ], [ 69.1739942, 41.2562111 ], [ 69.1739081, 41.2561756 ], [ 69.1736966, 41.2561378 ], [ 69.1733024, 41.2562748 ], [ 69.1733039, 41.2563506 ], [ 69.1732454, 41.2566569 ], [ 69.1730306, 41.2566638 ] ] ] } },
{ "type": "Feature", "properties": { "osm_id": "r1795734", "kind": "cemetery" }, "geometry": { "type": "Polygon", "coordinates": [ [ [ 69.1702426, 41.2560319 ], [ 69.1702604, 41.2561615 ], [ 69.1703049, 41.2566409 ], [ 69.1708472, 41.2566245 ], [ 69.1711812, 41.2566528 ], [ 69.1712495, 41.2566587 ], [ 69.1716484, 41.2567185 ], [ 69.1717419, 41.2567385 ], [ 69.1717413, 41.2562929 ], [ 69.1717316, 41.2561894 ], [ 69.1716994, 41.2562056 ], [ 69.1714227, 41.2562949 ], [ 69.1710857, 41.2563724 ], [ 69.1709138, 41.2563808 ], [ 69.1707621, 41.2563319 ], [ 69.1707309, 41.2563104 ], [ 69.1706036, 41.2562225 ], [ 69.170405, 41.2561635 ], [ 69.1702644, 41.2560608 ], [ 69.1702426, 41.2560319 ] ] ] } },
{ "type": "Feature", "properties": { "osm_id": "r1795735", "kind": "cemetery" }, "geometry": { "type": "Polygon", "coordinates": [ [ [ 69.1731073, 41.2575488 ], [ 69.1734635, 41.2575469 ], [ 69.1740558, 41.2575437 ], [ 69.1741864, 41.2565757 ], [ 69.174064, 41.2565752 ], [ 69.1736961, 41.2569674 ], [ 69.1731073, 41.2575488 ] ] ] } },
{ "type": "Feature", "properties": { "osm_id": "r1795736", "kind": "cemetery" }, "geometry": { "type": "Polygon", "coordinates": [ [ [ 69.1717419, 41.2567385 ], [ 69.1717604, 41.2575676 ], [ 69.1723351, 41.2575635 ], [ 69.1723145, 41.2567334 ], [ 69.1717419, 41.2567385 ] ] ] } },
{ "type": "Feature", "properties": { "osm_id": "r1795737", "kind": "cemetery" }, "geometry": { "type": "Polygon", "coordinates": [ [ [ 69.1712317, 41.2575692 ], [ 69.1717604, 41.2575676 ], [ 69.1717419, 41.2567385 ], [ 69.1716484, 41.2567185 ], [ 69.1712495, 41.2566587 ], [ 69.1712317, 41.2575692 ] ] ] } },
{ "type": "Feature", "properties": { "osm_id": "r1795738", "kind": "cemetery" }, "geometry": { "type": "Polygon", "coordinates": [ [ [ 69.1703049, 41.2566409 ], [ 69.1704177, 41.2575749 ], [ 69.1712317, 41.2575692 ], [ 69.1712495, 41.2566587 ], [ 69.1711812, 41.2566528 ], [ 69.1708472, 41.2566245 ], [ 69.1703049, 41.2566409 ] ] ] } },
{ "type": "Feature", "properties": { "osm_id": "r1795739", "kind": "cemetery" }, "geometry": { "type": "Polygon", "coordinates": [ [ [ 69.1698369, 41.2566536 ], [ 69.1699762, 41.2575873 ], [ 69.1704177, 41.2575749 ], [ 69.1703049, 41.2566409 ], [ 69.1698369, 41.2566536 ] ] ] } },
{ "type": "Feature", "properties": { "osm_id": "r1795740", "kind": "cemetery" }, "geometry": { "type": "Polygon", "coordinates": [ [ [ 69.1692621, 41.2566613 ], [ 69.1693614, 41.2575924 ], [ 69.1699762, 41.2575873 ], [ 69.1698369, 41.2566536 ], [ 69.1692621, 41.2566613 ] ] ] } },
{ "type": "Feature", "properties": { "osm_id": "r1795741", "kind": "cemetery" }, "geometry": { "type": "Polygon", "coordinates": [ [ [ 69.1687403, 41.2567528 ], [ 69.1687412, 41.2570976 ], [ 69.1687437, 41.2576017 ], [ 69.1693614, 41.2575924 ], [ 69.1692621, 41.2566613 ], [ 69.169045, 41.2566668 ], [ 69.1689193, 41.2566863 ], [ 69.1687403, 41.2567528 ] ] ] } },
{ "type": "Feature", "properties": { "osm_id": "r1795742", "kind": "cemetery" }, "geometry": { "type": "Polygon", "coordinates": [ [ [ 69.1686609, 41.2563774 ], [ 69.1686683, 41.2563835 ], [ 69.1686783, 41.2564281 ], [ 69.1687403, 41.2567528 ], [ 69.1689193, 41.2566863 ], [ 69.169045, 41.2566668 ], [ 69.1692621, 41.2566613 ], [ 69.1692421, 41.256359 ], [ 69.1697729, 41.2559107 ], [ 69.1698505, 41.2558372 ], [ 69.1697287, 41.2558098 ], [ 69.1696189, 41.2557145 ], [ 69.1694451, 41.255731 ], [ 69.1691525, 41.2559322 ], [ 69.1689039, 41.2561498 ], [ 69.1686609, 41.2563774 ] ] ] } },
{ "type": "Feature", "properties": { "osm_id": "r1795743", "kind": "cemetery" }, "geometry": { "type": "Polygon", "coordinates": [ [ [ 69.1692421, 41.256359 ], [ 69.1692621, 41.2566613 ], [ 69.1698369, 41.2566536 ], [ 69.1703049, 41.2566409 ], [ 69.1702604, 41.2561615 ], [ 69.1702426, 41.2560319 ], [ 69.1701528, 41.2559126 ], [ 69.1699608, 41.255862 ], [ 69.1698505, 41.2558372 ], [ 69.1697729, 41.2559107 ], [ 69.1692421, 41.256359 ] ] ] } },
{ "type": "Feature", "properties": { "osm_id": "r1795744", "kind": "cemetery" }, "geometry": { "type": "Polygon", "coordinates": [ [ [ 69.1717316, 41.2561894 ], [ 69.1717413, 41.2562929 ], [ 69.1717419, 41.2567385 ], [ 69.1723145, 41.2567334 ], [ 69.173087, 41.2567276 ], [ 69.1730306, 41.2566638 ], [ 69.1730003, 41.2565677 ], [ 69.1729509, 41.256291 ], [ 69.1730398, 41.2562124 ], [ 69.1729225, 41.2562157 ], [ 69.1726346, 41.2562208 ], [ 69.1723467, 41.2562258 ], [ 69.1722239, 41.2561669 ], [ 69.1720565, 41.2560945 ], [ 69.1719003, 41.2561046 ], [ 69.1717316, 41.2561894 ] ] ] } },
{ "type": "Feature", "properties": { "osm_id": "r1795745", "kind": "cemetery" }, "geometry": { "type": "Polygon", "coordinates": [ [ [ 69.1723145, 41.2567334 ], [ 69.1723351, 41.2575635 ], [ 69.1731073, 41.2575488 ], [ 69.173087, 41.2567276 ], [ 69.1723145, 41.2567334 ] ] ] } },
{ "type": "Feature", "properties": { "osm_id": "r1795746", "kind": "cemetery" }, "geometry": { "type": "Polygon", "coordinates": [ [ [ 69.1729509, 41.256291 ], [ 69.1730003, 41.2565677 ], [ 69.1730306, 41.2566638 ], [ 69.1732454, 41.2566569 ], [ 69.1733039, 41.2563506 ], [ 69.1733024, 41.2562748 ], [ 69.1736966, 41.2561378 ], [ 69.1739081, 41.2561756 ], [ 69.1739942, 41.2562111 ], [ 69.1739942, 41.2561569 ], [ 69.1740135, 41.2560962 ], [ 69.1740419, 41.2560064 ], [ 69.173957, 41.2560511 ], [ 69.1735141, 41.2560786 ], [ 69.1733041, 41.2561787 ], [ 69.1731591, 41.256209 ], [ 69.1730398, 41.2562124 ], [ 69.1729509, 41.256291 ] ] ] } },
{ "type": "Feature", "properties": { "osm_id": "r1795752", "kind": "cemetery" }, "geometry": { "type": "Polygon", "coordinates": [ [ [ 69.1754987, 41.257522 ], [ 69.1760414, 41.2575107 ], [ 69.1761811, 41.2565949 ], [ 69.1755123, 41.2565969 ], [ 69.1754987, 41.257522 ] ] ] } },
{ "type": "Feature", "properties": { "osm_id": "r1795753", "kind": "cemetery" }, "geometry": { "type": "Polygon", "coordinates": [ [ [ 69.1747515, 41.2575359 ], [ 69.1754987, 41.257522 ], [ 69.1755123, 41.2565969 ], [ 69.1748693, 41.2565861 ], [ 69.1747515, 41.2575359 ] ] ] } },
{ "type": "Feature", "properties": { "osm_id": "r1795754", "kind": "cemetery" }, "geometry": { "type": "Polygon", "coordinates": [ [ [ 69.1740558, 41.2575437 ], [ 69.1747515, 41.2575359 ], [ 69.1748693, 41.2565861 ], [ 69.1741864, 41.2565757 ], [ 69.1740558, 41.2575437 ] ] ] } },
{ "type": "Feature", "properties": { "osm_id": "r1795765", "kind": "cemetery" }, "geometry": { "type": "Polygon", "coordinates": [ [ [ 69.1739942, 41.2562111 ], [ 69.1740134, 41.2565462 ], [ 69.1740144, 41.2565503 ], [ 69.1741198, 41.2564262 ], [ 69.1742736, 41.2563409 ], [ 69.1744161, 41.2563033 ], [ 69.1745247, 41.2562453 ], [ 69.1746106, 41.2561309 ], [ 69.1746875, 41.2560661 ], [ 69.1747979, 41.2560635 ], [ 69.1748777, 41.2560834 ], [ 69.1752945, 41.2562613 ], [ 69.1754782, 41.2563505 ], [ 69.1755425, 41.2563435 ], [ 69.1749094, 41.2560565 ], [ 69.1745586, 41.2559461 ], [ 69.1741632, 41.2559637 ], [ 69.1741211, 41.2559648 ], [ 69.1740419, 41.2560064 ], [ 69.1740135, 41.2560962 ], [ 69.1739942, 41.2561569 ], [ 69.1739942, 41.2562111 ] ] ] } },
{ "type": "Feature", "properties": { "osm_id": "r1795766", "kind": "cemetery" }, "geometry": { "type": "Polygon", "coordinates": [ [ [ 69.1738698, 41.2552447 ], [ 69.1741342, 41.2559172 ], [ 69.1741632, 41.2559637 ], [ 69.1745586, 41.2559461 ], [ 69.1745697, 41.2559074 ], [ 69.1745493, 41.255791 ], [ 69.174516, 41.2557292 ], [ 69.1742683, 41.2552593 ], [ 69.17431, 41.2551932 ], [ 69.174348, 41.255133 ], [ 69.1742493, 41.2551338 ], [ 69.1740468, 41.255184 ], [ 69.1738698, 41.2552447 ] ] ] } },
{ "type": "Feature", "properties": { "osm_id": "r1795767", "kind": "cemetery" }, "geometry": { "type": "Polygon", "coordinates": [ [ [ 69.1735032, 41.2560485 ], [ 69.1735141, 41.2560786 ], [ 69.173957, 41.2560511 ], [ 69.1740419, 41.2560064 ], [ 69.1741211, 41.2559648 ], [ 69.1741632, 41.2559637 ], [ 69.1741342, 41.2559172 ], [ 69.1738698, 41.2552447 ], [ 69.1737835, 41.2552735 ], [ 69.1736446, 41.255339 ], [ 69.1735725, 41.2554192 ], [ 69.1735373, 41.2556114 ], [ 69.1735081, 41.2558336 ], [ 69.1735032, 41.2560485 ] ] ] } },
{ "type": "Feature", "properties": { "osm_id": "r1796812", "kind": "cemetery" }, "geometry": { "type": "Polygon", "coordinates": [ [ [ 69.176912, 41.2574871 ], [ 69.1775052, 41.2574748 ], [ 69.1776061, 41.2566048 ], [ 69.1769854, 41.2565992 ], [ 69.176912, 41.2574871 ] ] ] } },
{ "type": "Feature", "properties": { "osm_id": "r1796813", "kind": "cemetery" }, "geometry": { "type": "Polygon", "coordinates": [ [ [ 69.1760414, 41.2575107 ], [ 69.1767227, 41.257492 ], [ 69.176912, 41.2574871 ], [ 69.1769854, 41.2565992 ], [ 69.1762413, 41.2565964 ], [ 69.1761811, 41.2565949 ], [ 69.1760414, 41.2575107 ] ] ] } },
{ "type": "Feature", "properties": { "osm_id": "r1796814", "kind": "cemetery" }, "geometry": { "type": "Polygon", "coordinates": [ [ [ 69.1739978, 41.2565698 ], [ 69.174064, 41.2565752 ], [ 69.1741864, 41.2565757 ], [ 69.1748693, 41.2565861 ], [ 69.1755123, 41.2565969 ], [ 69.1753333, 41.2563435 ], [ 69.1752925, 41.2562857 ], [ 69.1752945, 41.2562613 ], [ 69.1748777, 41.2560834 ], [ 69.1747979, 41.2560635 ], [ 69.1746875, 41.2560661 ], [ 69.1746106, 41.2561309 ], [ 69.1745247, 41.2562453 ], [ 69.1744161, 41.2563033 ], [ 69.1742736, 41.2563409 ], [ 69.1741198, 41.2564262 ], [ 69.1740144, 41.2565503 ], [ 69.1739978, 41.2565698 ] ] ] } },
{ "type": "Feature", "properties": { "osm_id": "r1796815", "kind": "cemetery" }, "geometry": { "type": "Polygon", "coordinates": [ [ [ 69.1752925, 41.2562857 ], [ 69.1753333, 41.2563435 ], [ 69.1755123, 41.2565969 ], [ 69.1761811, 41.2565949 ], [ 69.1762413, 41.2565964 ], [ 69.1759106, 41.2560175 ], [ 69.175884, 41.255974 ], [ 69.1758789, 41.2559768 ], [ 69.1758215, 41.2560109 ], [ 69.175809, 41.2560703 ], [ 69.1757804, 41.2562578 ], [ 69.1756879, 41.2563163 ], [ 69.1755425, 41.2563435 ], [ 69.1754782, 41.2563505 ], [ 69.1752945, 41.2562613 ], [ 69.1752925, 41.2562857 ] ] ] } },
{ "type": "Feature", "properties": { "osm_id": "r1796857", "kind": "cemetery" }, "geometry": { "type": "Polygon", "coordinates": [ [ [ 69.1770866, 41.2558682 ], [ 69.1783096, 41.2558938 ], [ 69.1783436, 41.255754 ], [ 69.1784318, 41.2554321 ], [ 69.1784563, 41.2553256 ], [ 69.1784131, 41.2553018 ], [ 69.1783215, 41.2553031 ], [ 69.1782033, 41.2553489 ], [ 69.1781243, 41.2553795 ], [ 69.1781183, 41.2553818 ], [ 69.1779859, 41.2554916 ], [ 69.1778517, 41.2555535 ], [ 69.1776559, 41.2555844 ], [ 69.17762, 41.2555884 ], [ 69.177441, 41.2556001 ], [ 69.1772556, 41.2556417 ], [ 69.1770929, 41.2556773 ], [ 69.1770904, 41.2557542 ], [ 69.1770866, 41.2558682 ] ] ] } },
{ "type": "Feature", "properties": { "osm_id": "r1796858", "kind": "cemetery" }, "geometry": { "type": "Polygon", "coordinates": [ [ [ 69.1783436, 41.255754 ], [ 69.1788382, 41.2557753 ], [ 69.1794028, 41.2557949 ], [ 69.1794442, 41.2556927 ], [ 69.179552, 41.2554423 ], [ 69.1795781, 41.2553382 ], [ 69.1795649, 41.2552851 ], [ 69.1795164, 41.2552679 ], [ 69.1793712, 41.2552412 ], [ 69.1791885, 41.2552243 ], [ 69.1790928, 41.2552445 ], [ 69.1790225, 41.2552594 ], [ 69.1788752, 41.2553228 ], [ 69.178728, 41.255372 ], [ 69.1785285, 41.2553653 ], [ 69.1784563, 41.2553256 ], [ 69.1784318, 41.2554321 ], [ 69.1783436, 41.255754 ] ] ] } },
{ "type": "Feature", "properties": { "osm_id": "r1796859", "kind": "cemetery" }, "geometry": { "type": "Polygon", "coordinates": [ [ [ 69.1797468, 41.2574215 ], [ 69.1802939, 41.2574074 ], [ 69.1804639, 41.2566163 ], [ 69.1799201, 41.2566108 ], [ 69.1797468, 41.2574215 ] ] ] } },
{ "type": "Feature", "properties": { "osm_id": "r1796860", "kind": "cemetery" }, "geometry": { "type": "Polygon", "coordinates": [ [ [ 69.1785052, 41.2574536 ], [ 69.1790826, 41.2574377 ], [ 69.179244, 41.2566091 ], [ 69.1786814, 41.2566119 ], [ 69.1785052, 41.2574536 ] ] ] } },
{ "type": "Feature", "properties": { "osm_id": "r1796861", "kind": "cemetery" }, "geometry": { "type": "Polygon", "coordinates": [ [ [ 69.1780389, 41.2574632 ], [ 69.1785052, 41.2574536 ], [ 69.1786814, 41.2566119 ], [ 69.1781675, 41.2566041 ], [ 69.1780389, 41.2574632 ] ] ] } },
{ "type": "Feature", "properties": { "osm_id": "r1796862", "kind": "cemetery" }, "geometry": { "type": "Polygon", "coordinates": [ [ [ 69.1775052, 41.2574748 ], [ 69.1780389, 41.2574632 ], [ 69.1781675, 41.2566041 ], [ 69.1776061, 41.2566048 ], [ 69.1775052, 41.2574748 ] ] ] } },
{ "type": "Feature", "properties": { "osm_id": "r1796863", "kind": "cemetery" }, "geometry": { "type": "Polygon", "coordinates": [ [ [ 69.1790826, 41.2574377 ], [ 69.1797468, 41.2574215 ], [ 69.1799201, 41.2566108 ], [ 69.179244, 41.2566091 ], [ 69.1790826, 41.2574377 ] ] ] } },
{ "type": "Feature", "properties": { "osm_id": "r1796864", "kind": "cemetery" }, "geometry": { "type": "Polygon", "coordinates": [ [ [ 69.175884, 41.255974 ], [ 69.1759106, 41.2560175 ], [ 69.1762413, 41.2565964 ], [ 69.1769854, 41.2565992 ], [ 69.1770456, 41.2561836 ], [ 69.1770866, 41.2558682 ], [ 69.1770904, 41.2557542 ], [ 69.1770929, 41.2556773 ], [ 69.1769686, 41.2557214 ], [ 69.1769065, 41.2557434 ], [ 69.176638, 41.2557673 ], [ 69.1765373, 41.2558194 ], [ 69.1764401, 41.2558914 ], [ 69.176353, 41.255908 ], [ 69.1761317, 41.2559481 ], [ 69.175884, 41.255974 ] ] ] } },
{ "type": "Feature", "properties": { "osm_id": "r1796865", "kind": "cemetery" }, "geometry": { "type": "Polygon", "coordinates": [ [ [ 69.1786814, 41.2566119 ], [ 69.179244, 41.2566091 ], [ 69.1794028, 41.2557949 ], [ 69.1788382, 41.2557753 ], [ 69.1786814, 41.2566119 ] ] ] } },
{ "type": "Feature", "properties": { "osm_id": "r1796866", "kind": "cemetery" }, "geometry": { "type": "Polygon", "coordinates": [ [ [ 69.1781675, 41.2566041 ], [ 69.1786814, 41.2566119 ], [ 69.1788382, 41.2557753 ], [ 69.1783436, 41.255754 ], [ 69.1783096, 41.2558938 ], [ 69.1782481, 41.2561931 ], [ 69.1781675, 41.2566041 ] ] ] } },
{ "type": "Feature", "properties": { "osm_id": "r1796867", "kind": "cemetery" }, "geometry": { "type": "Polygon", "coordinates": [ [ [ 69.1769854, 41.2565992 ], [ 69.1776061, 41.2566048 ], [ 69.1781675, 41.2566041 ], [ 69.1782481, 41.2561931 ], [ 69.1770456, 41.2561836 ], [ 69.1769854, 41.2565992 ] ] ] } },
{ "type": "Feature", "properties": { "osm_id": "r1796868", "kind": "cemetery" }, "geometry": { "type": "Polygon", "coordinates": [ [ [ 69.1770456, 41.2561836 ], [ 69.1782481, 41.2561931 ], [ 69.1783096, 41.2558938 ], [ 69.1770866, 41.2558682 ], [ 69.1770456, 41.2561836 ] ] ] } },
{ "type": "Feature", "properties": { "osm_id": "r1796874", "kind": "cemetery" }, "geometry": { "type": "Polygon", "coordinates": [ [ [ 69.1809112, 41.2573944 ], [ 69.1814705, 41.2573846 ], [ 69.1816011, 41.2566289 ], [ 69.1810267, 41.256621 ], [ 69.1809112, 41.2573944 ] ] ] } },
{ "type": "Feature", "properties": { "osm_id": "r1796875", "kind": "cemetery" }, "geometry": { "type": "Polygon", "coordinates": [ [ [ 69.1802939, 41.2574074 ], [ 69.1809112, 41.2573944 ], [ 69.1810267, 41.256621 ], [ 69.1804639, 41.2566163 ], [ 69.1802939, 41.2574074 ] ] ] } },
{ "type": "Feature", "properties": { "osm_id": "r1796876", "kind": "cemetery" }, "geometry": { "type": "Polygon", "coordinates": [ [ [ 69.1814705, 41.2573846 ], [ 69.1820492, 41.2573755 ], [ 69.1822072, 41.2566373 ], [ 69.1816011, 41.2566289 ], [ 69.1814705, 41.2573846 ] ] ] } },
{ "type": "Feature", "properties": { "osm_id": "r1796877", "kind": "cemetery" }, "geometry": { "type": "Polygon", "coordinates": [ [ [ 69.1820492, 41.2573755 ], [ 69.1825732, 41.2573643 ], [ 69.1827661, 41.2566431 ], [ 69.1822072, 41.2566373 ], [ 69.1820492, 41.2573755 ] ] ] } },
{ "type": "Feature", "properties": { "osm_id": "r1796878", "kind": "cemetery" }, "geometry": { "type": "Polygon", "coordinates": [ [ [ 69.1825732, 41.2573643 ], [ 69.1833706, 41.2573477 ], [ 69.1834432, 41.256648 ], [ 69.1827661, 41.2566431 ], [ 69.1825732, 41.2573643 ] ] ] } },
{ "type": "Feature", "properties": { "osm_id": "r1796879", "kind": "cemetery" }, "geometry": { "type": "Polygon", "coordinates": [ [ [ 69.179244, 41.2566091 ], [ 69.1799201, 41.2566108 ], [ 69.1800535, 41.2559287 ], [ 69.1800983, 41.2557462 ], [ 69.1799379, 41.2556365 ], [ 69.1798484, 41.2556084 ], [ 69.1797496, 41.2555915 ], [ 69.1796583, 41.2555929 ], [ 69.1795725, 41.2555324 ], [ 69.179552, 41.2554423 ], [ 69.1794442, 41.2556927 ], [ 69.1794028, 41.2557949 ], [ 69.179244, 41.2566091 ] ] ] } },
{ "type": "Feature", "properties": { "osm_id": "r1796880", "kind": "cemetery" }, "geometry": { "type": "Polygon", "coordinates": [ [ [ 69.1802939, 41.2574074 ], [ 69.1804203, 41.2575785 ], [ 69.1817539, 41.2575551 ], [ 69.1824129, 41.2575436 ], [ 69.1827233, 41.2575382 ], [ 69.1830744, 41.2575321 ], [ 69.1840403, 41.2575048 ], [ 69.1843485, 41.257486 ], [ 69.184488, 41.257477 ], [ 69.1844247, 41.2574335 ], [ 69.1843733, 41.2573936 ], [ 69.1843402, 41.2573602 ], [ 69.184323, 41.2573128 ], [ 69.1839847, 41.2573268 ], [ 69.1833706, 41.2573477 ], [ 69.1825732, 41.2573643 ], [ 69.1820492, 41.2573755 ], [ 69.1814705, 41.2573846 ], [ 69.1809112, 41.2573944 ], [ 69.1802939, 41.2574074 ] ] ] } },
{ "type": "Feature", "properties": { "osm_id": "r1796881", "kind": "cemetery" }, "geometry": { "type": "Polygon", "coordinates": [ [ [ 69.1833706, 41.2573477 ], [ 69.1839847, 41.2573268 ], [ 69.184323, 41.2573128 ], [ 69.1843149, 41.2572853 ], [ 69.1842862, 41.2570668 ], [ 69.1842074, 41.256872 ], [ 69.1840678, 41.2567404 ], [ 69.1839449, 41.2566244 ], [ 69.183818, 41.2565682 ], [ 69.1836386, 41.2565649 ], [ 69.1835714, 41.2565406 ], [ 69.1834819, 41.2564556 ], [ 69.1834529, 41.2564822 ], [ 69.183491, 41.2565637 ], [ 69.183484, 41.2566019 ], [ 69.1834432, 41.256648 ], [ 69.1833706, 41.2573477 ] ] ] } },
{ "type": "Feature", "properties": { "osm_id": "r1796892", "kind": "cemetery" }, "geometry": { "type": "Polygon", "coordinates": [ [ [ 69.1828785, 41.2561863 ], [ 69.1829151, 41.2562135 ], [ 69.182949, 41.256247 ], [ 69.1829929, 41.2562747 ], [ 69.1830656, 41.2562851 ], [ 69.1831473, 41.2562756 ], [ 69.183196, 41.2562717 ], [ 69.1832453, 41.2562741 ], [ 69.1832674, 41.256277 ], [ 69.1832733, 41.2562824 ], [ 69.1833054, 41.2561492 ], [ 69.183363, 41.2559429 ], [ 69.183444, 41.2556357 ], [ 69.1829763, 41.2555905 ], [ 69.1828827, 41.2560676 ], [ 69.1828785, 41.2561863 ] ] ] } },
{ "type": "Feature", "properties": { "osm_id": "r1796893", "kind": "cemetery" }, "geometry": { "type": "Polygon", "coordinates": [ [ [ 69.1799201, 41.2566108 ], [ 69.1804639, 41.2566163 ], [ 69.180629, 41.2557714 ], [ 69.1806429, 41.255696 ], [ 69.1804861, 41.2557237 ], [ 69.1803071, 41.2557744 ], [ 69.1802079, 41.2557763 ], [ 69.1800983, 41.2557462 ], [ 69.1800535, 41.2559287 ], [ 69.1799201, 41.2566108 ] ] ] } },
{ "type": "Feature", "properties": { "osm_id": "r1796898", "kind": "cemetery" }, "geometry": { "type": "Polygon", "coordinates": [ [ [ 69.1806429, 41.255696 ], [ 69.1806855, 41.2556914 ], [ 69.1809859, 41.2556864 ], [ 69.1812171, 41.2556999 ], [ 69.1812512, 41.2555702 ], [ 69.1812849, 41.2554272 ], [ 69.181375, 41.2550033 ], [ 69.1807692, 41.2549437 ], [ 69.1807006, 41.2553607 ], [ 69.1806559, 41.2556257 ], [ 69.1806429, 41.255696 ] ] ] } },
{ "type": "Feature", "properties": { "osm_id": "r1796899", "kind": "cemetery" }, "geometry": { "type": "Polygon", "coordinates": [ [ [ 69.1812171, 41.2556999 ], [ 69.1813531, 41.2557257 ], [ 69.1815378, 41.2557745 ], [ 69.1817228, 41.2558123 ], [ 69.1817398, 41.2557253 ], [ 69.1817956, 41.2554833 ], [ 69.1819051, 41.2550487 ], [ 69.181375, 41.2550033 ], [ 69.1812849, 41.2554272 ], [ 69.1812512, 41.2555702 ], [ 69.1812171, 41.2556999 ] ] ] } },
{ "type": "Feature", "properties": { "osm_id": "r1796900", "kind": "cemetery" }, "geometry": { "type": "Polygon", "coordinates": [ [ [ 69.1810267, 41.256621 ], [ 69.1816011, 41.2566289 ], [ 69.1817033, 41.2559117 ], [ 69.1817228, 41.2558123 ], [ 69.1815378, 41.2557745 ], [ 69.1813531, 41.2557257 ], [ 69.1812171, 41.2556999 ], [ 69.1811763, 41.2558724 ], [ 69.1810267, 41.256621 ] ] ] } },
{ "type": "Feature", "properties": { "osm_id": "r1796901", "kind": "cemetery" }, "geometry": { "type": "Polygon", "coordinates": [ [ [ 69.1804639, 41.2566163 ], [ 69.1810267, 41.256621 ], [ 69.1811763, 41.2558724 ], [ 69.1812171, 41.2556999 ], [ 69.1809859, 41.2556864 ], [ 69.1806855, 41.2556914 ], [ 69.1806429, 41.255696 ], [ 69.180629, 41.2557714 ], [ 69.1804639, 41.2566163 ] ] ] } },
{ "type": "Feature", "properties": { "osm_id": "r1796902", "kind": "cemetery" }, "geometry": { "type": "Polygon", "coordinates": [ [ [ 69.1816011, 41.2566289 ], [ 69.1822072, 41.2566373 ], [ 69.1823409, 41.25601 ], [ 69.1823533, 41.2559502 ], [ 69.182363, 41.255889 ], [ 69.18227, 41.2558655 ], [ 69.1820092, 41.2558473 ], [ 69.1818869, 41.2558435 ], [ 69.1817228, 41.2558123 ], [ 69.1817033, 41.2559117 ], [ 69.1816011, 41.2566289 ] ] ] } },
{ "type": "Feature", "properties": { "osm_id": "r1796903", "kind": "cemetery" }, "geometry": { "type": "Polygon", "coordinates": [ [ [ 69.1822072, 41.2566373 ], [ 69.1827661, 41.2566431 ], [ 69.1828518, 41.2563044 ], [ 69.1828691, 41.2562348 ], [ 69.1828785, 41.2561863 ], [ 69.1828081, 41.2561211 ], [ 69.182686, 41.2560356 ], [ 69.1825568, 41.2559556 ], [ 69.1824061, 41.2558999 ], [ 69.182363, 41.255889 ], [ 69.1823533, 41.2559502 ], [ 69.1823409, 41.25601 ], [ 69.1822072, 41.2566373 ] ] ] } },
{ "type": "Feature", "properties": { "osm_id": "r1796940", "kind": "cemetery" }, "geometry": { "type": "Polygon", "coordinates": [ [ [ 69.1666299, 41.2569563 ], [ 69.1671789, 41.2574179 ], [ 69.1672422, 41.2574711 ], [ 69.1678865, 41.2570684 ], [ 69.1678585, 41.2569864 ], [ 69.1678156, 41.2569824 ], [ 69.1677835, 41.2569561 ], [ 69.1675186, 41.2564714 ], [ 69.1674999, 41.2563967 ], [ 69.1672248, 41.256647 ], [ 69.1670308, 41.2567446 ], [ 69.1668302, 41.2568455 ], [ 69.1666299, 41.2569563 ] ] ] } },
{ "type": "Feature", "properties": { "osm_id": "r1796941", "kind": "cemetery" }, "geometry": { "type": "Polygon", "coordinates": [ [ [ 69.1674999, 41.2563967 ], [ 69.1675186, 41.2564714 ], [ 69.1677835, 41.2569561 ], [ 69.1678156, 41.2569824 ], [ 69.1678585, 41.2569864 ], [ 69.1678865, 41.2570684 ], [ 69.1681762, 41.2568293 ], [ 69.1683491, 41.2566871 ], [ 69.1686505, 41.2563887 ], [ 69.1686555, 41.2563834 ], [ 69.1686609, 41.2563774 ], [ 69.1686369, 41.2563081 ], [ 69.1684552, 41.2556701 ], [ 69.1681994, 41.2558391 ], [ 69.1679937, 41.2559558 ], [ 69.1677556, 41.2561357 ], [ 69.1674999, 41.2563967 ] ] ] } },
{ "type": "Feature", "properties": { "osm_id": "r1796942", "kind": "cemetery" }, "geometry": { "type": "Polygon", "coordinates": [ [ [ 69.1681535, 41.2551247 ], [ 69.1681629, 41.255166 ], [ 69.1682666, 41.2553192 ], [ 69.1684552, 41.2556701 ], [ 69.1694641, 41.2555061 ], [ 69.1695353, 41.2554895 ], [ 69.169617, 41.2554774 ], [ 69.1695635, 41.255363 ], [ 69.1695094, 41.2553027 ], [ 69.1694339, 41.2552524 ], [ 69.1693856, 41.2552236 ], [ 69.1693206, 41.2551782 ], [ 69.1692293, 41.2550963 ], [ 69.1692069, 41.2550583 ], [ 69.1681535, 41.2551247 ] ] ] } },
{ "type": "Feature", "properties": { "osm_id": "r1796964", "kind": "cemetery" }, "geometry": { "type": "Polygon", "coordinates": [ [ [ 69.1684552, 41.2556701 ], [ 69.1686369, 41.2563081 ], [ 69.1686609, 41.2563774 ], [ 69.1689039, 41.2561498 ], [ 69.1691525, 41.2559322 ], [ 69.1694451, 41.255731 ], [ 69.1696189, 41.2557145 ], [ 69.1696824, 41.2557007 ], [ 69.1696939, 41.2556401 ], [ 69.1696251, 41.2555778 ], [ 69.1695249, 41.2555345 ], [ 69.1694641, 41.2555061 ], [ 69.1684552, 41.2556701 ] ] ] } },
{ "type": "Feature", "properties": { "osm_id": "r1796965", "kind": "cemetery" }, "geometry": { "type": "Polygon", "coordinates": [ [ [ 69.1707309, 41.2563104 ], [ 69.1707621, 41.2563319 ], [ 69.1709138, 41.2563808 ], [ 69.1710857, 41.2563724 ], [ 69.1714227, 41.2562949 ], [ 69.1716994, 41.2562056 ], [ 69.1717316, 41.2561894 ], [ 69.1719003, 41.2561046 ], [ 69.1720565, 41.2560945 ], [ 69.1722239, 41.2561669 ], [ 69.1723467, 41.2562258 ], [ 69.1726346, 41.2562208 ], [ 69.1724148, 41.2560619 ], [ 69.1723007, 41.2560647 ], [ 69.1720259, 41.2559327 ], [ 69.171871, 41.2558856 ], [ 69.1716236, 41.2559063 ], [ 69.1713238, 41.256044 ], [ 69.1711056, 41.2561029 ], [ 69.1709541, 41.2560779 ], [ 69.1708142, 41.2561533 ], [ 69.1707309, 41.2563104 ] ] ] } },
{ "type": "Feature", "properties": { "osm_id": "r1796967", "kind": "cemetery" }, "geometry": { "type": "Polygon", "coordinates": [ [ [ 69.1695073, 41.2545339 ], [ 69.1695851, 41.2545423 ], [ 69.1696886, 41.2545535 ], [ 69.1697005, 41.2543633 ], [ 69.1702313, 41.2543335 ], [ 69.170219, 41.2542032 ], [ 69.170223, 41.2541612 ], [ 69.1702356, 41.2541193 ], [ 69.1702598, 41.2540883 ], [ 69.1703032, 41.2540589 ], [ 69.1703458, 41.2540448 ], [ 69.1703885, 41.2540404 ], [ 69.1704802, 41.2540396 ], [ 69.170523, 41.2540391 ], [ 69.1705184, 41.2540082 ], [ 69.1697691, 41.254016 ], [ 69.1695125, 41.2540283 ], [ 69.1695193, 41.2542295 ], [ 69.1695154, 41.2543797 ], [ 69.1695257, 41.254483 ], [ 69.1695073, 41.2545339 ] ] ] } },
{ "type": "Feature", "properties": { "osm_id": "r1796970", "kind": "cemetery" }, "geometry": { "type": "Polygon", "coordinates": [ [ [ 69.1695851, 41.2545423 ], [ 69.1695783, 41.2546099 ], [ 69.1695573, 41.2547179 ], [ 69.1694992, 41.2548532 ], [ 69.1694355, 41.2549359 ], [ 69.1693722, 41.255018 ], [ 69.1693062, 41.2551062 ], [ 69.1693294, 41.2551432 ], [ 69.1693519, 41.2551752 ], [ 69.1695703, 41.2552289 ], [ 69.1696978, 41.2554649 ], [ 69.1699073, 41.255266 ], [ 69.1702865, 41.2552244 ], [ 69.1702313, 41.2543335 ], [ 69.1697005, 41.2543633 ], [ 69.1696886, 41.2545535 ], [ 69.1695851, 41.2545423 ] ] ] } },
{ "type": "Feature", "properties": { "osm_id": "r1796985", "kind": "cemetery" }, "geometry": { "type": "Polygon", "coordinates": [ [ [ 69.1696978, 41.2554649 ], [ 69.1697541, 41.2555112 ], [ 69.169805, 41.2555591 ], [ 69.1699565, 41.2555941 ], [ 69.1700655, 41.2556908 ], [ 69.1703752, 41.2557838 ], [ 69.1704897, 41.2558767 ], [ 69.1706015, 41.2559917 ], [ 69.1707843, 41.2560492 ], [ 69.1709266, 41.2560147 ], [ 69.1709926, 41.2559879 ], [ 69.1711298, 41.2559802 ], [ 69.1712567, 41.2559572 ], [ 69.1714549, 41.2558729 ], [ 69.1716428, 41.2558345 ], [ 69.1717952, 41.2558192 ], [ 69.1721499, 41.2556216 ], [ 69.1721229, 41.2555854 ], [ 69.1721206, 41.2554703 ], [ 69.1721196, 41.2554196 ], [ 69.1721086, 41.2551582 ], [ 69.1718854, 41.2551763 ], [ 69.1711309, 41.255206 ], [ 69.1702865, 41.2552244 ], [ 69.1699073, 41.255266 ], [ 69.1696978, 41.2554649 ] ] ] } },
{ "type": "Feature", "properties": { "osm_id": "r1796986", "kind": "cemetery" }, "geometry": { "type": "Polygon", "coordinates": [ [ [ 69.1702313, 41.2543335 ], [ 69.1702865, 41.2552244 ], [ 69.1711309, 41.255206 ], [ 69.1710959, 41.2543012 ], [ 69.1702313, 41.2543335 ] ] ] } },
{ "type": "Feature", "properties": { "osm_id": "r1796987", "kind": "cemetery" }, "geometry": { "type": "Polygon", "coordinates": [ [ [ 69.1702313, 41.2543335 ], [ 69.1710959, 41.2543012 ], [ 69.1710656, 41.2533452 ], [ 69.1708075, 41.2533596 ], [ 69.1707608, 41.2533748 ], [ 69.1707276, 41.2534001 ], [ 69.1706885, 41.2534423 ], [ 69.1706646, 41.2534758 ], [ 69.1706497, 41.2535196 ], [ 69.1706524, 41.2539788 ], [ 69.1706524, 41.2540354 ], [ 69.170523, 41.2540391 ], [ 69.1704802, 41.2540396 ], [ 69.1703885, 41.2540404 ], [ 69.1703458, 41.2540448 ], [ 69.1703032, 41.2540589 ], [ 69.1702598, 41.2540883 ], [ 69.1702356, 41.2541193 ], [ 69.170223, 41.2541612 ], [ 69.170219, 41.2542032 ], [ 69.1702313, 41.2543335 ] ] ] } },
{ "type": "Feature", "properties": { "osm_id": "r1796992", "kind": "cemetery" }, "geometry": { "type": "Polygon", "coordinates": [ [ [ 69.1710656, 41.2533452 ], [ 69.1710959, 41.2543012 ], [ 69.1718553, 41.2542966 ], [ 69.1718524, 41.2533235 ], [ 69.1710656, 41.2533452 ] ] ] } },
{ "type": "Feature", "properties": { "osm_id": "r1796993", "kind": "cemetery" }, "geometry": { "type": "Polygon", "coordinates": [ [ [ 69.1710959, 41.2543012 ], [ 69.1711309, 41.255206 ], [ 69.1718854, 41.2551763 ], [ 69.1718553, 41.2542966 ], [ 69.1710959, 41.2543012 ] ] ] } },
{ "type": "Feature", "properties": { "osm_id": "r1796995", "kind": "cemetery" }, "geometry": { "type": "Polygon", "coordinates": [ [ [ 69.1718553, 41.2542966 ], [ 69.1718854, 41.2551763 ], [ 69.1721086, 41.2551582 ], [ 69.1723768, 41.2551257 ], [ 69.1725198, 41.2551002 ], [ 69.1725831, 41.2550804 ], [ 69.1726437, 41.2550523 ], [ 69.1726842, 41.255021 ], [ 69.1727221, 41.2549834 ], [ 69.1727454, 41.2549472 ], [ 69.1727633, 41.2549131 ], [ 69.1727967, 41.2546865 ], [ 69.1727935, 41.2546543 ], [ 69.172751, 41.254298 ], [ 69.1718553, 41.2542966 ] ] ] } },
{ "type": "Feature", "properties": { "osm_id": "r1796996", "kind": "cemetery" }, "geometry": { "type": "Polygon", "coordinates": [ [ [ 69.1718524, 41.2533235 ], [ 69.1718553, 41.2542966 ], [ 69.172751, 41.254298 ], [ 69.1727218, 41.2533047 ], [ 69.1718524, 41.2533235 ] ] ] } },
{ "type": "Feature", "properties": { "osm_id": "r1797001", "kind": "cemetery" }, "geometry": { "type": "Polygon", "coordinates": [ [ [ 69.1727218, 41.2533047 ], [ 69.172751, 41.254298 ], [ 69.1727935, 41.2546543 ], [ 69.1732584, 41.2543545 ], [ 69.1736577, 41.2541826 ], [ 69.1741142, 41.2540391 ], [ 69.1745435, 41.2539639 ], [ 69.1744648, 41.2532745 ], [ 69.1727218, 41.2533047 ] ] ] } },
{ "type": "Feature", "properties": { "osm_id": "r1797002", "kind": "cemetery" }, "geometry": { "type": "Polygon", "coordinates": [ [ [ 69.1744648, 41.2532745 ], [ 69.1745435, 41.2539639 ], [ 69.1753398, 41.2538794 ], [ 69.175151, 41.2532671 ], [ 69.1744648, 41.2532745 ] ] ] } },
{ "type": "Feature", "properties": { "osm_id": "r1797013", "kind": "cemetery" }, "geometry": { "type": "Polygon", "coordinates": [ [ [ 69.1727935, 41.2546543 ], [ 69.1727967, 41.2546865 ], [ 69.17294, 41.2547679 ], [ 69.1730618, 41.2546512 ], [ 69.1734427, 41.2544017 ], [ 69.1738334, 41.2542505 ], [ 69.1741786, 41.2541329 ], [ 69.1745157, 41.2541055 ], [ 69.1750466, 41.2540376 ], [ 69.1753936, 41.2539961 ], [ 69.1753398, 41.2538794 ], [ 69.1745435, 41.2539639 ], [ 69.1741142, 41.2540391 ], [ 69.1736577, 41.2541826 ], [ 69.1732584, 41.2543545 ], [ 69.1727935, 41.2546543 ] ] ] } },
{ "type": "Feature", "properties": { "osm_id": "r1797014", "kind": "cemetery" }, "geometry": { "type": "Polygon", "coordinates": [ [ [ 69.1721206, 41.2554703 ], [ 69.1721229, 41.2555854 ], [ 69.1721499, 41.2556216 ], [ 69.1722128, 41.255706 ], [ 69.1724365, 41.2557899 ], [ 69.1727695, 41.2558159 ], [ 69.172801, 41.2561004 ], [ 69.1732823, 41.2560295 ], [ 69.1733586, 41.2560211 ], [ 69.1733498, 41.2559806 ], [ 69.1732937, 41.2557225 ], [ 69.1732343, 41.2554895 ], [ 69.1721206, 41.2554703 ] ] ] } },
{ "type": "Feature", "properties": { "osm_id": "r1797022", "kind": "cemetery" }, "geometry": { "type": "Polygon", "coordinates": [ [ [ 69.1721086, 41.2551582 ], [ 69.1721196, 41.2554196 ], [ 69.1721206, 41.2554703 ], [ 69.1732343, 41.2554895 ], [ 69.1731609, 41.255348 ], [ 69.1730397, 41.2551287 ], [ 69.1729899, 41.2550386 ], [ 69.1729625, 41.2549428 ], [ 69.17294, 41.2547679 ], [ 69.1727967, 41.2546865 ], [ 69.1727633, 41.2549131 ], [ 69.1727454, 41.2549472 ], [ 69.1727221, 41.2549834 ], [ 69.1726842, 41.255021 ], [ 69.1726437, 41.2550523 ], [ 69.1725831, 41.2550804 ], [ 69.1725198, 41.2551002 ], [ 69.1723768, 41.2551257 ], [ 69.1721086, 41.2551582 ] ] ] } },
{ "type": "Feature", "properties": { "osm_id": "r1797023", "kind": "cemetery" }, "geometry": { "type": "Polygon", "coordinates": [ [ [ 69.17294, 41.2547679 ], [ 69.1729625, 41.2549428 ], [ 69.1735642, 41.254644 ], [ 69.1734427, 41.2544017 ], [ 69.1730618, 41.2546512 ], [ 69.17294, 41.2547679 ] ] ] } },
{ "type": "Feature", "properties": { "osm_id": "r1797025", "kind": "cemetery" }, "geometry": { "type": "Polygon", "coordinates": [ [ [ 69.1729625, 41.2549428 ], [ 69.1729899, 41.2550386 ], [ 69.1730397, 41.2551287 ], [ 69.1731609, 41.255348 ], [ 69.1732343, 41.2554895 ], [ 69.1732937, 41.2557225 ], [ 69.1733498, 41.2559806 ], [ 69.1733586, 41.2560211 ], [ 69.1735141, 41.2560786 ], [ 69.1735032, 41.2560485 ], [ 69.1735081, 41.2558336 ], [ 69.1735373, 41.2556114 ], [ 69.1735725, 41.2554192 ], [ 69.1736446, 41.255339 ], [ 69.1737835, 41.2552735 ], [ 69.1735642, 41.254644 ], [ 69.1729625, 41.2549428 ] ] ] } },
{ "type": "Feature", "properties": { "osm_id": "r1797027", "kind": "cemetery" }, "geometry": { "type": "Polygon", "coordinates": [ [ [ 69.1734427, 41.2544017 ], [ 69.1735642, 41.254644 ], [ 69.1737835, 41.2552735 ], [ 69.1738698, 41.2552447 ], [ 69.1740468, 41.255184 ], [ 69.1742493, 41.2551338 ], [ 69.174348, 41.255133 ], [ 69.1745293, 41.2548878 ], [ 69.1745157, 41.2541055 ], [ 69.1741786, 41.2541329 ], [ 69.1738334, 41.2542505 ], [ 69.1734427, 41.2544017 ] ] ] } },
{ "type": "Feature", "properties": { "osm_id": "r1797029", "kind": "cemetery" }, "geometry": { "type": "Polygon", "coordinates": [ [ [ 69.17431, 41.2551932 ], [ 69.1751922, 41.2550651 ], [ 69.1758564, 41.2549556 ], [ 69.1758235, 41.2548845 ], [ 69.1756064, 41.2544442 ], [ 69.1753936, 41.2539961 ], [ 69.1750466, 41.2540376 ], [ 69.1745157, 41.2541055 ], [ 69.1745293, 41.2548878 ], [ 69.174348, 41.255133 ], [ 69.17431, 41.2551932 ] ] ] } },
{ "type": "Feature", "properties": { "osm_id": "r1797030", "kind": "cemetery" }, "geometry": { "type": "Polygon", "coordinates": [ [ [ 69.17431, 41.2551932 ], [ 69.1742683, 41.2552593 ], [ 69.174516, 41.2557292 ], [ 69.1754104, 41.2554668 ], [ 69.1751922, 41.2550651 ], [ 69.17431, 41.2551932 ] ] ] } },
{ "type": "Feature", "properties": { "osm_id": "r1797031", "kind": "cemetery" }, "geometry": { "type": "Polygon", "coordinates": [ [ [ 69.1751922, 41.2550651 ], [ 69.1754104, 41.2554668 ], [ 69.1760213, 41.2552823 ], [ 69.1758564, 41.2549556 ], [ 69.1751922, 41.2550651 ] ] ] } },
{ "type": "Feature", "properties": { "osm_id": "r1797035", "kind": "cemetery" }, "geometry": { "type": "Polygon", "coordinates": [ [ [ 69.174516, 41.2557292 ], [ 69.1745493, 41.255791 ], [ 69.1745697, 41.2559074 ], [ 69.1745586, 41.2559461 ], [ 69.1749094, 41.2560565 ], [ 69.1755425, 41.2563435 ], [ 69.1756879, 41.2563163 ], [ 69.1757804, 41.2562578 ], [ 69.175809, 41.2560703 ], [ 69.1758215, 41.2560109 ], [ 69.1758789, 41.2559768 ], [ 69.175884, 41.255974 ], [ 69.1758605, 41.2559293 ], [ 69.1758325, 41.2558816 ], [ 69.1757771, 41.2558658 ], [ 69.1756043, 41.2558658 ], [ 69.1754104, 41.2554668 ], [ 69.174516, 41.2557292 ] ] ] } },
{ "type": "Feature", "properties": { "osm_id": "r1797036", "kind": "cemetery" }, "geometry": { "type": "Polygon", "coordinates": [ [ [ 69.1754104, 41.2554668 ], [ 69.1756043, 41.2558658 ], [ 69.1757771, 41.2558658 ], [ 69.1758325, 41.2558816 ], [ 69.1758605, 41.2559293 ], [ 69.175884, 41.255974 ], [ 69.1761317, 41.2559481 ], [ 69.176353, 41.255908 ], [ 69.176267, 41.2557482 ], [ 69.1760213, 41.2552823 ], [ 69.1754104, 41.2554668 ] ] ] } },
{ "type": "Feature", "properties": { "osm_id": "r1797041", "kind": "cemetery" }, "geometry": { "type": "Polygon", "coordinates": [ [ [ 69.175151, 41.2532671 ], [ 69.1753398, 41.2538794 ], [ 69.1753936, 41.2539961 ], [ 69.1758407, 41.2538486 ], [ 69.1767577, 41.2537728 ], [ 69.1767931, 41.2536472 ], [ 69.176808, 41.2535047 ], [ 69.1768072, 41.2533623 ], [ 69.1764946, 41.2532566 ], [ 69.175151, 41.2532671 ] ] ] } },
{ "type": "Feature", "properties": { "osm_id": "r1797043", "kind": "cemetery" }, "geometry": { "type": "Polygon", "coordinates": [ [ [ 69.1753936, 41.2539961 ], [ 69.1756064, 41.2544442 ], [ 69.1761661, 41.2543078 ], [ 69.1762371, 41.2542949 ], [ 69.1762914, 41.254277 ], [ 69.1767637, 41.2541648 ], [ 69.1768704, 41.2541414 ], [ 69.1767577, 41.2537728 ], [ 69.1758407, 41.2538486 ], [ 69.1753936, 41.2539961 ] ] ] } },
{ "type": "Feature", "properties": { "osm_id": "r1797044", "kind": "cemetery" }, "geometry": { "type": "Polygon", "coordinates": [ [ [ 69.1756064, 41.2544442 ], [ 69.1758235, 41.2548845 ], [ 69.1764214, 41.2547002 ], [ 69.1762371, 41.2542949 ], [ 69.1761661, 41.2543078 ], [ 69.1756064, 41.2544442 ] ] ] } },
{ "type": "Feature", "properties": { "osm_id": "r1797058", "kind": "cemetery" }, "geometry": { "type": "Polygon", "coordinates": [ [ [ 69.1758235, 41.2548845 ], [ 69.1758564, 41.2549556 ], [ 69.1760213, 41.2552823 ], [ 69.176623, 41.2550986 ], [ 69.1764214, 41.2547002 ], [ 69.1758235, 41.2548845 ] ] ] } },
{ "type": "Feature", "properties": { "osm_id": "r1797059", "kind": "cemetery" }, "geometry": { "type": "Polygon", "coordinates": [ [ [ 69.1760213, 41.2552823 ], [ 69.176267, 41.2557482 ], [ 69.176353, 41.255908 ], [ 69.1764401, 41.2558914 ], [ 69.1765373, 41.2558194 ], [ 69.176638, 41.2557673 ], [ 69.1769065, 41.2557434 ], [ 69.1769686, 41.2557214 ], [ 69.1768617, 41.2555464 ], [ 69.176623, 41.2550986 ], [ 69.1760213, 41.2552823 ] ] ] } },
{ "type": "Feature", "properties": { "osm_id": "r1797061", "kind": "cemetery" }, "geometry": { "type": "Polygon", "coordinates": [ [ [ 69.1762371, 41.2542949 ], [ 69.1764214, 41.2547002 ], [ 69.1770428, 41.2545101 ], [ 69.1768704, 41.2541414 ], [ 69.1767637, 41.2541648 ], [ 69.1762914, 41.254277 ], [ 69.1762371, 41.2542949 ] ] ] } },
{ "type": "Feature", "properties": { "osm_id": "r1797062", "kind": "cemetery" }, "geometry": { "type": "Polygon", "coordinates": [ [ [ 69.1764214, 41.2547002 ], [ 69.176623, 41.2550986 ], [ 69.1772399, 41.2549129 ], [ 69.1770428, 41.2545101 ], [ 69.1764214, 41.2547002 ] ] ] } },
{ "type": "Feature", "properties": { "osm_id": "r1797064", "kind": "cemetery" }, "geometry": { "type": "Polygon", "coordinates": [ [ [ 69.176623, 41.2550986 ], [ 69.1768617, 41.2555464 ], [ 69.1769686, 41.2557214 ], [ 69.1770929, 41.2556773 ], [ 69.1772556, 41.2556417 ], [ 69.177441, 41.2556001 ], [ 69.17762, 41.2555884 ], [ 69.1775766, 41.255521 ], [ 69.1772399, 41.2549129 ], [ 69.176623, 41.2550986 ] ] ] } },
{ "type": "Feature", "properties": { "osm_id": "r1797073", "kind": "cemetery" }, "geometry": { "type": "Polygon", "coordinates": [ [ [ 69.1764946, 41.2532566 ], [ 69.1768072, 41.2533623 ], [ 69.1770878, 41.2533623 ], [ 69.1782613, 41.2533731 ], [ 69.1786607, 41.25343 ], [ 69.1789829, 41.2534868 ], [ 69.1793507, 41.2535887 ], [ 69.1793824, 41.2535084 ], [ 69.1789061, 41.2533173 ], [ 69.1787401, 41.2532649 ], [ 69.1786474, 41.2532444 ], [ 69.178568, 41.2532377 ], [ 69.1765155, 41.2532049 ], [ 69.1764946, 41.2532566 ] ] ] } },
{ "type": "Feature", "properties": { "osm_id": "r1797173", "kind": "cemetery" }, "geometry": { "type": "Polygon", "coordinates": [ [ [ 69.1846938, 41.2578488 ], [ 69.1848408, 41.2581391 ], [ 69.1849138, 41.2582837 ], [ 69.1849797, 41.2582642 ], [ 69.1856523, 41.2580408 ], [ 69.1852578, 41.2575881 ], [ 69.1848172, 41.2577999 ], [ 69.1846938, 41.2578488 ] ] ] } },
{ "type": "Feature", "properties": { "osm_id": "r1797174", "kind": "cemetery" }, "geometry": { "type": "Polygon", "coordinates": [ [ [ 69.1850098, 41.2573143 ], [ 69.1852578, 41.2575881 ], [ 69.1856523, 41.2580408 ], [ 69.1860632, 41.2578957 ], [ 69.185623, 41.2570792 ], [ 69.1854487, 41.2571742 ], [ 69.1852901, 41.2572353 ], [ 69.1850098, 41.2573143 ] ] ] } },
{ "type": "Feature", "properties": { "osm_id": "r1797196", "kind": "cemetery" }, "geometry": { "type": "Polygon", "coordinates": [ [ [ 69.185623, 41.2570792 ], [ 69.1860632, 41.2578957 ], [ 69.1865344, 41.2577368 ], [ 69.1861363, 41.2567803 ], [ 69.185623, 41.2570792 ] ] ] } },
{ "type": "Feature", "properties": { "osm_id": "r1798137", "kind": "cemetery" }, "geometry": { "type": "Polygon", "coordinates": [ [ [ 69.1772399, 41.2549129 ], [ 69.1775766, 41.255521 ], [ 69.17762, 41.2555884 ], [ 69.1776559, 41.2555844 ], [ 69.1778517, 41.2555535 ], [ 69.1779859, 41.2554916 ], [ 69.1781183, 41.2553818 ], [ 69.1781243, 41.2553795 ], [ 69.1782033, 41.2553489 ], [ 69.1780748, 41.2551334 ], [ 69.1779964, 41.2550059 ], [ 69.177823, 41.2547264 ], [ 69.1772399, 41.2549129 ] ] ] } },
{ "type": "Feature", "properties": { "osm_id": "r1798138", "kind": "cemetery" }, "geometry": { "type": "Polygon", "coordinates": [ [ [ 69.1770428, 41.2545101 ], [ 69.1772399, 41.2549129 ], [ 69.177823, 41.2547264 ], [ 69.1776161, 41.2543418 ], [ 69.1770428, 41.2545101 ] ] ] } },
{ "type": "Feature", "properties": { "osm_id": "r1798139", "kind": "cemetery" }, "geometry": { "type": "Polygon", "coordinates": [ [ [ 69.1767577, 41.2537728 ], [ 69.1768704, 41.2541414 ], [ 69.1770428, 41.2545101 ], [ 69.1776161, 41.2543418 ], [ 69.1770878, 41.2533623 ], [ 69.1768072, 41.2533623 ], [ 69.176808, 41.2535047 ], [ 69.1767931, 41.2536472 ], [ 69.1767577, 41.2537728 ] ] ] } },
{ "type": "Feature", "properties": { "osm_id": "r1798141", "kind": "cemetery" }, "geometry": { "type": "Polygon", "coordinates": [ [ [ 69.1770878, 41.2533623 ], [ 69.1776161, 41.2543418 ], [ 69.1777904, 41.2542918 ], [ 69.1780025, 41.2542647 ], [ 69.1780264, 41.2541889 ], [ 69.1782466, 41.2541094 ], [ 69.1783439, 41.2540641 ], [ 69.1782613, 41.2533731 ], [ 69.1770878, 41.2533623 ] ] ] } },
{ "type": "Feature", "properties": { "osm_id": "r1798142", "kind": "cemetery" }, "geometry": { "type": "Polygon", "coordinates": [ [ [ 69.1776161, 41.2543418 ], [ 69.177823, 41.2547264 ], [ 69.1779964, 41.2550059 ], [ 69.1779307, 41.2545068 ], [ 69.1779307, 41.254402 ], [ 69.1780025, 41.2542647 ], [ 69.1777904, 41.2542918 ], [ 69.1776161, 41.2543418 ] ] ] } },
{ "type": "Feature", "properties": { "osm_id": "r1798143", "kind": "cemetery" }, "geometry": { "type": "Polygon", "coordinates": [ [ [ 69.1779964, 41.2550059 ], [ 69.1780748, 41.2551334 ], [ 69.1782033, 41.2553489 ], [ 69.1783215, 41.2553031 ], [ 69.1784131, 41.2553018 ], [ 69.1784611, 41.2552077 ], [ 69.1785293, 41.2550805 ], [ 69.178504, 41.254943 ], [ 69.1784026, 41.2544079 ], [ 69.1783439, 41.2540641 ], [ 69.1782466, 41.2541094 ], [ 69.1780264, 41.2541889 ], [ 69.1780025, 41.2542647 ], [ 69.1779307, 41.254402 ], [ 69.1779307, 41.2545068 ], [ 69.1779964, 41.2550059 ] ] ] } },
{ "type": "Feature", "properties": { "osm_id": "r1798144", "kind": "cemetery" }, "geometry": { "type": "Polygon", "coordinates": [ [ [ 69.1784131, 41.2553018 ], [ 69.1784563, 41.2553256 ], [ 69.1785285, 41.2553653 ], [ 69.178728, 41.255372 ], [ 69.1788752, 41.2553228 ], [ 69.1790225, 41.2552594 ], [ 69.1790928, 41.2552445 ], [ 69.1790795, 41.2551727 ], [ 69.1790183, 41.2548695 ], [ 69.178504, 41.254943 ], [ 69.1785293, 41.2550805 ], [ 69.1784611, 41.2552077 ], [ 69.1784131, 41.2553018 ] ] ] } },
{ "type": "Feature", "properties": { "osm_id": "r1798145", "kind": "cemetery" }, "geometry": { "type": "Polygon", "coordinates": [ [ [ 69.1784026, 41.2544079 ], [ 69.178504, 41.254943 ], [ 69.1790183, 41.2548695 ], [ 69.1789798, 41.2545922 ], [ 69.1789528, 41.2543785 ], [ 69.1784026, 41.2544079 ] ] ] } },
{ "type": "Feature", "properties": { "osm_id": "r1798146", "kind": "cemetery" }, "geometry": { "type": "Polygon", "coordinates": [ [ [ 69.1783439, 41.2540641 ], [ 69.1784026, 41.2544079 ], [ 69.1789528, 41.2543785 ], [ 69.1791284, 41.254368 ], [ 69.1791126, 41.2540416 ], [ 69.1783439, 41.2540641 ] ] ] } },
{ "type": "Feature", "properties": { "osm_id": "r1798149", "kind": "cemetery" }, "geometry": { "type": "Polygon", "coordinates": [ [ [ 69.1782613, 41.2533731 ], [ 69.1783439, 41.2540641 ], [ 69.1784026, 41.2544079 ], [ 69.1789528, 41.2543785 ], [ 69.1791284, 41.254368 ], [ 69.1795271, 41.2543631 ], [ 69.1795392, 41.2539722 ], [ 69.179537, 41.2537936 ], [ 69.1795333, 41.2537364 ], [ 69.1795165, 41.2536894 ], [ 69.1794837, 41.2536535 ], [ 69.1794464, 41.2536329 ], [ 69.1793507, 41.2535887 ], [ 69.1789829, 41.2534868 ], [ 69.1786607, 41.25343 ], [ 69.1782613, 41.2533731 ] ] ] } },
{ "type": "Feature", "properties": { "osm_id": "r1798150", "kind": "cemetery" }, "geometry": { "type": "Polygon", "coordinates": [ [ [ 69.1789528, 41.2543785 ], [ 69.1789798, 41.2545922 ], [ 69.1790183, 41.2548695 ], [ 69.1795494, 41.2548127 ], [ 69.1795271, 41.2543631 ], [ 69.1791284, 41.254368 ], [ 69.1789528, 41.2543785 ] ] ] } },
{ "type": "Feature", "properties": { "osm_id": "r1798151", "kind": "cemetery" }, "geometry": { "type": "Polygon", "coordinates": [ [ [ 69.1790183, 41.2548695 ], [ 69.1790795, 41.2551727 ], [ 69.1790928, 41.2552445 ], [ 69.1791885, 41.2552243 ], [ 69.1793712, 41.2552412 ], [ 69.1795164, 41.2552679 ], [ 69.1795649, 41.2552851 ], [ 69.1795783, 41.255189 ], [ 69.179577, 41.2551702 ], [ 69.1795494, 41.2548127 ], [ 69.1790183, 41.2548695 ] ] ] } },
{ "type": "Feature", "properties": { "osm_id": "r1798152", "kind": "cemetery" }, "geometry": { "type": "Polygon", "coordinates": [ [ [ 69.1793507, 41.2535887 ], [ 69.1794464, 41.2536329 ], [ 69.1794837, 41.2536535 ], [ 69.1795165, 41.2536894 ], [ 69.1795333, 41.2537364 ], [ 69.179537, 41.2537936 ], [ 69.1795392, 41.2539722 ], [ 69.180316, 41.2540873 ], [ 69.1803643, 41.2538392 ], [ 69.1793824, 41.2535084 ], [ 69.1793507, 41.2535887 ] ] ] } },
{ "type": "Feature", "properties": { "osm_id": "r1798153", "kind": "cemetery" }, "geometry": { "type": "Polygon", "coordinates": [ [ [ 69.1795271, 41.2543631 ], [ 69.1802911, 41.254484 ], [ 69.180316, 41.2540873 ], [ 69.1795392, 41.2539722 ], [ 69.1795271, 41.2543631 ] ] ] } },
{ "type": "Feature", "properties": { "osm_id": "r1798157", "kind": "cemetery" }, "geometry": { "type": "Polygon", "coordinates": [ [ [ 69.1795271, 41.2543631 ], [ 69.1795494, 41.2548127 ], [ 69.180248, 41.2548906 ], [ 69.1802911, 41.254484 ], [ 69.1795271, 41.2543631 ] ] ] } },
{ "type": "Feature", "properties": { "osm_id": "r1798158", "kind": "cemetery" }, "geometry": { "type": "Polygon", "coordinates": [ [ [ 69.1795494, 41.2548127 ], [ 69.179577, 41.2551702 ], [ 69.1801882, 41.2552807 ], [ 69.180248, 41.2548906 ], [ 69.1795494, 41.2548127 ] ] ] } },
{ "type": "Feature", "properties": { "osm_id": "r1798165", "kind": "cemetery" }, "geometry": { "type": "Polygon", "coordinates": [ [ [ 69.179552, 41.2554423 ], [ 69.1795725, 41.2555324 ], [ 69.1796583, 41.2555929 ], [ 69.1797496, 41.2555915 ], [ 69.1798484, 41.2556084 ], [ 69.1799379, 41.2556365 ], [ 69.1800983, 41.2557462 ], [ 69.18014, 41.2555611 ], [ 69.1801882, 41.2552807 ], [ 69.179577, 41.2551702 ], [ 69.1795783, 41.255189 ], [ 69.1795649, 41.2552851 ], [ 69.1795781, 41.2553382 ], [ 69.179552, 41.2554423 ] ] ] } },
{ "type": "Feature", "properties": { "osm_id": "r1798166", "kind": "cemetery" }, "geometry": { "type": "Polygon", "coordinates": [ [ [ 69.1802911, 41.254484 ], [ 69.1808258, 41.2545958 ], [ 69.1808809, 41.2542642 ], [ 69.1809088, 41.2540965 ], [ 69.1809189, 41.2540479 ], [ 69.1803643, 41.2538392 ], [ 69.180316, 41.2540873 ], [ 69.1802911, 41.254484 ] ] ] } },
{ "type": "Feature", "properties": { "osm_id": "r1798170", "kind": "cemetery" }, "geometry": { "type": "Polygon", "coordinates": [ [ [ 69.180248, 41.2548906 ], [ 69.1807692, 41.2549437 ], [ 69.1808258, 41.2545958 ], [ 69.1802911, 41.254484 ], [ 69.180248, 41.2548906 ] ] ] } },
{ "type": "Feature", "properties": { "osm_id": "r1798171", "kind": "cemetery" }, "geometry": { "type": "Polygon", "coordinates": [ [ [ 69.1801882, 41.2552807 ], [ 69.1807006, 41.2553607 ], [ 69.1807692, 41.2549437 ], [ 69.180248, 41.2548906 ], [ 69.1801882, 41.2552807 ] ] ] } },
{ "type": "Feature", "properties": { "osm_id": "r1798173", "kind": "cemetery" }, "geometry": { "type": "Polygon", "coordinates": [ [ [ 69.1800983, 41.2557462 ], [ 69.1802079, 41.2557763 ], [ 69.1803071, 41.2557744 ], [ 69.1804861, 41.2557237 ], [ 69.1806429, 41.255696 ], [ 69.1806559, 41.2556257 ], [ 69.1807006, 41.2553607 ], [ 69.1801882, 41.2552807 ], [ 69.18014, 41.2555611 ], [ 69.1800983, 41.2557462 ] ] ] } },
{ "type": "Feature", "properties": { "osm_id": "r1798178", "kind": "cemetery" }, "geometry": { "type": "Polygon", "coordinates": [ [ [ 69.1807692, 41.2549437 ], [ 69.181375, 41.2550033 ], [ 69.1814846, 41.2544681 ], [ 69.1815254, 41.254241 ], [ 69.1809189, 41.2540479 ], [ 69.1809088, 41.2540965 ], [ 69.1808809, 41.2542642 ], [ 69.1808258, 41.2545958 ], [ 69.1807692, 41.2549437 ] ] ] } },
{ "type": "Feature", "properties": { "osm_id": "r1798180", "kind": "cemetery" }, "geometry": { "type": "Polygon", "coordinates": [ [ [ 69.181375, 41.2550033 ], [ 69.1819051, 41.2550487 ], [ 69.1820009, 41.2544776 ], [ 69.1820211, 41.2543611 ], [ 69.1815254, 41.254241 ], [ 69.1814846, 41.2544681 ], [ 69.181375, 41.2550033 ] ] ] } },
{ "type": "Feature", "properties": { "osm_id": "r1798181", "kind": "cemetery" }, "geometry": { "type": "Polygon", "coordinates": [ [ [ 69.1817956, 41.2554833 ], [ 69.1824146, 41.2555319 ], [ 69.1824756, 41.2551055 ], [ 69.1819051, 41.2550487 ], [ 69.1817956, 41.2554833 ] ] ] } },
{ "type": "Feature", "properties": { "osm_id": "r1798189", "kind": "cemetery" }, "geometry": { "type": "Polygon", "coordinates": [ [ [ 69.1817228, 41.2558123 ], [ 69.1818869, 41.2558435 ], [ 69.1820092, 41.2558473 ], [ 69.18227, 41.2558655 ], [ 69.182363, 41.255889 ], [ 69.1823791, 41.255782 ], [ 69.1824146, 41.2555319 ], [ 69.1817956, 41.2554833 ], [ 69.1817398, 41.2557253 ], [ 69.1817228, 41.2558123 ] ] ] } },
{ "type": "Feature", "properties": { "osm_id": "r1798193", "kind": "cemetery" }, "geometry": { "type": "Polygon", "coordinates": [ [ [ 69.1824146, 41.2555319 ], [ 69.1829763, 41.2555905 ], [ 69.1830751, 41.2551652 ], [ 69.1824756, 41.2551055 ], [ 69.1824146, 41.2555319 ] ] ] } },
{ "type": "Feature", "properties": { "osm_id": "r1798194", "kind": "cemetery" }, "geometry": { "type": "Polygon", "coordinates": [ [ [ 69.182363, 41.255889 ], [ 69.1824061, 41.2558999 ], [ 69.1825568, 41.2559556 ], [ 69.182686, 41.2560356 ], [ 69.1828081, 41.2561211 ], [ 69.1828785, 41.2561863 ], [ 69.1828827, 41.2560676 ], [ 69.1829763, 41.2555905 ], [ 69.1824146, 41.2555319 ], [ 69.1823791, 41.255782 ], [ 69.182363, 41.255889 ] ] ] } },
{ "type": "Feature", "properties": { "osm_id": "r1798195", "kind": "cemetery" }, "geometry": { "type": "Polygon", "coordinates": [ [ [ 69.1829763, 41.2555905 ], [ 69.183444, 41.2556357 ], [ 69.1835374, 41.2552657 ], [ 69.1835502, 41.2552125 ], [ 69.1830751, 41.2551652 ], [ 69.1829763, 41.2555905 ] ] ] } },
{ "type": "Feature", "properties": { "osm_id": "r1798223", "kind": "cemetery" }, "geometry": { "type": "Polygon", "coordinates": [ [ [ 69.1834819, 41.2564556 ], [ 69.1835714, 41.2565406 ], [ 69.1836386, 41.2565649 ], [ 69.183818, 41.2565682 ], [ 69.1839449, 41.2566244 ], [ 69.1840678, 41.2567404 ], [ 69.1840851, 41.256668 ], [ 69.1841301, 41.2562867 ], [ 69.183782, 41.2562529 ], [ 69.1837417, 41.256375 ], [ 69.1836889, 41.2563691 ], [ 69.1836606, 41.256365 ], [ 69.1835144, 41.2564765 ], [ 69.1834819, 41.2564556 ] ] ] } },
{ "type": "Feature", "properties": { "osm_id": "r1798226", "kind": "cemetery" }, "geometry": { "type": "Polygon", "coordinates": [ [ [ 69.1843149, 41.2572853 ], [ 69.184323, 41.2573128 ], [ 69.1843402, 41.2573602 ], [ 69.1845355, 41.2572793 ], [ 69.1848681, 41.2571349 ], [ 69.1846431, 41.256867 ], [ 69.1844575, 41.2568077 ], [ 69.1843369, 41.2572045 ], [ 69.1843149, 41.2572853 ] ] ] } },
{ "type": "Feature", "properties": { "osm_id": "r1798227", "kind": "cemetery" }, "geometry": { "type": "Polygon", "coordinates": [ [ [ 69.1843402, 41.2573602 ], [ 69.1843733, 41.2573936 ], [ 69.1844247, 41.2574335 ], [ 69.184488, 41.257477 ], [ 69.1845705, 41.2575818 ], [ 69.184658, 41.2577799 ], [ 69.1846938, 41.2578488 ], [ 69.1848172, 41.2577999 ], [ 69.1852578, 41.2575881 ], [ 69.1850098, 41.2573143 ], [ 69.1848681, 41.2571349 ], [ 69.1845355, 41.2572793 ], [ 69.1843402, 41.2573602 ] ] ] } },
{ "type": "Feature", "properties": { "osm_id": "r1798230", "kind": "cemetery" }, "geometry": { "type": "Polygon", "coordinates": [ [ [ 69.1848681, 41.2571349 ], [ 69.1850098, 41.2573143 ], [ 69.1852901, 41.2572353 ], [ 69.1854487, 41.2571742 ], [ 69.185623, 41.2570792 ], [ 69.1854373, 41.256863 ], [ 69.1853873, 41.2568899 ], [ 69.1848681, 41.2571349 ] ] ] } },
{ "type": "Feature", "properties": { "osm_id": "r1798231", "kind": "cemetery" }, "geometry": { "type": "Polygon", "coordinates": [ [ [ 69.1846431, 41.256867 ], [ 69.1848681, 41.2571349 ], [ 69.1853873, 41.2568899 ], [ 69.1851659, 41.2566512 ], [ 69.1846431, 41.256867 ] ] ] } },
{ "type": "Feature", "properties": { "osm_id": "r1798232", "kind": "cemetery" }, "geometry": { "type": "Polygon", "coordinates": [ [ [ 69.1844575, 41.2568077 ], [ 69.1846431, 41.256867 ], [ 69.1851659, 41.2566512 ], [ 69.1849171, 41.2564007 ], [ 69.1845607, 41.2563394 ], [ 69.1844575, 41.2568077 ] ] ] } },
{ "type": "Feature", "properties": { "osm_id": "r1798233", "kind": "cemetery" }, "geometry": { "type": "Polygon", "coordinates": [ [ [ 69.1840678, 41.2567404 ], [ 69.1842074, 41.256872 ], [ 69.1842862, 41.2570668 ], [ 69.1843149, 41.2572853 ], [ 69.1843369, 41.2572045 ], [ 69.1844575, 41.2568077 ], [ 69.1845607, 41.2563394 ], [ 69.1841301, 41.2562867 ], [ 69.1840851, 41.256668 ], [ 69.1840678, 41.2567404 ] ] ] } },
{ "type": "Feature", "properties": { "osm_id": "r1798258", "kind": "cemetery" }, "geometry": { "type": "Polygon", "coordinates": [ [ [ 69.18521, 41.2564903 ], [ 69.1854894, 41.2568323 ], [ 69.1854373, 41.256863 ], [ 69.185623, 41.2570792 ], [ 69.1861363, 41.2567803 ], [ 69.1861985, 41.2567562 ], [ 69.1857587, 41.2561111 ], [ 69.18521, 41.2564903 ] ] ] } },
{ "type": "Feature", "properties": { "osm_id": "r1798259", "kind": "cemetery" }, "geometry": { "type": "Polygon", "coordinates": [ [ [ 69.1845738, 41.256256 ], [ 69.1849186, 41.2563059 ], [ 69.1850487, 41.2563576 ], [ 69.1851185, 41.2564104 ], [ 69.18521, 41.2564903 ], [ 69.1857587, 41.2561111 ], [ 69.1856319, 41.2559268 ], [ 69.1846864, 41.2557634 ], [ 69.1845738, 41.256256 ] ] ] } },
{ "type": "Feature", "properties": { "osm_id": "r1798260", "kind": "cemetery" }, "geometry": { "type": "Polygon", "coordinates": [ [ [ 69.1841405, 41.2562034 ], [ 69.1845738, 41.256256 ], [ 69.1846864, 41.2557634 ], [ 69.1842052, 41.255701 ], [ 69.1841405, 41.2562034 ] ] ] } },
{ "type": "Feature", "properties": { "osm_id": "r1798261", "kind": "cemetery" }, "geometry": { "type": "Polygon", "coordinates": [ [ [ 69.1841083, 41.2552874 ], [ 69.1840988, 41.2553269 ], [ 69.1838458, 41.2553008 ], [ 69.1837169, 41.2559374 ], [ 69.1837927, 41.2559448 ], [ 69.1838427, 41.2559498 ], [ 69.1838294, 41.2559956 ], [ 69.183804, 41.2561636 ], [ 69.1841405, 41.2562034 ], [ 69.1842052, 41.255701 ], [ 69.184286, 41.2553164 ], [ 69.1841083, 41.2552874 ] ] ] } },
{ "type": "Feature", "properties": { "osm_id": "r1798262", "kind": "cemetery" }, "geometry": { "type": "Polygon", "coordinates": [ [ [ 69.1842052, 41.255701 ], [ 69.1846864, 41.2557634 ], [ 69.1847835, 41.2553976 ], [ 69.184286, 41.2553164 ], [ 69.1842052, 41.255701 ] ] ] } },
{ "type": "Feature", "properties": { "osm_id": "r1798263", "kind": "cemetery" }, "geometry": { "type": "Polygon", "coordinates": [ [ [ 69.1846864, 41.2557634 ], [ 69.1856319, 41.2559268 ], [ 69.1853708, 41.2555127 ], [ 69.1847835, 41.2553976 ], [ 69.1846864, 41.2557634 ] ] ] } },
{ "type": "Feature", "properties": { "osm_id": "r1798264", "kind": "cemetery" }, "geometry": { "type": "Polygon", "coordinates": [ [ [ 69.1853708, 41.2555127 ], [ 69.1856319, 41.2559268 ], [ 69.1857587, 41.2561111 ], [ 69.1861985, 41.2567562 ], [ 69.1867893, 41.2565939 ], [ 69.1867573, 41.2564733 ], [ 69.1862443, 41.2556173 ], [ 69.1853708, 41.2555127 ] ] ] } },
{ "type": "Feature", "properties": { "osm_id": "r1798265", "kind": "cemetery" }, "geometry": { "type": "Polygon", "coordinates": [ [ [ 69.1841083, 41.2552874 ], [ 69.184286, 41.2553164 ], [ 69.1847835, 41.2553976 ], [ 69.1853708, 41.2555127 ], [ 69.1862443, 41.2556173 ], [ 69.1859602, 41.2551327 ], [ 69.1858342, 41.2550072 ], [ 69.185739, 41.2549567 ], [ 69.1856464, 41.2549121 ], [ 69.1854638, 41.2548515 ], [ 69.1852601, 41.2548048 ], [ 69.1846626, 41.2547377 ], [ 69.1845957, 41.2547357 ], [ 69.1845301, 41.2547397 ], [ 69.1844678, 41.2547582 ], [ 69.1844229, 41.2547791 ], [ 69.1843819, 41.2548059 ], [ 69.1843005, 41.2548786 ], [ 69.1842572, 41.254927 ], [ 69.1842166, 41.2549763 ], [ 69.1841541, 41.2550757 ], [ 69.1841227, 41.2552185 ], [ 69.1841083, 41.2552874 ] ] ] } },
{ "type": "Feature", "properties": { "osm_id": "r1798546", "kind": "industrial" }, "geometry": { "type": "Polygon", "coordinates": [ [ [ 69.1819051, 41.2550487 ], [ 69.1824756, 41.2551055 ], [ 69.1830751, 41.2551652 ], [ 69.1835502, 41.2552125 ], [ 69.1836081, 41.2548662 ], [ 69.1833669, 41.2548436 ], [ 69.1831469, 41.2545979 ], [ 69.1828084, 41.2545311 ], [ 69.1827176, 41.2545132 ], [ 69.1820676, 41.2543713 ], [ 69.1820211, 41.2543611 ], [ 69.1820009, 41.2544776 ], [ 69.1819051, 41.2550487 ] ] ] } },
{ "type": "Feature", "properties": { "osm_id": "r1798556", "kind": "cemetery" }, "geometry": { "type": "Polygon", "coordinates": [ [ [ 69.1614414, 41.2546905 ], [ 69.1622103, 41.2553435 ], [ 69.1629079, 41.2559688 ], [ 69.1648601, 41.2577208 ], [ 69.1666117, 41.2577436 ], [ 69.1666889, 41.2577652 ], [ 69.1667462, 41.2577792 ], [ 69.1677666, 41.2577741 ], [ 69.1687522, 41.2577689 ], [ 69.173117, 41.2577374 ], [ 69.1734173, 41.257739 ], [ 69.1734396, 41.2582611 ], [ 69.1734661, 41.2591572 ], [ 69.1734638, 41.2596605 ], [ 69.1734589, 41.2598806 ], [ 69.1744402, 41.2598787 ], [ 69.1745675, 41.260184 ], [ 69.1769573, 41.2600865 ], [ 69.1777015, 41.2600417 ], [ 69.178532, 41.2599889 ], [ 69.1795683, 41.2599199 ], [ 69.1805192, 41.2597805 ], [ 69.1822016, 41.2594609 ], [ 69.1839994, 41.2591065 ], [ 69.1844536, 41.2590804 ], [ 69.1846806, 41.2591162 ], [ 69.1850634, 41.259296 ], [ 69.1852108, 41.2593431 ], [ 69.1852624, 41.2593503 ], [ 69.1855994, 41.2594224 ], [ 69.1856436, 41.2593518 ], [ 69.1860809, 41.2594116 ], [ 69.1862072, 41.2590603 ], [ 69.1870018, 41.2588905 ], [ 69.1869298, 41.2586955 ], [ 69.1871722, 41.2586425 ], [ 69.1873804, 41.2586008 ], [ 69.1874032, 41.2586522 ], [ 69.1880212, 41.2584924 ], [ 69.1880817, 41.2584768 ], [ 69.1877586, 41.257931 ], [ 69.1877135, 41.257865 ], [ 69.1875144, 41.2575256 ], [ 69.1874314, 41.2573929 ], [ 69.1868965, 41.2565029 ], [ 69.1859284, 41.2550015 ], [ 69.1857812, 41.2548856 ], [ 69.1856121, 41.2547956 ], [ 69.1851921, 41.2546891 ], [ 69.1849673, 41.254667 ], [ 69.1844572, 41.2546039 ], [ 69.1841765, 41.2547779 ], [ 69.1839907, 41.2549011 ], [ 69.1838288, 41.2548861 ], [ 69.1837779, 41.2548814 ], [ 69.1836081, 41.2548662 ], [ 69.1833669, 41.2548436 ], [ 69.1831469, 41.2545979 ], [ 69.1828084, 41.2545311 ], [ 69.1827176, 41.2545132 ], [ 69.1820676, 41.2543713 ], [ 69.1820211, 41.2543611 ], [ 69.1815254, 41.254241 ], [ 69.1809189, 41.2540479 ], [ 69.1803643, 41.2538392 ], [ 69.1793824, 41.2535084 ], [ 69.1789061, 41.2533173 ], [ 69.1787401, 41.2532649 ], [ 69.1786474, 41.2532444 ], [ 69.178568, 41.2532377 ], [ 69.1765155, 41.2532049 ], [ 69.176224, 41.2532077 ], [ 69.1705184, 41.2533097 ], [ 69.1705184, 41.2540082 ], [ 69.1697691, 41.254016 ], [ 69.1695125, 41.2540283 ], [ 69.1675428, 41.2542202 ], [ 69.1674671, 41.2538542 ], [ 69.167396, 41.2538615 ], [ 69.1671592, 41.2538834 ], [ 69.1656431, 41.2540086 ], [ 69.1655831, 41.2540137 ], [ 69.165554, 41.2539882 ], [ 69.1650601, 41.2540339 ], [ 69.1642604, 41.2541121 ], [ 69.1638676, 41.2541575 ], [ 69.162381, 41.2542939 ], [ 69.1611466, 41.2544226 ], [ 69.1614414, 41.2546905 ] ] ] } },
{ "type": "Feature", "properties": { "osm_id": "r1809524", "kind": "industrial" }, "geometry": { "type": "Polygon", "coordinates": [ [ [ 69.1853414, 41.2743892 ], [ 69.1861563, 41.2747709 ], [ 69.1862078, 41.2747046 ], [ 69.1865062, 41.274829 ], [ 69.1869802, 41.2742023 ], [ 69.1858275, 41.2737087 ], [ 69.1856387, 41.2739759 ], [ 69.1855194, 41.2741448 ], [ 69.1854508, 41.2742383 ], [ 69.1853414, 41.2743892 ] ] ] } },
{ "type": "Feature", "properties": { "osm_id": "r1809525", "kind": "industrial" }, "geometry": { "type": "Polygon", "coordinates": [ [ [ 69.1795009, 41.2741636 ], [ 69.1799115, 41.274424 ], [ 69.1807094, 41.2748876 ], [ 69.1817814, 41.275459 ], [ 69.1822319, 41.2744477 ], [ 69.182406, 41.2740569 ], [ 69.182869, 41.2729971 ], [ 69.1801644, 41.2723333 ], [ 69.1795952, 41.2722043 ], [ 69.1794854, 41.2724566 ], [ 69.1799439, 41.2727021 ], [ 69.1801397, 41.2727387 ], [ 69.1801495, 41.2730294 ], [ 69.1801127, 41.2731554 ], [ 69.1799654, 41.2735617 ], [ 69.1795009, 41.2741636 ] ] ] } },
{ "type": "Feature", "properties": { "osm_id": "r1819037", "kind": "industrial" }, "geometry": { "type": "Polygon", "coordinates": [ [ [ 69.3829949, 41.2555788 ], [ 69.3831887, 41.2557053 ], [ 69.3848902, 41.2567788 ], [ 69.3856983, 41.2561249 ], [ 69.3858571, 41.2560971 ], [ 69.385974, 41.2559403 ], [ 69.3848019, 41.2554398 ], [ 69.3847497, 41.2554844 ], [ 69.3837275, 41.2549519 ], [ 69.3832303, 41.2553848 ], [ 69.3831799, 41.2554152 ], [ 69.3831465, 41.2554906 ], [ 69.3830334, 41.2555727 ], [ 69.3830163, 41.2555603 ], [ 69.3829949, 41.2555788 ] ] ] } },
{ "type": "Feature", "properties": { "osm_id": "r2055243", "kind": "industrial" }, "geometry": { "type": "Polygon", "coordinates": [ [ [ 69.0620138, 41.1218584 ], [ 69.0622049, 41.1221175 ], [ 69.0641711, 41.1209569 ], [ 69.063338, 41.1200763 ], [ 69.0629963, 41.1202331 ], [ 69.0626559, 41.1198755 ], [ 69.0617624, 41.1197338 ], [ 69.0611665, 41.1200494 ], [ 69.0605743, 41.1204001 ], [ 69.0611717, 41.1210117 ], [ 69.0620138, 41.1218584 ] ] ] } },
{ "type": "Feature", "properties": { "osm_id": "r2087242", "kind": "industrial" }, "geometry": { "type": "Polygon", "coordinates": [ [ [ 69.307315, 41.25285 ], [ 69.3066368, 41.2528541 ], [ 69.3064226, 41.2528554 ], [ 69.3063665, 41.2528557 ], [ 69.306319, 41.252856 ], [ 69.3063142, 41.2537565 ], [ 69.3063269, 41.2538696 ], [ 69.3067596, 41.2541225 ], [ 69.3074182, 41.2544171 ], [ 69.3077606, 41.2539741 ], [ 69.3078732, 41.2540044 ], [ 69.3080468, 41.2537688 ], [ 69.3080308, 41.2530013 ], [ 69.3080313, 41.2528514 ], [ 69.307315, 41.25285 ] ] ] } },
{ "type": "Feature", "properties": { "osm_id": "r2266437", "kind": "railway" }, "geometry": { "type": "Polygon", "coordinates": [ [ [ 69.2610388, 41.2688389 ], [ 69.2618146, 41.2690143 ], [ 69.2620872, 41.2686341 ], [ 69.2625738, 41.268847 ], [ 69.2637891, 41.2692964 ], [ 69.2639945, 41.2689983 ], [ 69.2644251, 41.2692691 ], [ 69.2647095, 41.269429 ], [ 69.2649438, 41.269553 ], [ 69.2652712, 41.2697541 ], [ 69.2658441, 41.2701528 ], [ 69.2660416, 41.2703006 ], [ 69.2664376, 41.2707222 ], [ 69.2673291, 41.2716333 ], [ 69.2681173, 41.2724926 ], [ 69.2702368, 41.2748733 ], [ 69.2725821, 41.2774983 ], [ 69.2763587, 41.2816511 ], [ 69.2768322, 41.2821975 ], [ 69.2771045, 41.2824996 ], [ 69.2773193, 41.2827378 ], [ 69.278012, 41.2835055 ], [ 69.2795797, 41.2852289 ], [ 69.2802746, 41.2860062 ], [ 69.2812512, 41.2870139 ], [ 69.2817857, 41.2875636 ], [ 69.2824219, 41.2881449 ], [ 69.2825035, 41.2881091 ], [ 69.2825146, 41.2881177 ], [ 69.2825501, 41.2880892 ], [ 69.282629, 41.2880209 ], [ 69.282652, 41.288001 ], [ 69.2826426, 41.2879839 ], [ 69.2825099, 41.2878896 ], [ 69.2822591, 41.2876816 ], [ 69.2819442, 41.2874046 ], [ 69.281275, 41.286706 ], [ 69.2808068, 41.2862248 ], [ 69.2806335, 41.2860288 ], [ 69.280527, 41.2859693 ], [ 69.2799123, 41.285282 ], [ 69.2790153, 41.2842841 ], [ 69.2785586, 41.2837806 ], [ 69.2780695, 41.2832343 ], [ 69.2776183, 41.2827404 ], [ 69.2771586, 41.2822242 ], [ 69.2766968, 41.2817112 ], [ 69.2763652, 41.2813312 ], [ 69.2755319, 41.2804145 ], [ 69.2743481, 41.279124 ], [ 69.2737976, 41.2784981 ], [ 69.2732324, 41.2778702 ], [ 69.2726812, 41.2772662 ], [ 69.2721089, 41.2766163 ], [ 69.2713836, 41.2758139 ], [ 69.270763, 41.2751256 ], [ 69.2701922, 41.2745054 ], [ 69.2694788, 41.2736987 ], [ 69.2689226, 41.2730671 ], [ 69.2679815, 41.2720347 ], [ 69.2672889, 41.2712773 ], [ 69.2668529, 41.2707858 ], [ 69.2662537, 41.2701808 ], [ 69.2661077, 41.2700333 ], [ 69.2661151, 41.2699468 ], [ 69.2658685, 41.2697083 ], [ 69.2656485, 41.2695674 ], [ 69.265523, 41.269463 ], [ 69.2648205, 41.268889 ], [ 69.2641811, 41.2684222 ], [ 69.2638061, 41.2682137 ], [ 69.2634419, 41.2680029 ], [ 69.2629275, 41.2677392 ], [ 69.2627792, 41.2676834 ], [ 69.2626706, 41.2676426 ], [ 69.2619796, 41.267612 ], [ 69.2613244, 41.2683714 ], [ 69.2610388, 41.2688389 ] ] ] } },
{ "type": "Feature", "properties": { "osm_id": "r2277434", "kind": "industrial" }, "geometry": { "type": "Polygon", "coordinates": [ [ [ 69.1776467, 41.2730896 ], [ 69.1777352, 41.2729989 ], [ 69.1776952, 41.2729693 ], [ 69.1778979, 41.2727492 ], [ 69.1779531, 41.2726976 ], [ 69.1786551, 41.2720425 ], [ 69.1786981, 41.272001 ], [ 69.1775607, 41.2717136 ], [ 69.1774199, 41.2718548 ], [ 69.1772283, 41.2717591 ], [ 69.1764535, 41.2725168 ], [ 69.1774076, 41.2730373 ], [ 69.177586, 41.2731346 ], [ 69.1776467, 41.2730896 ] ] ] } },
{ "type": "Feature", "properties": { "osm_id": "r2280155", "kind": "industrial" }, "geometry": { "type": "Polygon", "coordinates": [ [ [ 69.1664044, 41.2743915 ], [ 69.1664195, 41.2744166 ], [ 69.1664292, 41.2744333 ], [ 69.1664352, 41.2744509 ], [ 69.1666275, 41.274555 ], [ 69.1666746, 41.274574 ], [ 69.1671573, 41.2747423 ], [ 69.167962, 41.2750228 ], [ 69.1685622, 41.275232 ], [ 69.1695168, 41.2755648 ], [ 69.1699349, 41.2757105 ], [ 69.1707476, 41.2759938 ], [ 69.172135, 41.2764774 ], [ 69.1722774, 41.2765271 ], [ 69.1725446, 41.2766202 ], [ 69.1725745, 41.2765735 ], [ 69.1726043, 41.2765267 ], [ 69.1728465, 41.276134 ], [ 69.1729224, 41.2760109 ], [ 69.1732667, 41.2754344 ], [ 69.1735003, 41.2750473 ], [ 69.1736008, 41.2749014 ], [ 69.1736558, 41.2748313 ], [ 69.1736735, 41.2748087 ], [ 69.1737501, 41.2747166 ], [ 69.1738599, 41.2746014 ], [ 69.1748743, 41.273655 ], [ 69.1750236, 41.2735157 ], [ 69.1753267, 41.2732329 ], [ 69.1754284, 41.273138 ], [ 69.1759813, 41.2726233 ], [ 69.1761213, 41.2724913 ], [ 69.1766765, 41.2719705 ], [ 69.1769736, 41.2716919 ], [ 69.1770527, 41.2716173 ], [ 69.1771869, 41.2714917 ], [ 69.1769362, 41.27142 ], [ 69.1760774, 41.2711963 ], [ 69.175975, 41.2711635 ], [ 69.1758889, 41.2711274 ], [ 69.175729, 41.2710483 ], [ 69.1753997, 41.2708476 ], [ 69.1752375, 41.2707487 ], [ 69.1751892, 41.2707193 ], [ 69.1749123, 41.2705505 ], [ 69.1734269, 41.2696428 ], [ 69.1723265, 41.2689703 ], [ 69.1721884, 41.2688859 ], [ 69.1720977, 41.268971 ], [ 69.1711766, 41.2698347 ], [ 69.1707875, 41.2701914 ], [ 69.1695674, 41.2713149 ], [ 69.1694875, 41.2713923 ], [ 69.1693557, 41.2715201 ], [ 69.1692584, 41.2716112 ], [ 69.169015, 41.271839 ], [ 69.1687715, 41.2720668 ], [ 69.1684605, 41.2723577 ], [ 69.1682726, 41.2725296 ], [ 69.1679108, 41.2728605 ], [ 69.1676172, 41.2731319 ], [ 69.1675954, 41.2731521 ], [ 69.1674226, 41.2733118 ], [ 69.1670824, 41.2736259 ], [ 69.1669136, 41.2737804 ], [ 69.1667953, 41.2738917 ], [ 69.1664948, 41.2742483 ], [ 69.1664637, 41.2742849 ], [ 69.1664247, 41.2743345 ], [ 69.1664044, 41.2743915 ] ] ] } },
{ "type": "Feature", "properties": { "osm_id": "r2281121", "kind": "industrial" }, "geometry": { "type": "Polygon", "coordinates": [ [ [ 69.1780068, 41.2507569 ], [ 69.1786506, 41.250626 ], [ 69.1806131, 41.2518991 ], [ 69.1812697, 41.2513282 ], [ 69.1818718, 41.2517031 ], [ 69.1828057, 41.2508757 ], [ 69.1828609, 41.250817 ], [ 69.1822118, 41.250423 ], [ 69.1796087, 41.2488465 ], [ 69.1788697, 41.2495377 ], [ 69.1778848, 41.2504522 ], [ 69.1780068, 41.2507569 ] ] ] } },
{ "type": "Feature", "properties": { "osm_id": "r2281220", "kind": "industrial" }, "geometry": { "type": "Polygon", "coordinates": [ [ [ 69.1671592, 41.2538834 ], [ 69.1672013, 41.2538926 ], [ 69.1672284, 41.2539062 ], [ 69.1672531, 41.2539251 ], [ 69.1672618, 41.2539568 ], [ 69.1673243, 41.2542474 ], [ 69.1673949, 41.2542531 ], [ 69.1674072, 41.2543297 ], [ 69.1675713, 41.2551557 ], [ 69.1681535, 41.2551247 ], [ 69.1692069, 41.2550583 ], [ 69.1693343, 41.2549143 ], [ 69.1694815, 41.254636 ], [ 69.1695073, 41.2545339 ], [ 69.1695257, 41.254483 ], [ 69.1695154, 41.2543797 ], [ 69.1695193, 41.2542295 ], [ 69.1695125, 41.2540283 ], [ 69.1675428, 41.2542202 ], [ 69.1674671, 41.2538542 ], [ 69.167396, 41.2538615 ], [ 69.1671592, 41.2538834 ] ] ] } },
{ "type": "Feature", "properties": { "osm_id": "r2302615", "kind": "railway" }, "geometry": { "type": "Polygon", "coordinates": [ [ [ 69.2107395, 41.2515445 ], [ 69.2113351, 41.251967 ], [ 69.2119267, 41.2523868 ], [ 69.2119829, 41.2523697 ], [ 69.2125195, 41.2527483 ], [ 69.2129418, 41.2530458 ], [ 69.2136865, 41.2535662 ], [ 69.2137745, 41.2535557 ], [ 69.2138117, 41.25259 ], [ 69.2132222, 41.2522346 ], [ 69.2122638, 41.2517743 ], [ 69.2121923, 41.2518359 ], [ 69.2121662, 41.2518584 ], [ 69.2120358, 41.2519709 ], [ 69.212018, 41.2519869 ], [ 69.2115811, 41.2516929 ], [ 69.2110813, 41.251303 ], [ 69.2109848, 41.2513727 ], [ 69.2108746, 41.2514524 ], [ 69.2107395, 41.2515445 ] ] ] } },
{ "type": "Feature", "properties": { "osm_id": "r2351726", "kind": "industrial" }, "geometry": { "type": "Polygon", "coordinates": [ [ [ 69.3051493, 41.2996008 ], [ 69.30512, 41.2996448 ], [ 69.3050661, 41.2997257 ], [ 69.3050777, 41.2997637 ], [ 69.3051437, 41.2999807 ], [ 69.3051712, 41.3000753 ], [ 69.3055554, 41.3000011 ], [ 69.3056047, 41.3001453 ], [ 69.3056589, 41.3003544 ], [ 69.3054912, 41.3003788 ], [ 69.3054604, 41.3002782 ], [ 69.3052418, 41.300316 ], [ 69.305424, 41.3009112 ], [ 69.305472, 41.3010682 ], [ 69.3056906, 41.3010304 ], [ 69.3060928, 41.3009644 ], [ 69.3061205, 41.301056 ], [ 69.3063328, 41.3010222 ], [ 69.3068264, 41.300861 ], [ 69.3075559, 41.300595 ], [ 69.3076525, 41.3006434 ], [ 69.3080132, 41.3004625 ], [ 69.3080003, 41.3004257 ], [ 69.3083026, 41.3003315 ], [ 69.3086772, 41.2999157 ], [ 69.3090768, 41.2991565 ], [ 69.3092544, 41.2990117 ], [ 69.3093282, 41.2988787 ], [ 69.3096949, 41.2986538 ], [ 69.309874, 41.2985543 ], [ 69.309846, 41.2985237 ], [ 69.3097839, 41.2984636 ], [ 69.3090324, 41.2986963 ], [ 69.3088804, 41.2987341 ], [ 69.3051493, 41.2996008 ] ] ] } },
{ "type": "Feature", "properties": { "osm_id": "r2386633", "kind": "industrial" }, "geometry": { "type": "Polygon", "coordinates": [ [ [ 69.3089007, 41.3040803 ], [ 69.309237, 41.3039421 ], [ 69.3096469, 41.3037929 ], [ 69.3098685, 41.3037123 ], [ 69.3097387, 41.3029044 ], [ 69.3091831, 41.3029682 ], [ 69.3088787, 41.3030054 ], [ 69.3088611, 41.3030817 ], [ 69.3089007, 41.3040803 ] ] ] } },
{ "type": "Feature", "properties": { "osm_id": "r2393618", "kind": "cemetery" }, "geometry": { "type": "MultiPolygon", "coordinates": [ [ [ [ 69.3169183, 41.3095684 ], [ 69.317436, 41.3082843 ], [ 69.3176401, 41.3082694 ], [ 69.3177326, 41.308299 ], [ 69.3179017, 41.3083335 ], [ 69.3181578, 41.3083791 ], [ 69.3185825, 41.3087969 ], [ 69.3187699, 41.3088861 ], [ 69.3189188, 41.3090045 ], [ 69.319027, 41.3091446 ], [ 69.3191189, 41.3091996 ], [ 69.3195621, 41.3092025 ], [ 69.3200574, 41.3092266 ], [ 69.3203253, 41.3087736 ], [ 69.3205009, 41.3084574 ], [ 69.3207214, 41.3082119 ], [ 69.3207274, 41.3081328 ], [ 69.3206497, 41.3074705 ], [ 69.3204988, 41.3062782 ], [ 69.3204711, 41.3058825 ], [ 69.3203995, 41.3049153 ], [ 69.3204002, 41.3048926 ], [ 69.3203948, 41.3048503 ], [ 69.3204049, 41.3047879 ], [ 69.3202669, 41.3046955 ], [ 69.3198758, 41.3048476 ], [ 69.3194301, 41.3050281 ], [ 69.3192002, 41.3050733 ], [ 69.3189431, 41.3049303 ], [ 69.3188058, 41.3048054 ], [ 69.3187174, 41.3047296 ], [ 69.3186561, 41.3047004 ], [ 69.3185623, 41.3045966 ], [ 69.3180856, 41.304562 ], [ 69.3181173, 41.304152 ], [ 69.3179239, 41.3038669 ], [ 69.317531, 41.3040169 ], [ 69.3173404, 41.3036798 ], [ 69.3171767, 41.3036641 ], [ 69.3171142, 41.3036806 ], [ 69.3169808, 41.3037536 ], [ 69.3161397, 41.3041143 ], [ 69.315752, 41.3041783 ], [ 69.3156755, 41.3042145 ], [ 69.3151607, 41.304285 ], [ 69.3142913, 41.3044196 ], [ 69.3141519, 41.3043196 ], [ 69.3139163, 41.3041506 ], [ 69.3138073, 41.3041799 ], [ 69.3134256, 41.3040656 ], [ 69.3133383, 41.3040671 ], [ 69.313273, 41.3040857 ], [ 69.3124944, 41.3045847 ], [ 69.3122524, 41.3047317 ], [ 69.3115795, 41.3063179 ], [ 69.3115623, 41.3063536 ], [ 69.3116701, 41.3063837 ], [ 69.3116194, 41.3065128 ], [ 69.311484, 41.3064796 ], [ 69.3114558, 41.306533 ], [ 69.3113946, 41.3066488 ], [ 69.3113658, 41.3067021 ], [ 69.3113405, 41.3067379 ], [ 69.311298, 41.3068377 ], [ 69.311271, 41.3068318 ], [ 69.3109695, 41.3069648 ], [ 69.3110003, 41.3070265 ], [ 69.3108335, 41.3071049 ], [ 69.3107844, 41.3075058 ], [ 69.3107475, 41.3077738 ], [ 69.3106927, 41.3077746 ], [ 69.3107229, 41.3078916 ], [ 69.3141543, 41.3088259 ], [ 69.3161635, 41.3093653 ], [ 69.3169183, 41.3095684 ] ] ], [ [ [ 69.3117763, 41.3083959 ], [ 69.3117691, 41.308399 ], [ 69.3117633, 41.3084029 ], [ 69.3117594, 41.3084075 ], [ 69.3117571, 41.3084126 ], [ 69.3117562, 41.3084182 ], [ 69.311757, 41.3084239 ], [ 69.3117593, 41.3084293 ], [ 69.3117625, 41.3084349 ], [ 69.3127294, 41.3098088 ], [ 69.3126195, 41.3098526 ], [ 69.3128455, 41.310303 ], [ 69.3139293, 41.3099422 ], [ 69.3145701, 41.3097713 ], [ 69.3148789, 41.3102484 ], [ 69.3157028, 41.3101802 ], [ 69.315763, 41.3100612 ], [ 69.3161503, 41.3101225 ], [ 69.3161645, 41.3100739 ], [ 69.3175397, 41.3104015 ], [ 69.3180362, 41.3101727 ], [ 69.3181907, 41.3101197 ], [ 69.3166563, 41.3097108 ], [ 69.3151069, 41.3092934 ], [ 69.3140056, 41.3089986 ], [ 69.3117763, 41.3083959 ] ] ] ] } },
{ "type": "Feature", "properties": { "osm_id": "r2394954", "kind": "military" }, "geometry": { "type": "MultiPolygon", "coordinates": [ [ [ [ 69.3076003, 41.3138158 ], [ 69.3075231, 41.3131712 ], [ 69.3076347, 41.3130938 ], [ 69.3074843, 41.3128372 ], [ 69.3073671, 41.3126372 ], [ 69.3067414, 41.3128874 ], [ 69.3066725, 41.3129242 ], [ 69.3067107, 41.312936 ], [ 69.306998, 41.3130722 ], [ 69.3061871, 41.3139312 ], [ 69.3063758, 41.3142661 ], [ 69.3065394, 41.3145372 ], [ 69.3066489, 41.3147455 ], [ 69.3078697, 41.314312 ], [ 69.3076003, 41.3138158 ] ] ], [ [ [ 69.3046743, 41.3159229 ], [ 69.3047002, 41.3160609 ], [ 69.3046276, 41.3161651 ], [ 69.30478, 41.316391 ], [ 69.3050383, 41.3166464 ], [ 69.3053062, 41.3168451 ], [ 69.3060248, 41.3171421 ], [ 69.3063338, 41.3175782 ], [ 69.3063574, 41.3178555 ], [ 69.3062372, 41.3180263 ], [ 69.3058044, 41.3182305 ], [ 69.3056263, 41.3185875 ], [ 69.305706, 41.318709 ], [ 69.3058388, 41.3187805 ], [ 69.3057798, 41.3188389 ], [ 69.3058127, 41.318904 ], [ 69.3059749, 41.3187978 ], [ 69.3065544, 41.3196496 ], [ 69.3067337, 41.3195867 ], [ 69.306917, 41.3198542 ], [ 69.3069653, 41.3198361 ], [ 69.3071651, 41.3201346 ], [ 69.3086145, 41.3195707 ], [ 69.3107737, 41.3187456 ], [ 69.3107411, 41.3184923 ], [ 69.310589, 41.3176999 ], [ 69.3104348, 41.3173317 ], [ 69.3102501, 41.3169862 ], [ 69.3096979, 41.316159 ], [ 69.3080883, 41.3167758 ], [ 69.3073045, 41.3156387 ], [ 69.307365, 41.3156137 ], [ 69.3074028, 41.3154416 ], [ 69.3071009, 41.3149306 ], [ 69.3064511, 41.3152439 ], [ 69.3058082, 41.3154738 ], [ 69.3058377, 41.315523 ], [ 69.3057633, 41.3155466 ], [ 69.3057137, 41.3155672 ], [ 69.3052107, 41.3157647 ], [ 69.3049902, 41.3158688 ], [ 69.3049133, 41.3158606 ], [ 69.3046743, 41.3159229 ] ] ] ] } },
{ "type": "Feature", "properties": { "osm_id": "r2395865", "kind": "industrial" }, "geometry": { "type": "Polygon", "coordinates": [ [ [ 69.3543065, 41.2978232 ], [ 69.3516123, 41.2995711 ], [ 69.3521123, 41.3001634 ], [ 69.3534007, 41.3016884 ], [ 69.3557211, 41.3004876 ], [ 69.3556802, 41.3004413 ], [ 69.3556464, 41.3004023 ], [ 69.3561598, 41.3001402 ], [ 69.3563076, 41.3000647 ], [ 69.3549245, 41.2985169 ], [ 69.354545, 41.2987063 ], [ 69.3541829, 41.2982815 ], [ 69.3541293, 41.2982186 ], [ 69.3543734, 41.2980615 ], [ 69.3543065, 41.2978232 ] ] ] } },
{ "type": "Feature", "properties": { "osm_id": "r2399789", "kind": "industrial" }, "geometry": { "type": "Polygon", "coordinates": [ [ [ 69.2953481, 41.2806752 ], [ 69.2954727, 41.2805897 ], [ 69.2957292, 41.2807899 ], [ 69.2955503, 41.2809223 ], [ 69.2953958, 41.2810342 ], [ 69.2955642, 41.2811449 ], [ 69.295887, 41.2814126 ], [ 69.2960315, 41.2815133 ], [ 69.2963103, 41.2817431 ], [ 69.2968984, 41.2813462 ], [ 69.2968445, 41.2812994 ], [ 69.2971246, 41.2810955 ], [ 69.2967284, 41.2808277 ], [ 69.2961267, 41.2803919 ], [ 69.2956745, 41.2800329 ], [ 69.2951712, 41.2803947 ], [ 69.2951366, 41.2804085 ], [ 69.2949853, 41.2805176 ], [ 69.2951429, 41.2806411 ], [ 69.2950085, 41.2807379 ], [ 69.2951271, 41.2808286 ], [ 69.2953481, 41.2806752 ] ] ] } },
{ "type": "Feature", "properties": { "osm_id": "r2399806", "kind": "industrial" }, "geometry": { "type": "Polygon", "coordinates": [ [ [ 69.3203234, 41.3287649 ], [ 69.3205067, 41.3289071 ], [ 69.3206011, 41.3290094 ], [ 69.3206502, 41.3291162 ], [ 69.3208042, 41.329203 ], [ 69.3209823, 41.3292283 ], [ 69.3215183, 41.3290222 ], [ 69.3215011, 41.3289867 ], [ 69.3212259, 41.3284179 ], [ 69.3212139, 41.328393 ], [ 69.3205206, 41.3285916 ], [ 69.3203234, 41.3287649 ] ] ] } },
{ "type": "Feature", "properties": { "osm_id": "r2401295", "kind": "industrial" }, "geometry": { "type": "Polygon", "coordinates": [ [ [ 69.3153761, 41.3287348 ], [ 69.3154658, 41.3290716 ], [ 69.3153417, 41.3296417 ], [ 69.315002, 41.3304099 ], [ 69.3149748, 41.3306872 ], [ 69.3150634, 41.3308665 ], [ 69.3152356, 41.3310133 ], [ 69.3157633, 41.3309694 ], [ 69.317274, 41.3308723 ], [ 69.3172252, 41.3307775 ], [ 69.3170467, 41.3304305 ], [ 69.3162311, 41.3296123 ], [ 69.3155602, 41.3287157 ], [ 69.3154991, 41.328722 ], [ 69.3153761, 41.3287348 ] ] ] } },
{ "type": "Feature", "properties": { "osm_id": "r2401540", "kind": "industrial" }, "geometry": { "type": "Polygon", "coordinates": [ [ [ 69.3154439, 41.3361647 ], [ 69.3143582, 41.3358873 ], [ 69.31406, 41.3358727 ], [ 69.3143494, 41.3370467 ], [ 69.3147456, 41.3371286 ], [ 69.3150607, 41.3371755 ], [ 69.3154764, 41.3363497 ], [ 69.3154796, 41.336211 ], [ 69.3154439, 41.3361647 ] ] ] } },
{ "type": "Feature", "properties": { "osm_id": "r2411485", "kind": "industrial" }, "geometry": { "type": "Polygon", "coordinates": [ [ [ 69.3679544, 41.2556806 ], [ 69.3688261, 41.2567862 ], [ 69.3689372, 41.2569059 ], [ 69.3705519, 41.2560725 ], [ 69.3696268, 41.2549276 ], [ 69.3679544, 41.2556806 ] ] ] } },
{ "type": "Feature", "properties": { "osm_id": "r2428177", "kind": "military" }, "geometry": { "type": "Polygon", "coordinates": [ [ [ 69.1780068, 41.2507569 ], [ 69.1779605, 41.2507748 ], [ 69.1769122, 41.2523592 ], [ 69.1768921, 41.2525065 ], [ 69.1784159, 41.2529784 ], [ 69.1806598, 41.2537281 ], [ 69.1818102, 41.2540517 ], [ 69.1819035, 41.2540771 ], [ 69.1819691, 41.254097 ], [ 69.1826517, 41.2542528 ], [ 69.1848874, 41.2544197 ], [ 69.1863374, 41.2530243 ], [ 69.1850972, 41.2522605 ], [ 69.1848296, 41.2520912 ], [ 69.1842525, 41.2517567 ], [ 69.1835701, 41.2513372 ], [ 69.1828663, 41.2509142 ], [ 69.1828057, 41.2508757 ], [ 69.1818718, 41.2517031 ], [ 69.1812697, 41.2513282 ], [ 69.1806131, 41.2518991 ], [ 69.1786506, 41.250626 ], [ 69.1780068, 41.2507569 ] ] ] } },
{ "type": "Feature", "properties": { "osm_id": "r2461624", "kind": "railway" }, "geometry": { "type": "Polygon", "coordinates": [ [ [ 69.1238781, 41.1787527 ], [ 69.1239033, 41.1787041 ], [ 69.1236858, 41.1786647 ], [ 69.1239201, 41.1783514 ], [ 69.1239496, 41.178312 ], [ 69.1238335, 41.1782722 ], [ 69.1222368, 41.1773821 ], [ 69.1214176, 41.1768454 ], [ 69.1211839, 41.1755314 ], [ 69.1204274, 41.1749357 ], [ 69.1168473, 41.1722105 ], [ 69.1165371, 41.1723299 ], [ 69.1163864, 41.1723712 ], [ 69.1163383, 41.1723843 ], [ 69.1160609, 41.1724603 ], [ 69.1164134, 41.1731541 ], [ 69.1163061, 41.173455 ], [ 69.1159194, 41.1738522 ], [ 69.1156976, 41.1739047 ], [ 69.116342, 41.1762172 ], [ 69.1169268, 41.176813 ], [ 69.1173322, 41.1776455 ], [ 69.1179366, 41.1781957 ], [ 69.118436, 41.17852 ], [ 69.1192635, 41.1788627 ], [ 69.1207085, 41.1788639 ], [ 69.1216468, 41.1788841 ], [ 69.122761, 41.1788592 ], [ 69.1238781, 41.1787527 ] ] ] } },
{ "type": "Feature", "properties": { "osm_id": "r2506684", "kind": "cemetery" }, "geometry": { "type": "MultiPolygon", "coordinates": [ [ [ [ 69.390039, 41.388301 ], [ 69.391205, 41.3893389 ], [ 69.3917165, 41.3896158 ], [ 69.3923734, 41.3895623 ], [ 69.392898, 41.3890045 ], [ 69.3930915, 41.3884276 ], [ 69.3923581, 41.387182 ], [ 69.392078, 41.3872431 ], [ 69.3919253, 41.387396 ], [ 69.3916961, 41.3875564 ], [ 69.3914567, 41.3875603 ], [ 69.3912276, 41.3874991 ], [ 69.3910137, 41.3875564 ], [ 69.3906317, 41.387652 ], [ 69.3899849, 41.387545 ], [ 69.3898016, 41.3876061 ], [ 69.3896081, 41.3878506 ], [ 69.390039, 41.388301 ] ] ], [ [ [ 69.3878449, 41.3891421 ], [ 69.3886711, 41.3892844 ], [ 69.3892872, 41.3894532 ], [ 69.3899499, 41.3897531 ], [ 69.3904635, 41.3900384 ], [ 69.3913951, 41.3903259 ], [ 69.3920653, 41.3913956 ], [ 69.3926376, 41.3914543 ], [ 69.3926434, 41.3910248 ], [ 69.3921343, 41.3906425 ], [ 69.3917171, 41.3900461 ], [ 69.3907015, 41.389272 ], [ 69.3896736, 41.3881621 ], [ 69.3895993, 41.3881714 ], [ 69.3893639, 41.3885445 ], [ 69.3888933, 41.3888989 ], [ 69.3885094, 41.3888243 ], [ 69.3878901, 41.3888243 ], [ 69.3875186, 41.3888709 ], [ 69.3873699, 41.3891228 ], [ 69.3878449, 41.3891421 ] ] ] ] } },
{ "type": "Feature", "properties": { "osm_id": "r2514139", "kind": "military" }, "geometry": { "type": "Polygon", "coordinates": [ [ [ 69.1683089, 41.3966023 ], [ 69.1683129, 41.3977879 ], [ 69.1683961, 41.3986019 ], [ 69.1686328, 41.3987901 ], [ 69.1692794, 41.3991779 ], [ 69.1699646, 41.400003 ], [ 69.1700575, 41.4001173 ], [ 69.1706581, 41.3997155 ], [ 69.1714469, 41.3990242 ], [ 69.1716565, 41.3991391 ], [ 69.1726333, 41.3980468 ], [ 69.1754878, 41.3972915 ], [ 69.1753985, 41.3963744 ], [ 69.1742208, 41.3965471 ], [ 69.1739352, 41.3964083 ], [ 69.1730397, 41.3965031 ], [ 69.1723464, 41.3954928 ], [ 69.1704012, 41.3953569 ], [ 69.1683089, 41.3966023 ] ] ] } },
{ "type": "Feature", "properties": { "osm_id": "r2564752", "kind": "military" }, "geometry": { "type": "Polygon", "coordinates": [ [ [ 69.2408022, 41.2787842 ], [ 69.2412501, 41.2792013 ], [ 69.2415414, 41.2790246 ], [ 69.2414521, 41.2789415 ], [ 69.2417271, 41.2787747 ], [ 69.2413684, 41.2784408 ], [ 69.2408022, 41.2787842 ] ] ] } },
{ "type": "Feature", "properties": { "osm_id": "r2998338", "kind": "cemetery" }, "geometry": { "type": "Polygon", "coordinates": [ [ [ 69.194544, 41.2755281 ], [ 69.1945113, 41.275557 ], [ 69.1944864, 41.2755917 ], [ 69.194476, 41.2756257 ], [ 69.1944707, 41.2756625 ], [ 69.1944684, 41.2756934 ], [ 69.1944763, 41.2757224 ], [ 69.1944907, 41.2757503 ], [ 69.1945277, 41.2757914 ], [ 69.1945713, 41.2758292 ], [ 69.1952379, 41.2762038 ], [ 69.1952845, 41.2762252 ], [ 69.1953355, 41.2762444 ], [ 69.1953731, 41.2762515 ], [ 69.1954107, 41.2762538 ], [ 69.1954589, 41.2762516 ], [ 69.1955072, 41.2762452 ], [ 69.195554, 41.2762314 ], [ 69.1955915, 41.2762125 ], [ 69.1956812, 41.2761564 ], [ 69.1956949, 41.276143 ], [ 69.1957069, 41.2761278 ], [ 69.1957216, 41.2761001 ], [ 69.1957317, 41.2760656 ], [ 69.1957306, 41.2760298 ], [ 69.1957247, 41.2759909 ], [ 69.1957165, 41.2759526 ], [ 69.1957014, 41.2759138 ], [ 69.1956832, 41.2758756 ], [ 69.1956302, 41.2758004 ], [ 69.1955723, 41.2757264 ], [ 69.1953682, 41.2754898 ], [ 69.1952989, 41.2754102 ], [ 69.1952633, 41.2753764 ], [ 69.1952156, 41.2753419 ], [ 69.1951782, 41.2753254 ], [ 69.1951352, 41.2753131 ], [ 69.1950944, 41.2753033 ], [ 69.195046, 41.2752936 ], [ 69.1949949, 41.275294 ], [ 69.1949418, 41.2753001 ], [ 69.1948849, 41.275313 ], [ 69.194836, 41.2753335 ], [ 69.1948001, 41.2753575 ], [ 69.194544, 41.2755281 ] ] ] } },
{ "type": "Feature", "properties": { "osm_id": "r4003251", "kind": "industrial" }, "geometry": { "type": "Polygon", "coordinates": [ [ [ 69.2519089, 41.267393 ], [ 69.2521697, 41.2675953 ], [ 69.2525312, 41.2678575 ], [ 69.2530128, 41.2681191 ], [ 69.2528926, 41.2683779 ], [ 69.2535152, 41.2686987 ], [ 69.2546961, 41.2690382 ], [ 69.255129, 41.2691504 ], [ 69.2558187, 41.2692307 ], [ 69.2560032, 41.2692358 ], [ 69.2561876, 41.2692326 ], [ 69.2571198, 41.2690975 ], [ 69.257296, 41.2690719 ], [ 69.2578402, 41.2689555 ], [ 69.2581337, 41.2688947 ], [ 69.2584772, 41.2688287 ], [ 69.2590804, 41.2687322 ], [ 69.2592727, 41.2687081 ], [ 69.260106, 41.2687026 ], [ 69.2605144, 41.2687247 ], [ 69.2606792, 41.2687427 ], [ 69.260857, 41.2687812 ], [ 69.2608791, 41.2686855 ], [ 69.2609205, 41.2685651 ], [ 69.2609789, 41.2684118 ], [ 69.2609822, 41.2683461 ], [ 69.2607866, 41.2682766 ], [ 69.2607749, 41.2681182 ], [ 69.2598778, 41.2678299 ], [ 69.2595837, 41.2677371 ], [ 69.2586601, 41.2676053 ], [ 69.2585873, 41.2677867 ], [ 69.2566348, 41.2675235 ], [ 69.2557224, 41.2674839 ], [ 69.2521896, 41.2668552 ], [ 69.2519089, 41.267393 ] ] ] } },
{ "type": "Feature", "properties": { "osm_id": "r4074175", "kind": "cemetery" }, "geometry": { "type": "Polygon", "coordinates": [ [ [ 69.2064118, 41.2875534 ], [ 69.206452, 41.2875987 ], [ 69.206472, 41.2876184 ], [ 69.2066462, 41.2877655 ], [ 69.2066821, 41.2877885 ], [ 69.2067469, 41.2878196 ], [ 69.2070783, 41.287544 ], [ 69.2070721, 41.2875051 ], [ 69.2067856, 41.2872542 ], [ 69.2065763, 41.2872872 ], [ 69.2064684, 41.2873042 ], [ 69.206403, 41.2875069 ], [ 69.2064118, 41.2875534 ] ] ] } },
{ "type": "Feature", "properties": { "osm_id": "r4113357", "kind": "cemetery" }, "geometry": { "type": "Polygon", "coordinates": [ [ [ 69.1667034, 41.3508671 ], [ 69.1669265, 41.3515521 ], [ 69.1674456, 41.3527535 ], [ 69.1677357, 41.3533518 ], [ 69.1680678, 41.3539271 ], [ 69.1686798, 41.3548949 ], [ 69.1688236, 41.3551071 ], [ 69.1691678, 41.3547116 ], [ 69.1690806, 41.3546641 ], [ 69.1692081, 41.3545238 ], [ 69.1692986, 41.3545714 ], [ 69.1695855, 41.3542396 ], [ 69.1695601, 41.3526617 ], [ 69.1701627, 41.3525896 ], [ 69.1700951, 41.3519891 ], [ 69.169934, 41.350636 ], [ 69.1681216, 41.3505369 ], [ 69.167735, 41.3505193 ], [ 69.167704, 41.3505175 ], [ 69.1676489, 41.3505191 ], [ 69.1676831, 41.3507276 ], [ 69.1673677, 41.3507568 ], [ 69.1667034, 41.3508671 ] ] ] } },
{ "type": "Feature", "properties": { "osm_id": "r5490002", "kind": "cemetery" }, "geometry": { "type": "Polygon", "coordinates": [ [ [ 69.3161635, 41.3093653 ], [ 69.3169183, 41.3095684 ], [ 69.317436, 41.3082843 ], [ 69.3176401, 41.3082694 ], [ 69.3178251, 41.3079402 ], [ 69.317009, 41.3076898 ], [ 69.3161635, 41.3093653 ] ] ] } },
{ "type": "Feature", "properties": { "osm_id": "r5490003", "kind": "cemetery" }, "geometry": { "type": "Polygon", "coordinates": [ [ [ 69.3140056, 41.3089986 ], [ 69.3117763, 41.3083959 ], [ 69.3117691, 41.308399 ], [ 69.3117633, 41.3084029 ], [ 69.3117594, 41.3084075 ], [ 69.3117571, 41.3084126 ], [ 69.3117562, 41.3084182 ], [ 69.311757, 41.3084239 ], [ 69.3117593, 41.3084293 ], [ 69.3117625, 41.3084349 ], [ 69.3127294, 41.3098088 ], [ 69.3126195, 41.3098526 ], [ 69.3128455, 41.310303 ], [ 69.3139293, 41.3099422 ], [ 69.3145701, 41.3097713 ], [ 69.3148789, 41.3102484 ], [ 69.3157028, 41.3101802 ], [ 69.315763, 41.3100612 ], [ 69.3161503, 41.3101225 ], [ 69.3161645, 41.3100739 ], [ 69.3175397, 41.3104015 ], [ 69.3180362, 41.3101727 ], [ 69.3181907, 41.3101197 ], [ 69.3166563, 41.3097108 ], [ 69.3151069, 41.3092934 ], [ 69.3140056, 41.3089986 ] ] ] } },
{ "type": "Feature", "properties": { "osm_id": "r5490004", "kind": "cemetery" }, "geometry": { "type": "Polygon", "coordinates": [ [ [ 69.3161635, 41.3093653 ], [ 69.317009, 41.3076898 ], [ 69.3178251, 41.3079402 ], [ 69.3176401, 41.3082694 ], [ 69.3177326, 41.308299 ], [ 69.3179017, 41.3083335 ], [ 69.3181578, 41.3083791 ], [ 69.3185825, 41.3087969 ], [ 69.3187699, 41.3088861 ], [ 69.3189188, 41.3090045 ], [ 69.319027, 41.3091446 ], [ 69.3191189, 41.3091996 ], [ 69.3195621, 41.3092025 ], [ 69.3200574, 41.3092266 ], [ 69.3203253, 41.3087736 ], [ 69.3205009, 41.3084574 ], [ 69.3207214, 41.3082119 ], [ 69.3207274, 41.3081328 ], [ 69.3206497, 41.3074705 ], [ 69.3204988, 41.3062782 ], [ 69.3204711, 41.3058825 ], [ 69.3203995, 41.3049153 ], [ 69.3204002, 41.3048926 ], [ 69.3203948, 41.3048503 ], [ 69.3204049, 41.3047879 ], [ 69.3202669, 41.3046955 ], [ 69.3198758, 41.3048476 ], [ 69.3194301, 41.3050281 ], [ 69.3192002, 41.3050733 ], [ 69.3189431, 41.3049303 ], [ 69.3188058, 41.3048054 ], [ 69.3187174, 41.3047296 ], [ 69.3186561, 41.3047004 ], [ 69.3185623, 41.3045966 ], [ 69.3180856, 41.304562 ], [ 69.3181173, 41.304152 ], [ 69.3179239, 41.3038669 ], [ 69.317531, 41.3040169 ], [ 69.3173404, 41.3036798 ], [ 69.3171767, 41.3036641 ], [ 69.3171142, 41.3036806 ], [ 69.3169808, 41.3037536 ], [ 69.3161397, 41.3041143 ], [ 69.315752, 41.3041783 ], [ 69.3156755, 41.3042145 ], [ 69.3151607, 41.304285 ], [ 69.3142913, 41.3044196 ], [ 69.3141519, 41.3043196 ], [ 69.3139163, 41.3041506 ], [ 69.3138073, 41.3041799 ], [ 69.3134256, 41.3040656 ], [ 69.3133383, 41.3040671 ], [ 69.313273, 41.3040857 ], [ 69.3124944, 41.3045847 ], [ 69.3122524, 41.3047317 ], [ 69.3115795, 41.3063179 ], [ 69.3115623, 41.3063536 ], [ 69.3116701, 41.3063837 ], [ 69.3116194, 41.3065128 ], [ 69.311484, 41.3064796 ], [ 69.3114558, 41.306533 ], [ 69.3113946, 41.3066488 ], [ 69.3113658, 41.3067021 ], [ 69.3113405, 41.3067379 ], [ 69.311298, 41.3068377 ], [ 69.311271, 41.3068318 ], [ 69.3109695, 41.3069648 ], [ 69.3110003, 41.3070265 ], [ 69.3108335, 41.3071049 ], [ 69.3107844, 41.3075058 ], [ 69.3107475, 41.3077738 ], [ 69.3106927, 41.3077746 ], [ 69.3107229, 41.3078916 ], [ 69.3141543, 41.3088259 ], [ 69.3161635, 41.3093653 ] ] ] } },
{ "type": "Feature", "properties": { "osm_id": "r5657421", "kind": "industrial" }, "geometry": { "type": "MultiPolygon", "coordinates": [ [ [ [ 69.3255051, 41.3437596 ], [ 69.3236822, 41.3421008 ], [ 69.3218895, 41.3404688 ], [ 69.3213767, 41.3400865 ], [ 69.3210934, 41.3395903 ], [ 69.3209733, 41.3389846 ], [ 69.3208442, 41.3370678 ], [ 69.3208505, 41.3370049 ], [ 69.3203267, 41.3371992 ], [ 69.3194691, 41.3373928 ], [ 69.3184902, 41.33756 ], [ 69.3173681, 41.337756 ], [ 69.3168178, 41.3378546 ], [ 69.3169729, 41.3383722 ], [ 69.3170321, 41.3384186 ], [ 69.3176848, 41.3387413 ], [ 69.3177468, 41.3387719 ], [ 69.3176972, 41.33895 ], [ 69.3186038, 41.339848 ], [ 69.3191049, 41.3403851 ], [ 69.3192289, 41.3405049 ], [ 69.3193069, 41.3407593 ], [ 69.3194062, 41.3410835 ], [ 69.3194764, 41.3413307 ], [ 69.3196976, 41.3421094 ], [ 69.3197605, 41.3422951 ], [ 69.3198052, 41.342427 ], [ 69.3199308, 41.3428317 ], [ 69.3199905, 41.3430625 ], [ 69.3201334, 41.3433022 ], [ 69.3202931, 41.3435877 ], [ 69.3214981, 41.3448046 ], [ 69.3216329, 41.3448783 ], [ 69.3222157, 41.3454348 ], [ 69.3229987, 41.3462676 ], [ 69.3230061, 41.3463409 ], [ 69.3232758, 41.3466009 ], [ 69.3237124, 41.3467559 ], [ 69.3237315, 41.3468542 ], [ 69.3242961, 41.3465362 ], [ 69.3245282, 41.3467402 ], [ 69.3246102, 41.3466876 ], [ 69.3248283, 41.3465477 ], [ 69.3249259, 41.3466362 ], [ 69.3273602, 41.3452618 ], [ 69.3255051, 41.3437596 ] ] ], [ [ [ 69.3253716, 41.3492969 ], [ 69.3257702, 41.3492314 ], [ 69.3258286, 41.3495858 ], [ 69.3259772, 41.3498411 ], [ 69.3261602, 41.350274 ], [ 69.3259707, 41.3507685 ], [ 69.3259456, 41.3510597 ], [ 69.3285015, 41.3509959 ], [ 69.3284747, 41.3497878 ], [ 69.3287751, 41.3497757 ], [ 69.3293866, 41.349522 ], [ 69.3288341, 41.3489944 ], [ 69.3285551, 41.3482092 ], [ 69.3285283, 41.3471983 ], [ 69.3282976, 41.3466668 ], [ 69.3282064, 41.346695 ], [ 69.3280026, 41.3462439 ], [ 69.3275747, 41.3456245 ], [ 69.325209, 41.3469268 ], [ 69.3252931, 41.3469999 ], [ 69.3253137, 41.3470179 ], [ 69.3238953, 41.347892 ], [ 69.3253716, 41.3492969 ] ] ] ] } },
{ "type": "Feature", "properties": { "osm_id": "r5824047", "kind": "industrial" }, "geometry": { "type": "Polygon", "coordinates": [ [ [ 69.2591694, 41.2169578 ], [ 69.2593114, 41.2167645 ], [ 69.2593664, 41.2166928 ], [ 69.2595217, 41.2164902 ], [ 69.2596982, 41.2165637 ], [ 69.260773, 41.2150568 ], [ 69.2611981, 41.2144608 ], [ 69.2580947, 41.2132075 ], [ 69.2580691, 41.2132163 ], [ 69.257958, 41.2132545 ], [ 69.2579037, 41.2132732 ], [ 69.2579573, 41.2133458 ], [ 69.2579012, 41.2136272 ], [ 69.2575266, 41.2143005 ], [ 69.2569724, 41.2150525 ], [ 69.2566232, 41.2149108 ], [ 69.2543566, 41.2180428 ], [ 69.2572103, 41.2192047 ], [ 69.2578152, 41.218381 ], [ 69.2584903, 41.2180996 ], [ 69.2585245, 41.218051 ], [ 69.2586437, 41.2178789 ], [ 69.2587645, 41.2178299 ], [ 69.2591358, 41.2173219 ], [ 69.2589671, 41.2172469 ], [ 69.2590723, 41.2170966 ], [ 69.2591694, 41.2169578 ] ] ] } },
{ "type": "Feature", "properties": { "osm_id": "r5960720", "kind": "industrial" }, "geometry": { "type": "Polygon", "coordinates": [ [ [ 69.3630282, 41.2472835 ], [ 69.3630481, 41.247301 ], [ 69.3636679, 41.2475692 ], [ 69.3642734, 41.247847 ], [ 69.3643413, 41.2478599 ], [ 69.364403, 41.2478493 ], [ 69.3644981, 41.2478091 ], [ 69.3651685, 41.247202 ], [ 69.3647807, 41.2469522 ], [ 69.3647365, 41.246596 ], [ 69.3651099, 41.2461673 ], [ 69.365636, 41.2464269 ], [ 69.3658889, 41.246126 ], [ 69.364646, 41.2455017 ], [ 69.3627043, 41.2447696 ], [ 69.3616274, 41.2453823 ], [ 69.3612419, 41.2455316 ], [ 69.361429, 41.2456982 ], [ 69.3618802, 41.2461471 ], [ 69.3630282, 41.2472835 ] ] ] } },
{ "type": "Feature", "properties": { "osm_id": "r6061385", "kind": "military" }, "geometry": { "type": "Polygon", "coordinates": [ [ [ 69.1885766, 41.265281 ], [ 69.1885154, 41.2651707 ], [ 69.187821, 41.2653884 ], [ 69.1876578, 41.2654396 ], [ 69.1880897, 41.2662179 ], [ 69.1889553, 41.265945 ], [ 69.188868, 41.2657809 ], [ 69.1885766, 41.265281 ] ] ] } },
{ "type": "Feature", "properties": { "osm_id": "r6115137", "kind": "industrial" }, "geometry": { "type": "Polygon", "coordinates": [ [ [ 69.311497, 41.2334707 ], [ 69.3121291, 41.2339796 ], [ 69.312186, 41.2340179 ], [ 69.3124352, 41.2340171 ], [ 69.3124638, 41.2339975 ], [ 69.3130551, 41.2336201 ], [ 69.3124081, 41.2330653 ], [ 69.3122096, 41.2328909 ], [ 69.3117517, 41.2332657 ], [ 69.311497, 41.2334707 ] ] ] } },
{ "type": "Feature", "properties": { "osm_id": "r6115138", "kind": "industrial" }, "geometry": { "type": "Polygon", "coordinates": [ [ [ 69.3090528, 41.2339743 ], [ 69.3099681, 41.2368458 ], [ 69.3094424, 41.2368488 ], [ 69.3074995, 41.2368854 ], [ 69.3075822, 41.2399849 ], [ 69.3076104, 41.2419826 ], [ 69.3103902, 41.241972 ], [ 69.3104074, 41.2414928 ], [ 69.3126677, 41.2414325 ], [ 69.3127035, 41.2413872 ], [ 69.3127862, 41.2411629 ], [ 69.3133315, 41.2404967 ], [ 69.3133208, 41.2403605 ], [ 69.3135445, 41.240249 ], [ 69.313548, 41.2400954 ], [ 69.3135475, 41.2400217 ], [ 69.3137969, 41.2400147 ], [ 69.3138783, 41.2400667 ], [ 69.3146872, 41.2400647 ], [ 69.3147771, 41.2383553 ], [ 69.3162551, 41.2383507 ], [ 69.3166441, 41.2384838 ], [ 69.317398, 41.2385818 ], [ 69.3181654, 41.2386525 ], [ 69.3182525, 41.2380658 ], [ 69.3180786, 41.2380571 ], [ 69.3181459, 41.2374035 ], [ 69.3177159, 41.2373757 ], [ 69.3176444, 41.2377809 ], [ 69.3168853, 41.2377382 ], [ 69.316923, 41.2372901 ], [ 69.3164385, 41.2368519 ], [ 69.3152472, 41.2368429 ], [ 69.3152472, 41.2360326 ], [ 69.3149168, 41.2357268 ], [ 69.3151939, 41.2355482 ], [ 69.3151387, 41.2355029 ], [ 69.3149725, 41.2356067 ], [ 69.3146577, 41.2353318 ], [ 69.3141053, 41.2353309 ], [ 69.3136202, 41.2353367 ], [ 69.3136327, 41.2341497 ], [ 69.3136312, 41.2341037 ], [ 69.3130551, 41.2336201 ], [ 69.3124638, 41.2339975 ], [ 69.3124352, 41.2340171 ], [ 69.312186, 41.2340179 ], [ 69.3121291, 41.2339796 ], [ 69.311497, 41.2334707 ], [ 69.311044, 41.2337925 ], [ 69.3090528, 41.2339743 ] ] ] } },
{ "type": "Feature", "properties": { "osm_id": "r6582896", "kind": "industrial" }, "geometry": { "type": "Polygon", "coordinates": [ [ [ 69.3038658, 41.2200873 ], [ 69.3045095, 41.2191159 ], [ 69.3044401, 41.2190888 ], [ 69.3037236, 41.2188092 ], [ 69.3030933, 41.2197937 ], [ 69.3038658, 41.2200873 ] ] ] } },
{ "type": "Feature", "properties": { "osm_id": "r6582897", "kind": "industrial" }, "geometry": { "type": "Polygon", "coordinates": [ [ [ 69.3038658, 41.2200873 ], [ 69.3044934, 41.2203122 ], [ 69.3053222, 41.2206471 ], [ 69.3059377, 41.2198028 ], [ 69.3058105, 41.2197472 ], [ 69.305754, 41.2197171 ], [ 69.3057192, 41.2195819 ], [ 69.3051425, 41.219358 ], [ 69.3048442, 41.2192439 ], [ 69.3045095, 41.2191159 ], [ 69.3038658, 41.2200873 ] ] ] } },
{ "type": "Feature", "properties": { "osm_id": "r6753449", "kind": "industrial" }, "geometry": { "type": "Polygon", "coordinates": [ [ [ 69.1817814, 41.275459 ], [ 69.1818441, 41.2755047 ], [ 69.1818633, 41.2755187 ], [ 69.1821788, 41.2756742 ], [ 69.183419, 41.2762573 ], [ 69.1835564, 41.2760876 ], [ 69.1850231, 41.2742756 ], [ 69.1853256, 41.2744111 ], [ 69.1853414, 41.2743892 ], [ 69.1854508, 41.2742383 ], [ 69.1854039, 41.2742143 ], [ 69.1850512, 41.2740596 ], [ 69.1848955, 41.2739913 ], [ 69.1848566, 41.2740415 ], [ 69.1846775, 41.2739614 ], [ 69.1840236, 41.2736691 ], [ 69.1839408, 41.2736187 ], [ 69.1838906, 41.2735882 ], [ 69.1837079, 41.2734927 ], [ 69.1836007, 41.2735814 ], [ 69.1831692, 41.2734149 ], [ 69.1833497, 41.2731223 ], [ 69.182869, 41.2729971 ], [ 69.182406, 41.2740569 ], [ 69.1822319, 41.2744477 ], [ 69.1817814, 41.275459 ] ] ] } },
{ "type": "Feature", "properties": { "osm_id": "r6805048", "kind": "cemetery" }, "geometry": { "type": "MultiPolygon", "coordinates": [ [ [ [ 69.376111, 41.3498998 ], [ 69.376457, 41.3494963 ], [ 69.3751472, 41.3488632 ], [ 69.3745706, 41.3494591 ], [ 69.3743729, 41.3496949 ], [ 69.374339, 41.3497669 ], [ 69.3744723, 41.3498286 ], [ 69.3757819, 41.3499504 ], [ 69.3757893, 41.349897 ], [ 69.376111, 41.3498998 ] ] ], [ [ [ 69.3745339, 41.3500676 ], [ 69.3744306, 41.3503281 ], [ 69.3750484, 41.3508495 ], [ 69.375279, 41.3509736 ], [ 69.3757217, 41.3502124 ], [ 69.3745339, 41.3500676 ] ] ] ] } },
{ "type": "Feature", "properties": { "osm_id": "r6998695", "kind": "industrial" }, "geometry": { "type": "Polygon", "coordinates": [ [ [ 69.3685181, 41.2256657 ], [ 69.3682591, 41.2258973 ], [ 69.3685954, 41.2261088 ], [ 69.368625, 41.2262047 ], [ 69.3691403, 41.2265404 ], [ 69.3691648, 41.2265211 ], [ 69.3692651, 41.2265148 ], [ 69.3699164, 41.2259005 ], [ 69.3700516, 41.2257852 ], [ 69.36985, 41.2256514 ], [ 69.3698298, 41.2256686 ], [ 69.369431, 41.2254038 ], [ 69.3690581, 41.2251829 ], [ 69.3690142, 41.2252221 ], [ 69.369052, 41.2252453 ], [ 69.3685569, 41.2256891 ], [ 69.3685181, 41.2256657 ] ] ] } },
{ "type": "Feature", "properties": { "osm_id": "r7102749", "kind": "cemetery" }, "geometry": { "type": "Polygon", "coordinates": [ [ [ 69.1764743, 41.2597249 ], [ 69.1766492, 41.2598664 ], [ 69.1769477, 41.2600199 ], [ 69.1769573, 41.2600865 ], [ 69.1777015, 41.2600417 ], [ 69.1772261, 41.2593808 ], [ 69.1764743, 41.2597249 ] ] ] } },
{ "type": "Feature", "properties": { "osm_id": "r7102750", "kind": "cemetery" }, "geometry": { "type": "Polygon", "coordinates": [ [ [ 69.1765857, 41.2590016 ], [ 69.1770324, 41.2592626 ], [ 69.1772261, 41.2593808 ], [ 69.1773857, 41.2593234 ], [ 69.1774627, 41.25932 ], [ 69.1772268, 41.2588604 ], [ 69.1765857, 41.2590016 ] ] ] } },
{ "type": "Feature", "properties": { "osm_id": "r7207468", "kind": "industrial" }, "geometry": { "type": "Polygon", "coordinates": [ [ [ 69.3358157, 41.262918 ], [ 69.3375008, 41.2635455 ], [ 69.338732, 41.2613972 ], [ 69.3380829, 41.2611775 ], [ 69.3380185, 41.2612803 ], [ 69.3378442, 41.2612178 ], [ 69.3376564, 41.2614597 ], [ 69.3368773, 41.2612218 ], [ 69.3358157, 41.262918 ] ] ] } },
{ "type": "Feature", "properties": { "osm_id": "r7207469", "kind": "industrial" }, "geometry": { "type": "Polygon", "coordinates": [ [ [ 69.3343352, 41.2622395 ], [ 69.3344993, 41.2624442 ], [ 69.3358157, 41.262918 ], [ 69.3368773, 41.2612218 ], [ 69.3371488, 41.2607384 ], [ 69.3360796, 41.2604079 ], [ 69.3355703, 41.2602525 ], [ 69.3343352, 41.2622395 ] ] ] } },
{ "type": "Feature", "properties": { "osm_id": "r7207471", "kind": "industrial" }, "geometry": { "type": "Polygon", "coordinates": [ [ [ 69.3332582, 41.2618492 ], [ 69.3339006, 41.2622488 ], [ 69.3339771, 41.2621793 ], [ 69.3341132, 41.2622639 ], [ 69.3342116, 41.2621746 ], [ 69.3343352, 41.2622395 ], [ 69.3355703, 41.2602525 ], [ 69.3360796, 41.2604079 ], [ 69.3364484, 41.2597779 ], [ 69.3365691, 41.259667 ], [ 69.3369694, 41.2590996 ], [ 69.3370264, 41.2590187 ], [ 69.3374816, 41.2582923 ], [ 69.33626, 41.2578416 ], [ 69.3353794, 41.2589052 ], [ 69.3351371, 41.2590134 ], [ 69.3338795, 41.2603774 ], [ 69.3327932, 41.2615557 ], [ 69.3329443, 41.2616511 ], [ 69.3332582, 41.2618492 ] ] ] } },
{ "type": "Feature", "properties": { "osm_id": "r7299489", "kind": "cemetery" }, "geometry": { "type": "Polygon", "coordinates": [ [ [ 69.2248545, 41.2649621 ], [ 69.2255209, 41.2655771 ], [ 69.2263399, 41.266315 ], [ 69.2271675, 41.2670604 ], [ 69.2271836, 41.267075 ], [ 69.2274178, 41.2669733 ], [ 69.227532, 41.2670744 ], [ 69.2276041, 41.2670281 ], [ 69.2276804, 41.2670929 ], [ 69.2281217, 41.2668171 ], [ 69.2277, 41.266288 ], [ 69.2277799, 41.2662365 ], [ 69.2279072, 41.2661425 ], [ 69.2282376, 41.2659329 ], [ 69.2285268, 41.2662834 ], [ 69.2287713, 41.2666254 ], [ 69.2290753, 41.2665154 ], [ 69.2292219, 41.2666654 ], [ 69.230021, 41.2660229 ], [ 69.2296789, 41.2657142 ], [ 69.2293376, 41.2654262 ], [ 69.2293076, 41.2654397 ], [ 69.2291645, 41.2652576 ], [ 69.2284014, 41.2653973 ], [ 69.2282683, 41.2653132 ], [ 69.2282026, 41.2651167 ], [ 69.2281675, 41.2650696 ], [ 69.2276365, 41.2648743 ], [ 69.2276727, 41.2648167 ], [ 69.2277817, 41.2646269 ], [ 69.2278864, 41.2644667 ], [ 69.2272708, 41.2642727 ], [ 69.2272252, 41.2641683 ], [ 69.2270909, 41.2642031 ], [ 69.2265489, 41.2640319 ], [ 69.2256736, 41.2644769 ], [ 69.2248545, 41.2649621 ] ] ] } },
{ "type": "Feature", "properties": { "osm_id": "r7392541", "kind": "industrial" }, "geometry": { "type": "Polygon", "coordinates": [ [ [ 69.3128035, 41.2204175 ], [ 69.3133074, 41.2197447 ], [ 69.3132336, 41.2196832 ], [ 69.3134442, 41.2194421 ], [ 69.3142431, 41.21981 ], [ 69.3146225, 41.2193601 ], [ 69.3131942, 41.2185562 ], [ 69.312466, 41.2192794 ], [ 69.312179, 41.2191201 ], [ 69.3116331, 41.2197818 ], [ 69.312602, 41.2203081 ], [ 69.3128035, 41.2204175 ] ] ] } },
{ "type": "Feature", "properties": { "osm_id": "r7392542", "kind": "industrial" }, "geometry": { "type": "Polygon", "coordinates": [ [ [ 69.3128035, 41.2204175 ], [ 69.3127025, 41.2205406 ], [ 69.314049, 41.2210631 ], [ 69.3151393, 41.2199031 ], [ 69.314442, 41.2195924 ], [ 69.3142431, 41.21981 ], [ 69.3134442, 41.2194421 ], [ 69.3132336, 41.2196832 ], [ 69.3133074, 41.2197447 ], [ 69.3128035, 41.2204175 ] ] ] } },
{ "type": "Feature", "properties": { "osm_id": "r7393972", "kind": "industrial" }, "geometry": { "type": "Polygon", "coordinates": [ [ [ 69.3478479, 41.3145742 ], [ 69.3492109, 41.315312 ], [ 69.3494267, 41.3151089 ], [ 69.3503958, 41.3141964 ], [ 69.3501233, 41.3140212 ], [ 69.3500646, 41.3139834 ], [ 69.3498225, 41.3138542 ], [ 69.3492682, 41.3136001 ], [ 69.3491551, 41.3135364 ], [ 69.3491295, 41.3135621 ], [ 69.3488387, 41.3133983 ], [ 69.3477309, 41.3145083 ], [ 69.3478479, 41.3145742 ] ] ] } },
{ "type": "Feature", "properties": { "osm_id": "r7400446", "kind": "industrial" }, "geometry": { "type": "Polygon", "coordinates": [ [ [ 69.2365971, 41.2261664 ], [ 69.2367494, 41.2261879 ], [ 69.2388117, 41.226498 ], [ 69.2389244, 41.2265545 ], [ 69.2389619, 41.2266513 ], [ 69.2390183, 41.2266478 ], [ 69.2391698, 41.2266382 ], [ 69.2394876, 41.2245452 ], [ 69.2392543, 41.224523 ], [ 69.2391524, 41.224172 ], [ 69.2391711, 41.2234437 ], [ 69.2392758, 41.2225339 ], [ 69.2368693, 41.22315 ], [ 69.2365935, 41.2242951 ], [ 69.2367073, 41.2243197 ], [ 69.236387, 41.2261349 ], [ 69.2365971, 41.2261664 ] ] ] } },
{ "type": "Feature", "properties": { "osm_id": "r7400447", "kind": "industrial" }, "geometry": { "type": "Polygon", "coordinates": [ [ [ 69.2361093, 41.22734 ], [ 69.2360598, 41.2275974 ], [ 69.236269, 41.2276337 ], [ 69.2362107, 41.2278759 ], [ 69.2361724, 41.2280352 ], [ 69.2395956, 41.22854 ], [ 69.2396063, 41.2284988 ], [ 69.2398927, 41.2274018 ], [ 69.2390639, 41.2269337 ], [ 69.2390183, 41.2266478 ], [ 69.2389619, 41.2266513 ], [ 69.2389244, 41.2265545 ], [ 69.2388117, 41.226498 ], [ 69.2367494, 41.2261879 ], [ 69.2365971, 41.2261664 ], [ 69.2365786, 41.2262408 ], [ 69.2365595, 41.226317 ], [ 69.2363449, 41.2271904 ], [ 69.2360438, 41.2271501 ], [ 69.2360022, 41.2273257 ], [ 69.2361093, 41.22734 ] ] ] } },
{ "type": "Feature", "properties": { "osm_id": "r7400449", "kind": "industrial" }, "geometry": { "type": "Polygon", "coordinates": [ [ [ 69.2391711, 41.2234437 ], [ 69.2417192, 41.2236515 ], [ 69.2419499, 41.2224592 ], [ 69.2424354, 41.2225258 ], [ 69.2426607, 41.2217814 ], [ 69.2432911, 41.2211668 ], [ 69.2432442, 41.2211396 ], [ 69.2426607, 41.2215554 ], [ 69.2421728, 41.221796 ], [ 69.2398712, 41.2224189 ], [ 69.2392758, 41.2225339 ], [ 69.2391711, 41.2234437 ] ] ] } },
{ "type": "Feature", "properties": { "osm_id": "r7400450", "kind": "industrial" }, "geometry": { "type": "Polygon", "coordinates": [ [ [ 69.2391698, 41.2266382 ], [ 69.2420603, 41.2269237 ], [ 69.2421377, 41.2265101 ], [ 69.2427071, 41.2265265 ], [ 69.2428088, 41.2260062 ], [ 69.2428555, 41.2256764 ], [ 69.2434832, 41.2212477 ], [ 69.2432911, 41.2211668 ], [ 69.2426607, 41.2217814 ], [ 69.2424354, 41.2225258 ], [ 69.2419499, 41.2224592 ], [ 69.2417192, 41.2236515 ], [ 69.2391711, 41.2234437 ], [ 69.2391524, 41.224172 ], [ 69.2392543, 41.224523 ], [ 69.2394876, 41.2245452 ], [ 69.2391698, 41.2266382 ] ] ] } },
{ "type": "Feature", "properties": { "osm_id": "r7402590", "kind": "industrial" }, "geometry": { "type": "Polygon", "coordinates": [ [ [ 69.2334087, 41.2189694 ], [ 69.2330463, 41.2194831 ], [ 69.2329668, 41.2195957 ], [ 69.2354925, 41.2203772 ], [ 69.236379, 41.2204599 ], [ 69.2363948, 41.2204235 ], [ 69.2368805, 41.2197477 ], [ 69.2337933, 41.2184525 ], [ 69.233622, 41.2186781 ], [ 69.2334087, 41.2189694 ] ] ] } },
{ "type": "Feature", "properties": { "osm_id": "r7402592", "kind": "industrial" }, "geometry": { "type": "Polygon", "coordinates": [ [ [ 69.2318692, 41.2215807 ], [ 69.2317986, 41.221689 ], [ 69.2321516, 41.2218193 ], [ 69.2322063, 41.2217355 ], [ 69.2324642, 41.2218393 ], [ 69.2336726, 41.222284 ], [ 69.2336599, 41.2223036 ], [ 69.2337271, 41.2223284 ], [ 69.2336592, 41.2224327 ], [ 69.2344723, 41.2227497 ], [ 69.2347569, 41.222675 ], [ 69.2350117, 41.222608 ], [ 69.2366485, 41.2221162 ], [ 69.2367179, 41.2222275 ], [ 69.2371198, 41.2221145 ], [ 69.2372607, 41.2220729 ], [ 69.2372811, 41.2220667 ], [ 69.2372831, 41.2220704 ], [ 69.2380956, 41.2218308 ], [ 69.2380705, 41.2217826 ], [ 69.2391886, 41.221861 ], [ 69.2392007, 41.2217965 ], [ 69.2383382, 41.2215443 ], [ 69.237589, 41.2213829 ], [ 69.2375896, 41.221365 ], [ 69.237429, 41.2213406 ], [ 69.2374156, 41.2213114 ], [ 69.2341239, 41.2203403 ], [ 69.2326389, 41.2200746 ], [ 69.2325297, 41.220244 ], [ 69.2324641, 41.2203464 ], [ 69.2321309, 41.220834 ], [ 69.232061, 41.220807 ], [ 69.2320168, 41.2208716 ], [ 69.2320859, 41.2208983 ], [ 69.2320347, 41.2209731 ], [ 69.2316714, 41.2215095 ], [ 69.2318692, 41.2215807 ] ] ] } },
{ "type": "Feature", "properties": { "osm_id": "r7419727", "kind": "industrial" }, "geometry": { "type": "Polygon", "coordinates": [ [ [ 69.2541379, 41.188073 ], [ 69.2547205, 41.1890635 ], [ 69.2547441, 41.1891028 ], [ 69.2547694, 41.1891435 ], [ 69.2548003, 41.1891932 ], [ 69.2553035, 41.1900331 ], [ 69.255596, 41.1905392 ], [ 69.2556053, 41.1905493 ], [ 69.255546, 41.1905759 ], [ 69.2558686, 41.1909977 ], [ 69.2561044, 41.191192 ], [ 69.2561726, 41.1912462 ], [ 69.2573388, 41.1905006 ], [ 69.2580353, 41.190032 ], [ 69.2587379, 41.1894254 ], [ 69.2594808, 41.1887128 ], [ 69.25945, 41.1886957 ], [ 69.259418, 41.1886779 ], [ 69.2594011, 41.1886582 ], [ 69.2593836, 41.188638 ], [ 69.2592859, 41.1885253 ], [ 69.2589769, 41.188677 ], [ 69.258644, 41.1883697 ], [ 69.2586851, 41.1880262 ], [ 69.2586815, 41.1879632 ], [ 69.259132, 41.1876485 ], [ 69.2591819, 41.1876321 ], [ 69.2595237, 41.1873887 ], [ 69.2598014, 41.1871175 ], [ 69.2596927, 41.187 ], [ 69.2596788, 41.186985 ], [ 69.2600363, 41.1867549 ], [ 69.2597703, 41.1864892 ], [ 69.2599433, 41.1863765 ], [ 69.2603582, 41.1861063 ], [ 69.2603725, 41.1860062 ], [ 69.2601703, 41.1857468 ], [ 69.2598174, 41.1859163 ], [ 69.2596007, 41.1860204 ], [ 69.2591916, 41.1862851 ], [ 69.2593508, 41.186427 ], [ 69.2593609, 41.186436 ], [ 69.2594694, 41.1865338 ], [ 69.259295, 41.1866334 ], [ 69.2593364, 41.1866688 ], [ 69.2590671, 41.1868288 ], [ 69.2591621, 41.1869194 ], [ 69.2588256, 41.1871356 ], [ 69.258559, 41.1868875 ], [ 69.2585521, 41.1868917 ], [ 69.2584301, 41.1867783 ], [ 69.2583619, 41.1868198 ], [ 69.2583349, 41.1868003 ], [ 69.2582336, 41.1867297 ], [ 69.2581327, 41.1867588 ], [ 69.2564358, 41.1865921 ], [ 69.2555243, 41.1871474 ], [ 69.25484, 41.1875703 ], [ 69.2547632, 41.1876308 ], [ 69.2545207, 41.187775 ], [ 69.2541379, 41.188073 ] ] ] } },
{ "type": "Feature", "properties": { "osm_id": "r7420182", "kind": "industrial" }, "geometry": { "type": "Polygon", "coordinates": [ [ [ 69.2417204, 41.2582232 ], [ 69.2419938, 41.2583293 ], [ 69.2426869, 41.2585982 ], [ 69.2428647, 41.2586777 ], [ 69.2430186, 41.2587691 ], [ 69.2430779, 41.2588225 ], [ 69.2430992, 41.2589179 ], [ 69.2430411, 41.2595526 ], [ 69.2435948, 41.2596796 ], [ 69.2448505, 41.2597517 ], [ 69.2466266, 41.2598392 ], [ 69.2467474, 41.2598452 ], [ 69.2479828, 41.2599609 ], [ 69.2494245, 41.2601803 ], [ 69.2500567, 41.2604595 ], [ 69.2502258, 41.2601215 ], [ 69.250881, 41.2593753 ], [ 69.2510932, 41.2595011 ], [ 69.2511779, 41.2594269 ], [ 69.2515971, 41.259701 ], [ 69.2518652, 41.2595179 ], [ 69.2533634, 41.2608853 ], [ 69.2538233, 41.2609107 ], [ 69.2540625, 41.2606494 ], [ 69.253976, 41.2601928 ], [ 69.2539705, 41.2601637 ], [ 69.2538656, 41.2596101 ], [ 69.2538632, 41.2595971 ], [ 69.253775, 41.2591265 ], [ 69.2537168, 41.2590879 ], [ 69.2533306, 41.2591236 ], [ 69.2532656, 41.2587427 ], [ 69.2534604, 41.2587301 ], [ 69.2536953, 41.2584866 ], [ 69.2543729, 41.2577842 ], [ 69.2533591, 41.2571561 ], [ 69.2523795, 41.2568203 ], [ 69.2507603, 41.2563323 ], [ 69.2504297, 41.2562427 ], [ 69.2501483, 41.2563578 ], [ 69.2499582, 41.2563397 ], [ 69.2491662, 41.256274 ], [ 69.2484487, 41.2562021 ], [ 69.2477173, 41.2563297 ], [ 69.2475045, 41.2563845 ], [ 69.2466865, 41.2566652 ], [ 69.246197, 41.2570303 ], [ 69.2457549, 41.257436 ], [ 69.2451947, 41.2574787 ], [ 69.2447573, 41.2574032 ], [ 69.2443275, 41.257329 ], [ 69.2439804, 41.2572724 ], [ 69.243669, 41.2572216 ], [ 69.24249, 41.2575607 ], [ 69.2422396, 41.2575825 ], [ 69.2419451, 41.2575594 ], [ 69.2417505, 41.2578746 ], [ 69.2417245, 41.2581512 ], [ 69.2417204, 41.2582232 ] ] ] } },
{ "type": "Feature", "properties": { "osm_id": "r7420183", "kind": "industrial" }, "geometry": { "type": "Polygon", "coordinates": [ [ [ 69.2415476, 41.2565048 ], [ 69.2414913, 41.2569968 ], [ 69.2413625, 41.2578981 ], [ 69.2414001, 41.2580412 ], [ 69.2415389, 41.2581567 ], [ 69.2416287, 41.2581481 ], [ 69.2417245, 41.2581512 ], [ 69.2417505, 41.2578746 ], [ 69.2419451, 41.2575594 ], [ 69.2422396, 41.2575825 ], [ 69.24249, 41.2575607 ], [ 69.243669, 41.2572216 ], [ 69.2439804, 41.2572724 ], [ 69.2443275, 41.257329 ], [ 69.244389, 41.2571156 ], [ 69.244448, 41.256901 ], [ 69.2444504, 41.2568922 ], [ 69.2445214, 41.2568968 ], [ 69.2445292, 41.2568499 ], [ 69.2445557, 41.256623 ], [ 69.244579, 41.2565509 ], [ 69.2446079, 41.256377 ], [ 69.2440945, 41.2563146 ], [ 69.2440817, 41.2563871 ], [ 69.2438972, 41.2563636 ], [ 69.2437727, 41.2564437 ], [ 69.2427874, 41.2569693 ], [ 69.242705, 41.2570189 ], [ 69.2425936, 41.256908 ], [ 69.2425159, 41.256654 ], [ 69.2422865, 41.256574 ], [ 69.2421978, 41.2565431 ], [ 69.241839, 41.2564747 ], [ 69.2418053, 41.2564938 ], [ 69.2415476, 41.2565048 ] ] ] } },
{ "type": "Feature", "properties": { "osm_id": "r7420186", "kind": "industrial" }, "geometry": { "type": "Polygon", "coordinates": [ [ [ 69.2393697, 41.2589527 ], [ 69.2407959, 41.2590843 ], [ 69.2414819, 41.2591987 ], [ 69.2415449, 41.2588639 ], [ 69.2416227, 41.2582534 ], [ 69.2416287, 41.2581481 ], [ 69.2415389, 41.2581567 ], [ 69.2414001, 41.2580412 ], [ 69.2413625, 41.2578981 ], [ 69.2414913, 41.2569968 ], [ 69.2415476, 41.2565048 ], [ 69.2415637, 41.2562865 ], [ 69.241624, 41.25629 ], [ 69.2416359, 41.2561996 ], [ 69.241819, 41.2562131 ], [ 69.2418875, 41.256225 ], [ 69.2419166, 41.2559958 ], [ 69.2419767, 41.255428 ], [ 69.2420891, 41.2554363 ], [ 69.2423617, 41.2538813 ], [ 69.2417045, 41.2535336 ], [ 69.2411049, 41.2538088 ], [ 69.2410956, 41.2537745 ], [ 69.2406182, 41.2538471 ], [ 69.2406689, 41.2540357 ], [ 69.2406987, 41.2541083 ], [ 69.2405739, 41.2541899 ], [ 69.2400643, 41.2542338 ], [ 69.2398256, 41.2542544 ], [ 69.2397497, 41.2547936 ], [ 69.2395494, 41.2562165 ], [ 69.2392114, 41.2589325 ], [ 69.2392782, 41.2589394 ], [ 69.2393342, 41.2589476 ], [ 69.2393697, 41.2589527 ] ] ] } },
{ "type": "Feature", "properties": { "osm_id": "r7471571", "kind": "military" }, "geometry": { "type": "Polygon", "coordinates": [ [ [ 69.3678584, 41.3375577 ], [ 69.3682039, 41.3379592 ], [ 69.3684051, 41.3378616 ], [ 69.3684764, 41.3378386 ], [ 69.3687611, 41.3379772 ], [ 69.3693812, 41.3379345 ], [ 69.3693951, 41.3380611 ], [ 69.3696257, 41.338037 ], [ 69.3694269, 41.3366882 ], [ 69.369325, 41.3365734 ], [ 69.3680175, 41.3372279 ], [ 69.3676785, 41.3373835 ], [ 69.3678584, 41.3375577 ] ] ] } },
{ "type": "Feature", "properties": { "osm_id": "r7500085", "kind": "industrial" }, "geometry": { "type": "Polygon", "coordinates": [ [ [ 69.1789035, 41.2298429 ], [ 69.1795876, 41.2305669 ], [ 69.1799715, 41.2304087 ], [ 69.1801575, 41.2303126 ], [ 69.1800606, 41.2302065 ], [ 69.180095, 41.2301887 ], [ 69.1801533, 41.2302526 ], [ 69.1803188, 41.2301672 ], [ 69.1803303, 41.2301798 ], [ 69.1802408, 41.230226 ], [ 69.1802659, 41.2302536 ], [ 69.1804711, 41.2301476 ], [ 69.18045, 41.2301245 ], [ 69.1803794, 41.2301609 ], [ 69.1803604, 41.23014 ], [ 69.1805051, 41.2300653 ], [ 69.1804336, 41.2299871 ], [ 69.1804596, 41.2299736 ], [ 69.1805555, 41.2300787 ], [ 69.1806421, 41.2300398 ], [ 69.1806702, 41.2300585 ], [ 69.1807035, 41.2300417 ], [ 69.1807685, 41.2300089 ], [ 69.1805427, 41.2297603 ], [ 69.1804615, 41.2296714 ], [ 69.1804082, 41.2296092 ], [ 69.1802269, 41.2294273 ], [ 69.1800538, 41.2292536 ], [ 69.1798098, 41.2289914 ], [ 69.1796033, 41.2287997 ], [ 69.1792446, 41.2288949 ], [ 69.1794999, 41.2292062 ], [ 69.1794028, 41.2292405 ], [ 69.179374, 41.2293525 ], [ 69.1795108, 41.2294856 ], [ 69.1789635, 41.2298076 ], [ 69.1789035, 41.2298429 ] ] ] } },
{ "type": "Feature", "properties": { "osm_id": "r7500087", "kind": "industrial" }, "geometry": { "type": "Polygon", "coordinates": [ [ [ 69.1789035, 41.2298429 ], [ 69.1785694, 41.2294856 ], [ 69.1781386, 41.2297019 ], [ 69.1779752, 41.2295179 ], [ 69.1779014, 41.2294583 ], [ 69.1778916, 41.2292275 ], [ 69.1778478, 41.2292012 ], [ 69.1773629, 41.2294629 ], [ 69.1790213, 41.2338549 ], [ 69.1794891, 41.2348544 ], [ 69.1798519, 41.2359822 ], [ 69.1803667, 41.2372037 ], [ 69.179571, 41.2374123 ], [ 69.1790494, 41.2367795 ], [ 69.1787541, 41.2356734 ], [ 69.178484, 41.2350783 ], [ 69.1782612, 41.2351219 ], [ 69.1758623, 41.2358167 ], [ 69.1752045, 41.2359602 ], [ 69.1751736, 41.2362712 ], [ 69.1743839, 41.2372856 ], [ 69.174292, 41.2393611 ], [ 69.1742186, 41.2398609 ], [ 69.1752249, 41.239871 ], [ 69.1752833, 41.2403605 ], [ 69.1756698, 41.2403313 ], [ 69.1774516, 41.2414925 ], [ 69.1784719, 41.2421773 ], [ 69.1797684, 41.2429377 ], [ 69.1801573, 41.2431658 ], [ 69.1800237, 41.243469 ], [ 69.179873, 41.2437715 ], [ 69.1798252, 41.245189 ], [ 69.1793666, 41.2458544 ], [ 69.1790436, 41.2461309 ], [ 69.1786853, 41.2459305 ], [ 69.1785565, 41.2460326 ], [ 69.1781149, 41.2456898 ], [ 69.1777083, 41.245696 ], [ 69.1773404, 41.245763 ], [ 69.1772751, 41.2459128 ], [ 69.1772026, 41.2462191 ], [ 69.1788748, 41.2472764 ], [ 69.1807734, 41.2484893 ], [ 69.1809189, 41.2485822 ], [ 69.1814029, 41.2488914 ], [ 69.1847672, 41.2509263 ], [ 69.1852912, 41.2504371 ], [ 69.185324, 41.2504559 ], [ 69.1863906, 41.2494228 ], [ 69.1868708, 41.2496991 ], [ 69.1878332, 41.2488608 ], [ 69.1892767, 41.2498604 ], [ 69.1889292, 41.2501754 ], [ 69.1883504, 41.2506798 ], [ 69.1878005, 41.2512008 ], [ 69.1894296, 41.252125 ], [ 69.1899928, 41.2515967 ], [ 69.1893598, 41.251026 ], [ 69.1901344, 41.250372 ], [ 69.1920474, 41.2516229 ], [ 69.1913269, 41.2521545 ], [ 69.1910658, 41.2523662 ], [ 69.1896991, 41.2535524 ], [ 69.1905897, 41.2538505 ], [ 69.1919026, 41.2539298 ], [ 69.192608, 41.253962 ], [ 69.1949252, 41.2539454 ], [ 69.1966255, 41.2538829 ], [ 69.1966369, 41.2539614 ], [ 69.1967439, 41.2540215 ], [ 69.1976065, 41.2540037 ], [ 69.1976037, 41.2539487 ], [ 69.1975981, 41.2538085 ], [ 69.1982705, 41.2538001 ], [ 69.1982623, 41.2529953 ], [ 69.1986315, 41.2529864 ], [ 69.1986426, 41.2533185 ], [ 69.1991294, 41.2532993 ], [ 69.1991591, 41.2532695 ], [ 69.1999257, 41.2532437 ], [ 69.1998412, 41.2530733 ], [ 69.1998071, 41.253072 ], [ 69.1998006, 41.2529408 ], [ 69.1998003, 41.2529356 ], [ 69.1996614, 41.2528166 ], [ 69.2000628, 41.2524758 ], [ 69.2000553, 41.2524163 ], [ 69.1996186, 41.2521251 ], [ 69.1992135, 41.2524442 ], [ 69.1987906, 41.2521216 ], [ 69.1984227, 41.2520834 ], [ 69.1983705, 41.2522794 ], [ 69.1982965, 41.2525907 ], [ 69.1982687, 41.2529494 ], [ 69.1982583, 41.2529476 ], [ 69.19715, 41.2529302 ], [ 69.1967485, 41.2529036 ], [ 69.1965683, 41.2530833 ], [ 69.1959496, 41.2532532 ], [ 69.1959487, 41.2527962 ], [ 69.1960483, 41.2527943 ], [ 69.1961698, 41.2526739 ], [ 69.1968017, 41.2511478 ], [ 69.1970833, 41.2503293 ], [ 69.1972885, 41.2496325 ], [ 69.1972597, 41.2495101 ], [ 69.1967004, 41.2487541 ], [ 69.1961477, 41.2480322 ], [ 69.1957238, 41.2474784 ], [ 69.1956432, 41.2473731 ], [ 69.1955813, 41.2473296 ], [ 69.1955088, 41.2470412 ], [ 69.1954023, 41.2467863 ], [ 69.195175, 41.2459736 ], [ 69.1948817, 41.2458907 ], [ 69.1950429, 41.2453217 ], [ 69.195267, 41.244827 ], [ 69.1957725, 41.2444285 ], [ 69.1960527, 41.2441415 ], [ 69.1960147, 41.2440527 ], [ 69.1960091, 41.2440388 ], [ 69.196472, 41.2438735 ], [ 69.1965628, 41.2436914 ], [ 69.1961852, 41.2435754 ], [ 69.1966454, 41.2426226 ], [ 69.1972347, 41.2426989 ], [ 69.1977916, 41.2428193 ], [ 69.1979308, 41.2428128 ], [ 69.194165, 41.2405107 ], [ 69.1922271, 41.2391797 ], [ 69.1899718, 41.2378928 ], [ 69.1887236, 41.2370168 ], [ 69.188523, 41.2370013 ], [ 69.1882977, 41.2371345 ], [ 69.1879959, 41.237196 ], [ 69.1880228, 41.2372955 ], [ 69.1872722, 41.2374685 ], [ 69.1866608, 41.2372122 ], [ 69.1862983, 41.2369845 ], [ 69.1857094, 41.2362726 ], [ 69.1859341, 41.2358688 ], [ 69.1866196, 41.2353677 ], [ 69.1861378, 41.234897 ], [ 69.1846191, 41.2355733 ], [ 69.1840517, 41.2350324 ], [ 69.1837871, 41.2344833 ], [ 69.1837055, 41.2341154 ], [ 69.1841846, 41.2338397 ], [ 69.1845339, 41.234175 ], [ 69.1850757, 41.2338986 ], [ 69.1847164, 41.2335736 ], [ 69.1822648, 41.2311987 ], [ 69.1814715, 41.2303026 ], [ 69.1809087, 41.2302307 ], [ 69.1807929, 41.2302158 ], [ 69.1806421, 41.2300398 ], [ 69.1805555, 41.2300787 ], [ 69.1804596, 41.2299736 ], [ 69.1804336, 41.2299871 ], [ 69.1805051, 41.2300653 ], [ 69.1803604, 41.23014 ], [ 69.1803794, 41.2301609 ], [ 69.18045, 41.2301245 ], [ 69.1804711, 41.2301476 ], [ 69.1802659, 41.2302536 ], [ 69.1802408, 41.230226 ], [ 69.1803303, 41.2301798 ], [ 69.1803188, 41.2301672 ], [ 69.1801533, 41.2302526 ], [ 69.180095, 41.2301887 ], [ 69.1800606, 41.2302065 ], [ 69.1801575, 41.2303126 ], [ 69.1799715, 41.2304087 ], [ 69.1795876, 41.2305669 ], [ 69.1789035, 41.2298429 ] ] ] } },
{ "type": "Feature", "properties": { "osm_id": "r7593567", "kind": "industrial" }, "geometry": { "type": "Polygon", "coordinates": [ [ [ 69.3554744, 41.2446211 ], [ 69.3579635, 41.2455105 ], [ 69.3587078, 41.2457626 ], [ 69.3588071, 41.2456244 ], [ 69.3586904, 41.245579 ], [ 69.3586983, 41.2455647 ], [ 69.3587092, 41.2455448 ], [ 69.3586514, 41.2455216 ], [ 69.3589747, 41.2451142 ], [ 69.3586128, 41.2449505 ], [ 69.3588138, 41.2446957 ], [ 69.3586753, 41.2446498 ], [ 69.3586823, 41.2446272 ], [ 69.3593165, 41.2445948 ], [ 69.3593611, 41.2445767 ], [ 69.3594602, 41.2445102 ], [ 69.3593958, 41.2444396 ], [ 69.3582049, 41.2442581 ], [ 69.3579876, 41.2441613 ], [ 69.357423, 41.2439535 ], [ 69.356904, 41.2435139 ], [ 69.3567833, 41.2435542 ], [ 69.356529, 41.2436098 ], [ 69.3562525, 41.2441095 ], [ 69.3562107, 41.2441613 ], [ 69.3558311, 41.2440463 ], [ 69.3554744, 41.2446211 ] ] ] } },
{ "type": "Feature", "properties": { "osm_id": "r7593571", "kind": "industrial" }, "geometry": { "type": "Polygon", "coordinates": [ [ [ 69.3533386, 41.2436729 ], [ 69.3536945, 41.2437957 ], [ 69.3540726, 41.2439261 ], [ 69.3540153, 41.2440201 ], [ 69.3541643, 41.2440715 ], [ 69.354296, 41.2441169 ], [ 69.3542111, 41.24425 ], [ 69.3547636, 41.2444295 ], [ 69.3554369, 41.2446715 ], [ 69.3554744, 41.2446211 ], [ 69.3558311, 41.2440463 ], [ 69.3562107, 41.2441613 ], [ 69.3562525, 41.2441095 ], [ 69.356529, 41.2436098 ], [ 69.3567833, 41.2435542 ], [ 69.356904, 41.2435139 ], [ 69.3566519, 41.2433525 ], [ 69.3561929, 41.2430065 ], [ 69.3558513, 41.2426759 ], [ 69.3553229, 41.2421556 ], [ 69.3551338, 41.2422987 ], [ 69.3546134, 41.2427757 ], [ 69.3535003, 41.2423744 ], [ 69.3533742, 41.2423724 ], [ 69.3525991, 41.2431327 ], [ 69.3528968, 41.2433021 ], [ 69.3533206, 41.2434372 ], [ 69.3532053, 41.2436208 ], [ 69.3532723, 41.243647 ], [ 69.3533386, 41.2436729 ] ] ] } },
{ "type": "Feature", "properties": { "osm_id": "r7593624", "kind": "industrial" }, "geometry": { "type": "Polygon", "coordinates": [ [ [ 69.3517629, 41.2405406 ], [ 69.353395, 41.2414301 ], [ 69.3539797, 41.2408825 ], [ 69.3540032, 41.2408426 ], [ 69.3532267, 41.2401054 ], [ 69.3532261, 41.240061 ], [ 69.3531302, 41.239936 ], [ 69.3528056, 41.2396798 ], [ 69.3519674, 41.2404664 ], [ 69.3518695, 41.2404916 ], [ 69.3518083, 41.2405197 ], [ 69.3517629, 41.2405406 ] ] ] } },
{ "type": "Feature", "properties": { "osm_id": "r7726964", "kind": "industrial" }, "geometry": { "type": "Polygon", "coordinates": [ [ [ 69.3308886, 41.2624503 ], [ 69.3308736, 41.2625151 ], [ 69.3303811, 41.2631828 ], [ 69.3303953, 41.2631889 ], [ 69.3316013, 41.2636091 ], [ 69.3319876, 41.2631625 ], [ 69.3320721, 41.2631908 ], [ 69.3329438, 41.2622291 ], [ 69.332619, 41.2620534 ], [ 69.3317866, 41.2616033 ], [ 69.3316872, 41.2615496 ], [ 69.3308886, 41.2624503 ] ] ] } },
{ "type": "Feature", "properties": { "osm_id": "r7726965", "kind": "industrial" }, "geometry": { "type": "Polygon", "coordinates": [ [ [ 69.3290628, 41.2612002 ], [ 69.3289023, 41.2613194 ], [ 69.3293672, 41.2616731 ], [ 69.3294409, 41.261725 ], [ 69.3295989, 41.2616911 ], [ 69.3306617, 41.2623941 ], [ 69.3308886, 41.2624503 ], [ 69.3316872, 41.2615496 ], [ 69.3316354, 41.2615185 ], [ 69.3306961, 41.2609548 ], [ 69.3304549, 41.2609393 ], [ 69.3302824, 41.2608377 ], [ 69.3297055, 41.2604499 ], [ 69.3292765, 41.2608621 ], [ 69.3294704, 41.2609891 ], [ 69.3292773, 41.2611554 ], [ 69.3291834, 41.261103 ], [ 69.3290628, 41.2612002 ] ] ] } },
{ "type": "Feature", "properties": { "osm_id": "r7752241", "kind": "industrial" }, "geometry": { "type": "Polygon", "coordinates": [ [ [ 69.4270545, 41.4590868 ], [ 69.4277358, 41.4592557 ], [ 69.4283608, 41.4595753 ], [ 69.4284117, 41.4595451 ], [ 69.4288087, 41.4596276 ], [ 69.4294444, 41.4596195 ], [ 69.429903, 41.4597462 ], [ 69.4304851, 41.4598386 ], [ 69.4312763, 41.4599994 ], [ 69.4318436, 41.4600778 ], [ 69.4324994, 41.4602768 ], [ 69.4335535, 41.4601844 ], [ 69.4333416, 41.4581521 ], [ 69.4314963, 41.4583371 ], [ 69.4314761, 41.4582536 ], [ 69.431448, 41.4581019 ], [ 69.4312066, 41.4581139 ], [ 69.4311959, 41.4571973 ], [ 69.4298494, 41.4572283 ], [ 69.4282427, 41.4576456 ], [ 69.4282374, 41.4576908 ], [ 69.4278015, 41.4577732 ], [ 69.4263813, 41.4582376 ], [ 69.4263786, 41.4588074 ], [ 69.4271189, 41.4589562 ], [ 69.4270545, 41.4590868 ] ] ] } },
{ "type": "Feature", "properties": { "osm_id": "r7752242", "kind": "industrial" }, "geometry": { "type": "Polygon", "coordinates": [ [ [ 69.4270545, 41.4590868 ], [ 69.426958, 41.4590708 ], [ 69.427253, 41.4607411 ], [ 69.4276446, 41.460709 ], [ 69.4281971, 41.4607552 ], [ 69.4282025, 41.4608135 ], [ 69.4294819, 41.4608095 ], [ 69.4296697, 41.4608075 ], [ 69.4297314, 41.46092 ], [ 69.4309705, 41.4608999 ], [ 69.4313005, 41.4606929 ], [ 69.4312763, 41.4599994 ], [ 69.4304851, 41.4598386 ], [ 69.429903, 41.4597462 ], [ 69.4294444, 41.4596195 ], [ 69.4288087, 41.4596276 ], [ 69.4284117, 41.4595451 ], [ 69.4283608, 41.4595753 ], [ 69.4277358, 41.4592557 ], [ 69.4270545, 41.4590868 ] ] ] } },
{ "type": "Feature", "properties": { "osm_id": "r7757954", "kind": "industrial" }, "geometry": { "type": "Polygon", "coordinates": [ [ [ 69.3041992, 41.3083085 ], [ 69.3042386, 41.308332 ], [ 69.3043431, 41.3083943 ], [ 69.3048941, 41.3087418 ], [ 69.3048679, 41.3087742 ], [ 69.3048204, 41.3088168 ], [ 69.3058566, 41.3095272 ], [ 69.3062682, 41.3098786 ], [ 69.3065356, 41.3101622 ], [ 69.3065567, 41.310184 ], [ 69.3069227, 41.3105633 ], [ 69.3069016, 41.3105782 ], [ 69.3072109, 41.3109615 ], [ 69.3071928, 41.3109759 ], [ 69.3075315, 41.3114155 ], [ 69.3078059, 41.3112812 ], [ 69.3078406, 41.311152 ], [ 69.3076842, 41.3109782 ], [ 69.3078944, 41.3108683 ], [ 69.3079314, 41.3107988 ], [ 69.3078464, 41.3107175 ], [ 69.3079026, 41.3106902 ], [ 69.3078175, 41.3106041 ], [ 69.3078802, 41.3105748 ], [ 69.3076019, 41.3102867 ], [ 69.3077262, 41.3102197 ], [ 69.3077979, 41.310181 ], [ 69.3077819, 41.3101623 ], [ 69.3077461, 41.3101207 ], [ 69.3073549, 41.3096659 ], [ 69.3071672, 41.3094932 ], [ 69.3071626, 41.3094895 ], [ 69.3068731, 41.3092573 ], [ 69.3068709, 41.3092544 ], [ 69.3067205, 41.3091283 ], [ 69.3066056, 41.3090337 ], [ 69.3063137, 41.3088008 ], [ 69.3063365, 41.3087776 ], [ 69.3054658, 41.3082574 ], [ 69.3054489, 41.308245 ], [ 69.3052088, 41.3080861 ], [ 69.3048705, 41.3078505 ], [ 69.3047342, 41.3077374 ], [ 69.304664, 41.3076808 ], [ 69.3045999, 41.3076336 ], [ 69.3044931, 41.3077176 ], [ 69.3044434, 41.3076673 ], [ 69.3044024, 41.307625 ], [ 69.3043918, 41.3076104 ], [ 69.3043306, 41.3075463 ], [ 69.3042475, 41.3075633 ], [ 69.3041153, 41.3075989 ], [ 69.3037956, 41.3078486 ], [ 69.3036647, 41.307965 ], [ 69.3041992, 41.3083085 ] ] ] } },
{ "type": "Feature", "properties": { "osm_id": "r7831178", "kind": "industrial" }, "geometry": { "type": "Polygon", "coordinates": [ [ [ 69.3609279, 41.2502397 ], [ 69.3617314, 41.2512316 ], [ 69.3619214, 41.2511446 ], [ 69.362104, 41.2513953 ], [ 69.3615733, 41.2516318 ], [ 69.3616195, 41.2516904 ], [ 69.3620238, 41.2522033 ], [ 69.3633413, 41.2538794 ], [ 69.3634754, 41.2539126 ], [ 69.3635225, 41.2539685 ], [ 69.3635921, 41.2540326 ], [ 69.3637478, 41.2542366 ], [ 69.3639033, 41.2541695 ], [ 69.36404, 41.2543412 ], [ 69.3639369, 41.254389 ], [ 69.3647277, 41.2553538 ], [ 69.364908, 41.2552702 ], [ 69.3650978, 41.2552629 ], [ 69.3654541, 41.2550992 ], [ 69.3688001, 41.2535932 ], [ 69.3683919, 41.2531111 ], [ 69.3682069, 41.2531978 ], [ 69.3677562, 41.2526453 ], [ 69.3679091, 41.2525767 ], [ 69.3674397, 41.2520161 ], [ 69.3670911, 41.2521633 ], [ 69.3666773, 41.2515558 ], [ 69.3669999, 41.2514152 ], [ 69.3666673, 41.2510764 ], [ 69.367319, 41.2507215 ], [ 69.3669501, 41.250298 ], [ 69.3644026, 41.2491239 ], [ 69.3636371, 41.2485355 ], [ 69.3624166, 41.2476469 ], [ 69.3620097, 41.2472279 ], [ 69.3619117, 41.247274 ], [ 69.3615583, 41.2474402 ], [ 69.3614777, 41.2474781 ], [ 69.3608069, 41.2477658 ], [ 69.3604708, 41.2479307 ], [ 69.3602358, 41.248046 ], [ 69.3594682, 41.2484226 ], [ 69.3591029, 41.2491292 ], [ 69.3605217, 41.2503614 ], [ 69.3609279, 41.2502397 ] ] ] } },
{ "type": "Feature", "properties": { "osm_id": "r7968161", "kind": "industrial" }, "geometry": { "type": "Polygon", "coordinates": [ [ [ 69.2911134, 41.2541186 ], [ 69.2911123, 41.2542076 ], [ 69.291121, 41.2544957 ], [ 69.2911573, 41.2556643 ], [ 69.2926192, 41.2557847 ], [ 69.2926192, 41.2552204 ], [ 69.2924113, 41.2552021 ], [ 69.2924388, 41.2541549 ], [ 69.2924402, 41.2540717 ], [ 69.2924345, 41.2537376 ], [ 69.2923908, 41.253738 ], [ 69.292388, 41.2535726 ], [ 69.2924048, 41.2535725 ], [ 69.2924028, 41.2534575 ], [ 69.2921024, 41.2534605 ], [ 69.2911185, 41.2534416 ], [ 69.2911134, 41.2541186 ] ] ] } },
{ "type": "Feature", "properties": { "osm_id": "r7968163", "kind": "industrial" }, "geometry": { "type": "Polygon", "coordinates": [ [ [ 69.289761, 41.2541105 ], [ 69.2909519, 41.2541145 ], [ 69.2911134, 41.2541186 ], [ 69.2911185, 41.2534416 ], [ 69.2921024, 41.2534605 ], [ 69.2924028, 41.2534575 ], [ 69.2925712, 41.2534458 ], [ 69.2925391, 41.252738 ], [ 69.2908606, 41.2527421 ], [ 69.2899031, 41.2527386 ], [ 69.2898312, 41.2527297 ], [ 69.289274, 41.2527074 ], [ 69.2893288, 41.2540474 ], [ 69.2894787, 41.2541173 ], [ 69.289761, 41.2541105 ] ] ] } },
{ "type": "Feature", "properties": { "osm_id": "r8053553", "kind": "industrial" }, "geometry": { "type": "Polygon", "coordinates": [ [ [ 69.2009345, 41.1898035 ], [ 69.2009291, 41.1899759 ], [ 69.2010801, 41.1899786 ], [ 69.2010805, 41.1899677 ], [ 69.2012659, 41.1899709 ], [ 69.2012646, 41.1899803 ], [ 69.2015099, 41.1899829 ], [ 69.2020879, 41.189993 ], [ 69.2024135, 41.1899987 ], [ 69.2024412, 41.1893353 ], [ 69.2024429, 41.1892803 ], [ 69.2023146, 41.189278 ], [ 69.2021601, 41.1892753 ], [ 69.2019662, 41.1892719 ], [ 69.2018666, 41.1892702 ], [ 69.2016459, 41.1892663 ], [ 69.2011775, 41.1892514 ], [ 69.2010822, 41.1892497 ], [ 69.2009443, 41.1892473 ], [ 69.2009279, 41.1898034 ], [ 69.2009345, 41.1898035 ] ] ] } },
{ "type": "Feature", "properties": { "osm_id": "r8053619", "kind": "industrial" }, "geometry": { "type": "Polygon", "coordinates": [ [ [ 69.2064443, 41.1940473 ], [ 69.207372, 41.1944434 ], [ 69.2066659, 41.1953412 ], [ 69.2071134, 41.1955531 ], [ 69.2077135, 41.1948479 ], [ 69.2081353, 41.1943522 ], [ 69.2079228, 41.1942566 ], [ 69.2079993, 41.1941618 ], [ 69.2076988, 41.1940245 ], [ 69.2076224, 41.1941193 ], [ 69.20756, 41.1940929 ], [ 69.2074969, 41.1940677 ], [ 69.2075613, 41.1939869 ], [ 69.2067942, 41.1936196 ], [ 69.2064443, 41.1940473 ] ] ] } },
{ "type": "Feature", "properties": { "osm_id": "r8053621", "kind": "industrial" }, "geometry": { "type": "Polygon", "coordinates": [ [ [ 69.2064443, 41.1940473 ], [ 69.2057371, 41.1948409 ], [ 69.2063597, 41.1951676 ], [ 69.2063463, 41.1951918 ], [ 69.2063982, 41.1952161 ], [ 69.2065149, 41.1952706 ], [ 69.2066659, 41.1953412 ], [ 69.207372, 41.1944434 ], [ 69.2064443, 41.1940473 ] ] ] } },
{ "type": "Feature", "properties": { "osm_id": "r8074674", "kind": "industrial" }, "geometry": { "type": "Polygon", "coordinates": [ [ [ 69.2607055, 41.2038244 ], [ 69.2615998, 41.2044914 ], [ 69.2616561, 41.204441 ], [ 69.2623749, 41.2049959 ], [ 69.2634986, 41.2041947 ], [ 69.2643249, 41.2036055 ], [ 69.2636114, 41.2032019 ], [ 69.2627746, 41.2028871 ], [ 69.2623509, 41.2026748 ], [ 69.2607055, 41.2038244 ] ] ] } },
{ "type": "Feature", "properties": { "osm_id": "r8074675", "kind": "industrial" }, "geometry": { "type": "Polygon", "coordinates": [ [ [ 69.2604435, 41.1988468 ], [ 69.260568, 41.1987394 ], [ 69.2584169, 41.1971577 ], [ 69.2566768, 41.1960417 ], [ 69.2572054, 41.1982305 ], [ 69.2571677, 41.19826 ], [ 69.2570591, 41.1983114 ], [ 69.2570125, 41.1983335 ], [ 69.2571757, 41.1985156 ], [ 69.2573053, 41.1986589 ], [ 69.2583877, 41.1995426 ], [ 69.2589726, 41.2000832 ], [ 69.257083, 41.2015265 ], [ 69.2586654, 41.2028266 ], [ 69.2602255, 41.2040098 ], [ 69.2603284, 41.2040878 ], [ 69.2607055, 41.2038244 ], [ 69.2623509, 41.2026748 ], [ 69.2623919, 41.2026462 ], [ 69.262442, 41.2026127 ], [ 69.2623669, 41.2025521 ], [ 69.2629323, 41.2021335 ], [ 69.2628851, 41.2021086 ], [ 69.2628838, 41.2019511 ], [ 69.2632838, 41.2016083 ], [ 69.2614662, 41.2001483 ], [ 69.2617654, 41.1999275 ], [ 69.2604435, 41.1988468 ] ] ] } },
{ "type": "Feature", "properties": { "osm_id": "r8085621", "kind": "industrial" }, "geometry": { "type": "Polygon", "coordinates": [ [ [ 69.2307118, 41.1945743 ], [ 69.2322591, 41.1952216 ], [ 69.232471, 41.1953109 ], [ 69.232838, 41.1942451 ], [ 69.2331254, 41.1934299 ], [ 69.231897, 41.1929132 ], [ 69.2315925, 41.1933215 ], [ 69.2312694, 41.1938214 ], [ 69.2310482, 41.1941029 ], [ 69.2308766, 41.1943428 ], [ 69.2307878, 41.1944616 ], [ 69.2307118, 41.1945743 ] ] ] } },
{ "type": "Feature", "properties": { "osm_id": "r8085622", "kind": "industrial" }, "geometry": { "type": "Polygon", "coordinates": [ [ [ 69.228086, 41.1935518 ], [ 69.2281157, 41.1935062 ], [ 69.2303262, 41.194426 ], [ 69.230361, 41.1944404 ], [ 69.2307118, 41.1945743 ], [ 69.2307878, 41.1944616 ], [ 69.2308766, 41.1943428 ], [ 69.2310482, 41.1941029 ], [ 69.2312694, 41.1938214 ], [ 69.2315925, 41.1933215 ], [ 69.231424, 41.1932383 ], [ 69.2300247, 41.1926531 ], [ 69.2297972, 41.1925579 ], [ 69.2290198, 41.1923134 ], [ 69.2268823, 41.1914539 ], [ 69.2253693, 41.1908854 ], [ 69.2245498, 41.1921031 ], [ 69.2259687, 41.1926803 ], [ 69.2264036, 41.1928593 ], [ 69.226463, 41.1928837 ], [ 69.228086, 41.1935518 ] ] ] } },
{ "type": "Feature", "properties": { "osm_id": "r8199339", "kind": "industrial" }, "geometry": { "type": "Polygon", "coordinates": [ [ [ 69.3229983, 41.2263685 ], [ 69.3232391, 41.2265587 ], [ 69.3231395, 41.2266301 ], [ 69.3233254, 41.2267768 ], [ 69.3231881, 41.2268752 ], [ 69.3233844, 41.2270301 ], [ 69.3233083, 41.2270846 ], [ 69.3234991, 41.2272353 ], [ 69.3236412, 41.2271335 ], [ 69.3237167, 41.2271932 ], [ 69.3239537, 41.2270234 ], [ 69.3249026, 41.2263407 ], [ 69.3248406, 41.2262903 ], [ 69.3247685, 41.2262317 ], [ 69.3248704, 41.2261551 ], [ 69.3238538, 41.2253481 ], [ 69.32273, 41.2261279 ], [ 69.3229983, 41.2263685 ] ] ] } },
{ "type": "Feature", "properties": { "osm_id": "r8199342", "kind": "industrial" }, "geometry": { "type": "Polygon", "coordinates": [ [ [ 69.3270206, 41.2324078 ], [ 69.3277457, 41.2327373 ], [ 69.3286657, 41.2319889 ], [ 69.3295606, 41.232609 ], [ 69.3306641, 41.2334102 ], [ 69.3307525, 41.2336551 ], [ 69.3320225, 41.2342834 ], [ 69.3324239, 41.2337053 ], [ 69.3313991, 41.2329567 ], [ 69.3313063, 41.2328945 ], [ 69.3311566, 41.2327666 ], [ 69.3312673, 41.2326928 ], [ 69.3311811, 41.2326197 ], [ 69.3312278, 41.2325863 ], [ 69.3317628, 41.2322038 ], [ 69.3320182, 41.2320245 ], [ 69.3320026, 41.232012 ], [ 69.3321928, 41.2318719 ], [ 69.3319514, 41.2317388 ], [ 69.3316283, 41.2317231 ], [ 69.3314286, 41.2315672 ], [ 69.331313, 41.2314769 ], [ 69.3311444, 41.2313449 ], [ 69.3309349, 41.2311942 ], [ 69.3311119, 41.2310671 ], [ 69.3305546, 41.2305324 ], [ 69.3290629, 41.2317234 ], [ 69.3282299, 41.2311246 ], [ 69.3277068, 41.2314958 ], [ 69.3277793, 41.2315543 ], [ 69.3276626, 41.2316581 ], [ 69.3275486, 41.2315925 ], [ 69.3273887, 41.2316894 ], [ 69.3267265, 41.2322723 ], [ 69.3270206, 41.2324078 ] ] ] } },
{ "type": "Feature", "properties": { "osm_id": "r8199346", "kind": "industrial" }, "geometry": { "type": "Polygon", "coordinates": [ [ [ 69.3312278, 41.2325863 ], [ 69.3311811, 41.2326197 ], [ 69.3312673, 41.2326928 ], [ 69.3311566, 41.2327666 ], [ 69.3313063, 41.2328945 ], [ 69.332373, 41.2321833 ], [ 69.3325335, 41.2320716 ], [ 69.3321928, 41.2318719 ], [ 69.3320026, 41.232012 ], [ 69.3320182, 41.2320245 ], [ 69.3317628, 41.2322038 ], [ 69.3312278, 41.2325863 ] ] ] } },
{ "type": "Feature", "properties": { "osm_id": "r8222954", "kind": "cemetery" }, "geometry": { "type": "Polygon", "coordinates": [ [ [ 69.3172322, 41.2504887 ], [ 69.3173411, 41.2505993 ], [ 69.3174555, 41.2506648 ], [ 69.3176026, 41.2507836 ], [ 69.3176516, 41.2508614 ], [ 69.3177388, 41.2509474 ], [ 69.3178423, 41.2510252 ], [ 69.3179404, 41.2510908 ], [ 69.3180439, 41.2511113 ], [ 69.3181311, 41.2511563 ], [ 69.3181855, 41.2512259 ], [ 69.3182564, 41.2513201 ], [ 69.3183068, 41.2514068 ], [ 69.3186021, 41.2511167 ], [ 69.3180589, 41.2506328 ], [ 69.3181997, 41.2505239 ], [ 69.3175372, 41.2502415 ], [ 69.3172322, 41.2504887 ] ] ] } },
{ "type": "Feature", "properties": { "osm_id": "r8538859", "kind": "cemetery" }, "geometry": { "type": "Polygon", "coordinates": [ [ [ 69.2210822, 41.3401421 ], [ 69.2211594, 41.340404 ], [ 69.2211476, 41.3407376 ], [ 69.2203508, 41.3407785 ], [ 69.2199376, 41.3406955 ], [ 69.2197585, 41.3411041 ], [ 69.2197925, 41.3412169 ], [ 69.2202094, 41.3416979 ], [ 69.2199643, 41.3417116 ], [ 69.2199661, 41.3419199 ], [ 69.2203441, 41.3419129 ], [ 69.2205136, 41.3420069 ], [ 69.2210797, 41.3424592 ], [ 69.2214462, 41.3425817 ], [ 69.2216119, 41.3426372 ], [ 69.2222843, 41.3427976 ], [ 69.2224848, 41.3426612 ], [ 69.2226199, 41.3424898 ], [ 69.22294, 41.3424433 ], [ 69.2230296, 41.3422529 ], [ 69.2237492, 41.341283 ], [ 69.2241134, 41.3410434 ], [ 69.2241981, 41.3409126 ], [ 69.2241977, 41.3407638 ], [ 69.2241517, 41.3404194 ], [ 69.2240875, 41.3400302 ], [ 69.2239644, 41.3399296 ], [ 69.2235728, 41.3399304 ], [ 69.2229613, 41.3393857 ], [ 69.2226562, 41.339168 ], [ 69.2224627, 41.3392171 ], [ 69.2224121, 41.339229 ], [ 69.2223047, 41.3389617 ], [ 69.2218253, 41.3390729 ], [ 69.2218396, 41.3391232 ], [ 69.2213942, 41.3392411 ], [ 69.2213449, 41.3393638 ], [ 69.2210905, 41.339389 ], [ 69.2210658, 41.3392789 ], [ 69.2205935, 41.3395226 ], [ 69.220507, 41.3395903 ], [ 69.2204219, 41.3397098 ], [ 69.2207984, 41.3398695 ], [ 69.2210822, 41.3401421 ] ] ] } },
{ "type": "Feature", "properties": { "osm_id": "r8542987", "kind": "industrial" }, "geometry": { "type": "Polygon", "coordinates": [ [ [ 69.1569588, 41.3308396 ], [ 69.1566593, 41.3308782 ], [ 69.1567175, 41.3311532 ], [ 69.1567994, 41.331537 ], [ 69.157016, 41.3315109 ], [ 69.1587102, 41.3313166 ], [ 69.1586109, 41.3307124 ], [ 69.1575672, 41.3307842 ], [ 69.1572644, 41.330805 ], [ 69.1569588, 41.3308396 ] ] ] } },
{ "type": "Feature", "properties": { "osm_id": "r8597404", "kind": "industrial" }, "geometry": { "type": "Polygon", "coordinates": [ [ [ 69.3250999, 41.4262381 ], [ 69.3255625, 41.4263172 ], [ 69.3256764, 41.426031 ], [ 69.3257254, 41.4258957 ], [ 69.3250018, 41.4257454 ], [ 69.3248811, 41.4262009 ], [ 69.3250999, 41.4262381 ] ] ] } },
{ "type": "Feature", "properties": { "osm_id": "r8664457", "kind": "industrial" }, "geometry": { "type": "Polygon", "coordinates": [ [ [ 69.316809, 41.2847612 ], [ 69.3153568, 41.2836377 ], [ 69.3148176, 41.2834603 ], [ 69.3135658, 41.2831441 ], [ 69.3131729, 41.2840072 ], [ 69.3124418, 41.2838698 ], [ 69.3120985, 41.2847569 ], [ 69.3120362, 41.2848936 ], [ 69.3127203, 41.2850607 ], [ 69.3126167, 41.2853014 ], [ 69.3132583, 41.2852494 ], [ 69.3156091, 41.2856098 ], [ 69.3162215, 41.2856885 ], [ 69.3165669, 41.2857411 ], [ 69.3173077, 41.2852889 ], [ 69.316809, 41.2847612 ] ] ] } },
{ "type": "Feature", "properties": { "osm_id": "r8721606", "kind": "cemetery" }, "geometry": { "type": "Polygon", "coordinates": [ [ [ 69.2018317, 41.3220541 ], [ 69.2009241, 41.3218542 ], [ 69.200575, 41.3218443 ], [ 69.2004655, 41.3219041 ], [ 69.2000804, 41.3222193 ], [ 69.2005461, 41.3223071 ], [ 69.2005579, 41.3223127 ], [ 69.2005939, 41.323113 ], [ 69.2007662, 41.3235025 ], [ 69.2008753, 41.3235018 ], [ 69.2013308, 41.3232284 ], [ 69.2021332, 41.3237309 ], [ 69.2029949, 41.3245061 ], [ 69.2034158, 41.3248931 ], [ 69.204728, 41.3248595 ], [ 69.2056195, 41.3248349 ], [ 69.2056149, 41.324618 ], [ 69.2056073, 41.3244783 ], [ 69.2056368, 41.3243395 ], [ 69.2056547, 41.3242499 ], [ 69.2057049, 41.3241938 ], [ 69.2058036, 41.3241819 ], [ 69.2058047, 41.3236125 ], [ 69.2058047, 41.3234488 ], [ 69.2061179, 41.3234502 ], [ 69.2061168, 41.3232688 ], [ 69.2053941, 41.3231905 ], [ 69.2053342, 41.3232575 ], [ 69.2053022, 41.3232462 ], [ 69.2052797, 41.3232386 ], [ 69.2052009, 41.3233723 ], [ 69.2046163, 41.323178 ], [ 69.2046588, 41.3231059 ], [ 69.2046417, 41.3230804 ], [ 69.2043285, 41.3229961 ], [ 69.2046108, 41.3225172 ], [ 69.2046378, 41.3224475 ], [ 69.204084, 41.3224369 ], [ 69.2040616, 41.3225212 ], [ 69.2037285, 41.3228688 ], [ 69.2030907, 41.3227437 ], [ 69.203027, 41.3228653 ], [ 69.2029264, 41.3228303 ], [ 69.2029747, 41.3227463 ], [ 69.2025759, 41.3226014 ], [ 69.2024041, 41.322843 ], [ 69.2024467, 41.3228594 ], [ 69.2024023, 41.3229244 ], [ 69.2023545, 41.3229065 ], [ 69.2023164, 41.3229592 ], [ 69.2022694, 41.322936 ], [ 69.2021966, 41.3230232 ], [ 69.2021206, 41.3229904 ], [ 69.2021423, 41.3229621 ], [ 69.2020387, 41.3229058 ], [ 69.2021178, 41.3227962 ], [ 69.2018953, 41.3226837 ], [ 69.2020767, 41.322453 ], [ 69.2018494, 41.32239 ], [ 69.2019165, 41.3222803 ], [ 69.2017802, 41.3222403 ], [ 69.2018161, 41.3221479 ], [ 69.2017965, 41.3221422 ], [ 69.2018317, 41.3220541 ] ] ] } },
{ "type": "Feature", "properties": { "osm_id": "r8770811", "kind": "industrial" }, "geometry": { "type": "Polygon", "coordinates": [ [ [ 69.3240438, 41.2248577 ], [ 69.3242153, 41.2250093 ], [ 69.3243993, 41.2251721 ], [ 69.3244976, 41.2252654 ], [ 69.3257274, 41.2245119 ], [ 69.3250944, 41.2239359 ], [ 69.3240201, 41.2245936 ], [ 69.3240724, 41.2246531 ], [ 69.3240438, 41.2248577 ] ] ] } },
{ "type": "Feature", "properties": { "osm_id": "r8907448", "kind": "cemetery" }, "geometry": { "type": "Polygon", "coordinates": [ [ [ 69.2424265, 41.3554581 ], [ 69.2425645, 41.356924 ], [ 69.2429094, 41.3569218 ], [ 69.2444807, 41.3561995 ], [ 69.244565, 41.3561394 ], [ 69.2445033, 41.3552022 ], [ 69.2446776, 41.3551947 ], [ 69.2446616, 41.3549965 ], [ 69.2444894, 41.3549855 ], [ 69.2444256, 41.3548389 ], [ 69.2443167, 41.3547318 ], [ 69.2443376, 41.3547191 ], [ 69.2433681, 41.3538843 ], [ 69.2427613, 41.3541339 ], [ 69.2423092, 41.3542595 ], [ 69.2423725, 41.3549201 ], [ 69.2424095, 41.3552369 ], [ 69.2424265, 41.3554581 ] ] ] } },
{ "type": "Feature", "properties": { "osm_id": "r9119344", "kind": "industrial" }, "geometry": { "type": "Polygon", "coordinates": [ [ [ 69.3051017, 41.2932311 ], [ 69.3044537, 41.292679 ], [ 69.3045849, 41.2915784 ], [ 69.304577, 41.291304 ], [ 69.303822, 41.2913419 ], [ 69.3037815, 41.2915392 ], [ 69.3033859, 41.2914979 ], [ 69.3033028, 41.291774 ], [ 69.302935, 41.2917356 ], [ 69.302616, 41.2922125 ], [ 69.3022708, 41.2921368 ], [ 69.3020488, 41.2924229 ], [ 69.3020006, 41.2923977 ], [ 69.3018275, 41.2926144 ], [ 69.3018208, 41.2926607 ], [ 69.3014535, 41.2930056 ], [ 69.3013126, 41.2932049 ], [ 69.3011479, 41.2933915 ], [ 69.3003107, 41.2932025 ], [ 69.2999956, 41.2931827 ], [ 69.2997495, 41.2932716 ], [ 69.2988915, 41.2929542 ], [ 69.2985454, 41.2932913 ], [ 69.2984844, 41.2932595 ], [ 69.298259, 41.2934984 ], [ 69.2982021, 41.293468 ], [ 69.2981051, 41.2935708 ], [ 69.2979574, 41.2934921 ], [ 69.2977275, 41.2937356 ], [ 69.2982182, 41.2941341 ], [ 69.2987476, 41.2943381 ], [ 69.2994166, 41.2945901 ], [ 69.2999654, 41.2947233 ], [ 69.2999838, 41.2946948 ], [ 69.3000097, 41.2946547 ], [ 69.3010115, 41.2950024 ], [ 69.3020836, 41.2953807 ], [ 69.302295, 41.2950574 ], [ 69.302198, 41.2949543 ], [ 69.3027144, 41.294112 ], [ 69.3027745, 41.294091 ], [ 69.3043406, 41.2946321 ], [ 69.3049096, 41.2948815 ], [ 69.3063854, 41.2957625 ], [ 69.306829, 41.2959749 ], [ 69.306991, 41.2960384 ], [ 69.3075349, 41.2961268 ], [ 69.3078514, 41.296154 ], [ 69.3083041, 41.2961622 ], [ 69.3083463, 41.2959544 ], [ 69.3086641, 41.2959865 ], [ 69.3086841, 41.2959246 ], [ 69.3086906, 41.2959044 ], [ 69.3088004, 41.2959236 ], [ 69.3092654, 41.2959385 ], [ 69.3098776, 41.2959097 ], [ 69.3106102, 41.2958339 ], [ 69.3105979, 41.2957844 ], [ 69.3105499, 41.2955908 ], [ 69.310088, 41.2956905 ], [ 69.3090581, 41.2955031 ], [ 69.3082654, 41.2952544 ], [ 69.3075504, 41.2949579 ], [ 69.3067117, 41.2946606 ], [ 69.3069248, 41.29429 ], [ 69.308139, 41.2946516 ], [ 69.3082971, 41.2945884 ], [ 69.3088416, 41.2943579 ], [ 69.3073038, 41.2937706 ], [ 69.3070453, 41.2938652 ], [ 69.3061995, 41.2935575 ], [ 69.3051017, 41.2932311 ] ] ] } },
{ "type": "Feature", "properties": { "osm_id": "r9190789", "kind": "military" }, "geometry": { "type": "Polygon", "coordinates": [ [ [ 69.3609335, 41.2585066 ], [ 69.3623918, 41.2580816 ], [ 69.3620431, 41.2574464 ], [ 69.3619922, 41.2574605 ], [ 69.3618178, 41.2572065 ], [ 69.3613002, 41.2564423 ], [ 69.3607315, 41.2556941 ], [ 69.3606779, 41.2557163 ], [ 69.3605015, 41.2554548 ], [ 69.3603802, 41.2555021 ], [ 69.3597043, 41.2544541 ], [ 69.3596372, 41.2544762 ], [ 69.3589023, 41.2536555 ], [ 69.3583256, 41.2533289 ], [ 69.3581781, 41.2532785 ], [ 69.3577563, 41.2531721 ], [ 69.3573352, 41.2533447 ], [ 69.3574459, 41.2535059 ], [ 69.3587098, 41.2553461 ], [ 69.3602166, 41.2575311 ], [ 69.3601683, 41.2575472 ], [ 69.360517, 41.2580412 ], [ 69.3605143, 41.258142 ], [ 69.3605375, 41.2581825 ], [ 69.3605974, 41.2582872 ], [ 69.3606725, 41.2583094 ], [ 69.360863, 41.2585272 ], [ 69.3609335, 41.2585066 ] ] ] } },
{ "type": "Feature", "properties": { "osm_id": "r9190790", "kind": "industrial" }, "geometry": { "type": "Polygon", "coordinates": [ [ [ 69.3609335, 41.2585066 ], [ 69.3619741, 41.2599799 ], [ 69.3619439, 41.2599971 ], [ 69.3620358, 41.260118 ], [ 69.3625236, 41.2608575 ], [ 69.3627991, 41.2611865 ], [ 69.3630502, 41.261503 ], [ 69.3633679, 41.2618705 ], [ 69.3635666, 41.2619044 ], [ 69.3637057, 41.2618472 ], [ 69.3639144, 41.2621587 ], [ 69.3637828, 41.2623876 ], [ 69.3645705, 41.2634083 ], [ 69.3645693, 41.2634391 ], [ 69.3653476, 41.2640759 ], [ 69.365479, 41.263967 ], [ 69.3655277, 41.2639981 ], [ 69.3656063, 41.2640483 ], [ 69.36564, 41.2640698 ], [ 69.3660423, 41.2643722 ], [ 69.3657354, 41.2646026 ], [ 69.3672549, 41.2657048 ], [ 69.3676892, 41.2656605 ], [ 69.3678313, 41.2657654 ], [ 69.3685852, 41.2656204 ], [ 69.3706745, 41.2641202 ], [ 69.3722892, 41.2628944 ], [ 69.3738389, 41.2616107 ], [ 69.3734157, 41.2614447 ], [ 69.3730563, 41.2612834 ], [ 69.3722329, 41.2609831 ], [ 69.3702453, 41.2603137 ], [ 69.3700522, 41.2603519 ], [ 69.3699315, 41.2604064 ], [ 69.3696928, 41.2602914 ], [ 69.3696668, 41.2603119 ], [ 69.3675394, 41.2598343 ], [ 69.3660772, 41.2595515 ], [ 69.3652591, 41.2592087 ], [ 69.3638992, 41.2584687 ], [ 69.3638322, 41.2584566 ], [ 69.3628119, 41.2577744 ], [ 69.362757, 41.2578485 ], [ 69.3627378, 41.2578779 ], [ 69.3624213, 41.258017 ], [ 69.3623918, 41.2580816 ], [ 69.3609335, 41.2585066 ] ] ] } },
{ "type": "Feature", "properties": { "osm_id": "r9283156", "kind": "military" }, "geometry": { "type": "Polygon", "coordinates": [ [ [ 69.3339348, 41.3316472 ], [ 69.334046, 41.3318102 ], [ 69.3341398, 41.3324653 ], [ 69.3341758, 41.3325022 ], [ 69.3343346, 41.3326652 ], [ 69.3349375, 41.3323505 ], [ 69.3351678, 41.3322304 ], [ 69.33552, 41.3325655 ], [ 69.3365449, 41.3319751 ], [ 69.3366758, 41.3319081 ], [ 69.3363158, 41.331768 ], [ 69.3361021, 41.3316582 ], [ 69.3355855, 41.3316348 ], [ 69.3349691, 41.3316601 ], [ 69.3346783, 41.331685 ], [ 69.3346218, 41.3316001 ], [ 69.3339348, 41.3316472 ] ] ] } },
{ "type": "Feature", "properties": { "osm_id": "r9283157", "kind": "military" }, "geometry": { "type": "Polygon", "coordinates": [ [ [ 69.3343346, 41.3326652 ], [ 69.3338242, 41.3329282 ], [ 69.3350306, 41.3340836 ], [ 69.3353802, 41.3338857 ], [ 69.3354147, 41.3338651 ], [ 69.3373296, 41.3327161 ], [ 69.3373078, 41.3326919 ], [ 69.3365449, 41.3319751 ], [ 69.33552, 41.3325655 ], [ 69.3351678, 41.3322304 ], [ 69.3349375, 41.3323505 ], [ 69.3343346, 41.3326652 ] ] ] } },
{ "type": "Feature", "properties": { "osm_id": "r9283158", "kind": "cemetery" }, "geometry": { "type": "Polygon", "coordinates": [ [ [ 69.3338375, 41.3311914 ], [ 69.3339711, 41.331406 ], [ 69.3339348, 41.3316472 ], [ 69.3346218, 41.3316001 ], [ 69.3346783, 41.331685 ], [ 69.3349691, 41.3316601 ], [ 69.3355855, 41.3316348 ], [ 69.3361021, 41.3316582 ], [ 69.3363158, 41.331768 ], [ 69.3366758, 41.3319081 ], [ 69.336766, 41.3319145 ], [ 69.3368317, 41.3319195 ], [ 69.3368947, 41.3318893 ], [ 69.3372908, 41.331842 ], [ 69.3374156, 41.3318369 ], [ 69.3376376, 41.3316319 ], [ 69.337516, 41.3315706 ], [ 69.3374035, 41.3315508 ], [ 69.3373905, 41.3314337 ], [ 69.3373895, 41.3313272 ], [ 69.3364514, 41.3313037 ], [ 69.3363507, 41.3312357 ], [ 69.3361773, 41.331267 ], [ 69.3357901, 41.3312242 ], [ 69.3357843, 41.3312428 ], [ 69.3354839, 41.3311975 ], [ 69.3354423, 41.3313516 ], [ 69.3352586, 41.3313144 ], [ 69.3349783, 41.3312851 ], [ 69.3349053, 41.3312996 ], [ 69.334558, 41.3312042 ], [ 69.3344132, 41.3311385 ], [ 69.3343675, 41.3312143 ], [ 69.3342532, 41.331213 ], [ 69.3340262, 41.3312012 ], [ 69.3338375, 41.3311914 ] ] ] } },
{ "type": "Feature", "properties": { "osm_id": "r9362789", "kind": "military" }, "geometry": { "type": "Polygon", "coordinates": [ [ [ 69.3374615, 41.3362458 ], [ 69.3382747, 41.33703 ], [ 69.3386637, 41.3367853 ], [ 69.3389373, 41.3370492 ], [ 69.3388581, 41.3370915 ], [ 69.338916, 41.3371417 ], [ 69.3387303, 41.3372516 ], [ 69.3392643, 41.3377602 ], [ 69.3393731, 41.3378655 ], [ 69.3398386, 41.3375886 ], [ 69.3397337, 41.3374885 ], [ 69.3399138, 41.3373815 ], [ 69.3400954, 41.3373054 ], [ 69.3398371, 41.3370401 ], [ 69.3405994, 41.3365915 ], [ 69.3399337, 41.3359345 ], [ 69.3396708, 41.3360835 ], [ 69.3389204, 41.3353535 ], [ 69.3374615, 41.3362458 ] ] ] } },
{ "type": "Feature", "properties": { "osm_id": "r9374800", "kind": "military" }, "geometry": { "type": "Polygon", "coordinates": [ [ [ 69.3353802, 41.3338857 ], [ 69.3354162, 41.3339189 ], [ 69.3354261, 41.3339299 ], [ 69.3358648, 41.3343434 ], [ 69.3365782, 41.3339285 ], [ 69.3364327, 41.3337891 ], [ 69.3377768, 41.3329791 ], [ 69.3378255, 41.3329497 ], [ 69.3381354, 41.3332505 ], [ 69.3382573, 41.3331813 ], [ 69.3379837, 41.3329074 ], [ 69.3381527, 41.3327967 ], [ 69.3381098, 41.3327483 ], [ 69.338555, 41.3324825 ], [ 69.338598, 41.3325207 ], [ 69.338657, 41.3324704 ], [ 69.3388125, 41.3326214 ], [ 69.3394563, 41.3322227 ], [ 69.3398264, 41.3319326 ], [ 69.3399525, 41.3318178 ], [ 69.3400168, 41.3316809 ], [ 69.3401912, 41.3311028 ], [ 69.3402614, 41.3307996 ], [ 69.340277, 41.3307323 ], [ 69.3402716, 41.3304583 ], [ 69.3401965, 41.3302005 ], [ 69.3403575, 41.3297111 ], [ 69.3403738, 41.329654 ], [ 69.3404111, 41.3295459 ], [ 69.3404299, 41.3293284 ], [ 69.3403414, 41.32899 ], [ 69.3389365, 41.3287964 ], [ 69.3383337, 41.3287134 ], [ 69.3379576, 41.328651 ], [ 69.3377286, 41.3287365 ], [ 69.33774, 41.3293571 ], [ 69.3378523, 41.330288 ], [ 69.3379274, 41.3303697 ], [ 69.3379971, 41.3304664 ], [ 69.3379784, 41.3305127 ], [ 69.3381232, 41.3315097 ], [ 69.3382144, 41.3315741 ], [ 69.3382171, 41.3316889 ], [ 69.33815, 41.3318662 ], [ 69.3384746, 41.331983 ], [ 69.3373078, 41.3326919 ], [ 69.3373296, 41.3327161 ], [ 69.3354147, 41.3338651 ], [ 69.3353802, 41.3338857 ] ] ] } },
{ "type": "Feature", "properties": { "osm_id": "r9401913", "kind": "military" }, "geometry": { "type": "Polygon", "coordinates": [ [ [ 69.3365782, 41.3339285 ], [ 69.3373507, 41.3346536 ], [ 69.3377531, 41.3344159 ], [ 69.3382204, 41.3348636 ], [ 69.3383458, 41.3347885 ], [ 69.3389204, 41.3353535 ], [ 69.3396708, 41.3360835 ], [ 69.3399337, 41.3359345 ], [ 69.3400678, 41.3358519 ], [ 69.3399122, 41.3356988 ], [ 69.3404434, 41.3353913 ], [ 69.3406203, 41.3355619 ], [ 69.3416557, 41.3349859 ], [ 69.3421143, 41.334716 ], [ 69.3420231, 41.3346314 ], [ 69.34194, 41.3346697 ], [ 69.3418971, 41.3346334 ], [ 69.3418139, 41.3345408 ], [ 69.3423611, 41.3342226 ], [ 69.3417811, 41.3337097 ], [ 69.3416972, 41.3336355 ], [ 69.3419356, 41.3334938 ], [ 69.3411247, 41.3327041 ], [ 69.3408296, 41.3324583 ], [ 69.3407357, 41.3326919 ], [ 69.33988, 41.3331793 ], [ 69.3396628, 41.3332377 ], [ 69.3392149, 41.3328188 ], [ 69.3389037, 41.3328088 ], [ 69.3382573, 41.3331813 ], [ 69.3381354, 41.3332505 ], [ 69.3378255, 41.3329497 ], [ 69.3377768, 41.3329791 ], [ 69.3364327, 41.3337891 ], [ 69.3365782, 41.3339285 ] ] ] } },
{ "type": "Feature", "properties": { "osm_id": "r9401914", "kind": "military" }, "geometry": { "type": "Polygon", "coordinates": [ [ [ 69.3358648, 41.3343434 ], [ 69.3356341, 41.3344784 ], [ 69.336892, 41.3356686 ], [ 69.3382204, 41.3348636 ], [ 69.3377531, 41.3344159 ], [ 69.3373507, 41.3346536 ], [ 69.3365782, 41.3339285 ], [ 69.3358648, 41.3343434 ] ] ] } },
{ "type": "Feature", "properties": { "osm_id": "r9401915", "kind": "military" }, "geometry": { "type": "Polygon", "coordinates": [ [ [ 69.336892, 41.3356686 ], [ 69.3374615, 41.3362458 ], [ 69.3389204, 41.3353535 ], [ 69.3383458, 41.3347885 ], [ 69.3382204, 41.3348636 ], [ 69.336892, 41.3356686 ] ] ] } },
{ "type": "Feature", "properties": { "osm_id": "r9407763", "kind": "military" }, "geometry": { "type": "Polygon", "coordinates": [ [ [ 69.298119, 41.394245 ], [ 69.3007404, 41.3980375 ], [ 69.3048597, 41.3979626 ], [ 69.3048347, 41.3939641 ], [ 69.3043748, 41.3939833 ], [ 69.2998709, 41.3941718 ], [ 69.2998488, 41.3942154 ], [ 69.2998274, 41.3942159 ], [ 69.2997444, 41.394218 ], [ 69.2996975, 41.394179 ], [ 69.298119, 41.394245 ] ] ] } },
{ "type": "Feature", "properties": { "osm_id": "r9413164", "kind": "industrial" }, "geometry": { "type": "Polygon", "coordinates": [ [ [ 69.2086943, 41.454705 ], [ 69.2086811, 41.4547255 ], [ 69.2091085, 41.4549143 ], [ 69.2094503, 41.4545373 ], [ 69.2096071, 41.4543295 ], [ 69.2096934, 41.4542156 ], [ 69.2101751, 41.453602 ], [ 69.210212, 41.4535482 ], [ 69.2097377, 41.4533533 ], [ 69.2096429, 41.4533161 ], [ 69.2095549, 41.4532749 ], [ 69.2095184, 41.4532613 ], [ 69.2094114, 41.4532128 ], [ 69.2093214, 41.4531715 ], [ 69.209304, 41.4531728 ], [ 69.2091425, 41.4533336 ], [ 69.2084687, 41.4537449 ], [ 69.2083757, 41.4537185 ], [ 69.2077024, 41.453527 ], [ 69.2075316, 41.4538372 ], [ 69.2074172, 41.4540434 ], [ 69.2080065, 41.4543635 ], [ 69.2082914, 41.4545221 ], [ 69.208402, 41.4545715 ], [ 69.2084736, 41.4546044 ], [ 69.2085153, 41.4546242 ], [ 69.2085973, 41.4546621 ], [ 69.2086943, 41.454705 ] ] ] } },
{ "type": "Feature", "properties": { "osm_id": "r9423156", "kind": "military" }, "geometry": { "type": "Polygon", "coordinates": [ [ [ 69.1640287, 41.3517608 ], [ 69.1648652, 41.3523949 ], [ 69.1649947, 41.3523258 ], [ 69.1651851, 41.3525755 ], [ 69.1656505, 41.3523818 ], [ 69.1659485, 41.3522387 ], [ 69.1658851, 41.3518688 ], [ 69.1657859, 41.3518708 ], [ 69.1657028, 41.3511258 ], [ 69.1655982, 41.3511158 ], [ 69.1652664, 41.349028 ], [ 69.1640292, 41.3489965 ], [ 69.164025, 41.348421 ], [ 69.1636133, 41.3484136 ], [ 69.1634417, 41.3484801 ], [ 69.1633389, 41.3484767 ], [ 69.1631976, 41.348472 ], [ 69.1628969, 41.3502645 ], [ 69.1627393, 41.3503092 ], [ 69.1629606, 41.3509843 ], [ 69.1634949, 41.3510064 ], [ 69.1634822, 41.3511834 ], [ 69.163585, 41.3512636 ], [ 69.1640459, 41.3513097 ], [ 69.1640287, 41.3517608 ] ] ] } },
{ "type": "Feature", "properties": { "osm_id": "r9423157", "kind": "garages" }, "geometry": { "type": "Polygon", "coordinates": [ [ [ 69.1633422, 41.3528764 ], [ 69.1633054, 41.3537344 ], [ 69.1633515, 41.3545063 ], [ 69.1638553, 41.3544057 ], [ 69.1644304, 41.3541285 ], [ 69.1645427, 41.3542472 ], [ 69.1662993, 41.3534005 ], [ 69.1659837, 41.3528009 ], [ 69.1656505, 41.3523818 ], [ 69.1651851, 41.3525755 ], [ 69.1649947, 41.3523258 ], [ 69.1648652, 41.3523949 ], [ 69.1640287, 41.3517608 ], [ 69.1636026, 41.3523605 ], [ 69.1633422, 41.3528764 ] ] ] } },
{ "type": "Feature", "properties": { "osm_id": "r9423158", "kind": "military" }, "geometry": { "type": "Polygon", "coordinates": [ [ [ 69.1633422, 41.3528764 ], [ 69.163105, 41.3531607 ], [ 69.1629847, 41.353344 ], [ 69.1628431, 41.353607 ], [ 69.162836, 41.3539869 ], [ 69.1627865, 41.3542712 ], [ 69.1627759, 41.3545315 ], [ 69.162836, 41.3547201 ], [ 69.1628891, 41.3549353 ], [ 69.162852, 41.3551371 ], [ 69.1627625, 41.3552829 ], [ 69.1627523, 41.3553877 ], [ 69.1654418, 41.3599711 ], [ 69.1696695, 41.3580308 ], [ 69.1674622, 41.3552762 ], [ 69.1662993, 41.3534005 ], [ 69.1659837, 41.3528009 ], [ 69.1656505, 41.3523818 ], [ 69.1651851, 41.3525755 ], [ 69.1649947, 41.3523258 ], [ 69.1648652, 41.3523949 ], [ 69.1640287, 41.3517608 ], [ 69.1636026, 41.3523605 ], [ 69.1633422, 41.3528764 ] ] ] } },
{ "type": "Feature", "properties": { "osm_id": "r9468095", "kind": "industrial" }, "geometry": { "type": "Polygon", "coordinates": [ [ [ 69.3325682, 41.2595724 ], [ 69.3338795, 41.2603774 ], [ 69.3351371, 41.2590134 ], [ 69.3353794, 41.2589052 ], [ 69.3339926, 41.258128 ], [ 69.3343574, 41.2576662 ], [ 69.3340221, 41.2574242 ], [ 69.3342555, 41.2571581 ], [ 69.334153, 41.2571145 ], [ 69.3340729, 41.2570145 ], [ 69.3335583, 41.2576108 ], [ 69.3333337, 41.2578064 ], [ 69.3336844, 41.2580091 ], [ 69.3333343, 41.2583004 ], [ 69.3335046, 41.2584133 ], [ 69.3326671, 41.2591962 ], [ 69.3328096, 41.2593144 ], [ 69.3325682, 41.2595724 ] ] ] } },
{ "type": "Feature", "properties": { "osm_id": "r9576367", "kind": "garages" }, "geometry": { "type": "Polygon", "coordinates": [ [ [ 69.2976525, 41.3584907 ], [ 69.297654, 41.3585559 ], [ 69.2977026, 41.3585552 ], [ 69.2976939, 41.3588725 ], [ 69.298712, 41.3588671 ], [ 69.2987115, 41.3586889 ], [ 69.2987067, 41.3585422 ], [ 69.2987052, 41.3584771 ], [ 69.2976525, 41.3584907 ] ] ] } },
{ "type": "Feature", "properties": { "osm_id": "r9576372", "kind": "military" }, "geometry": { "type": "Polygon", "coordinates": [ [ [ 69.3011647, 41.3592776 ], [ 69.301431, 41.3595463 ], [ 69.3022056, 41.3602763 ], [ 69.302655, 41.3600186 ], [ 69.3026769, 41.3599998 ], [ 69.3027564, 41.3599525 ], [ 69.3030645, 41.3597465 ], [ 69.302572, 41.3592855 ], [ 69.3020297, 41.358779 ], [ 69.3011647, 41.3592776 ] ] ] } },
{ "type": "Feature", "properties": { "osm_id": "r9576373", "kind": "military" }, "geometry": { "type": "Polygon", "coordinates": [ [ [ 69.3011647, 41.3592776 ], [ 69.3020297, 41.358779 ], [ 69.302572, 41.3592855 ], [ 69.3030645, 41.3597465 ], [ 69.3034862, 41.3595071 ], [ 69.3036606, 41.3594002 ], [ 69.3039631, 41.3592192 ], [ 69.3060252, 41.3579853 ], [ 69.3060426, 41.3577568 ], [ 69.3062424, 41.357636 ], [ 69.3062998, 41.3576013 ], [ 69.3064356, 41.3575193 ], [ 69.3066949, 41.3575412 ], [ 69.307029, 41.3573462 ], [ 69.3062358, 41.3566123 ], [ 69.3050923, 41.3564749 ], [ 69.3047109, 41.3564492 ], [ 69.3037453, 41.3563073 ], [ 69.3035924, 41.3563284 ], [ 69.3034288, 41.3565126 ], [ 69.3033834, 41.3565276 ], [ 69.3026698, 41.3563959 ], [ 69.3026403, 41.3563717 ], [ 69.3025504, 41.3561487 ], [ 69.3020931, 41.3563949 ], [ 69.3014091, 41.3564472 ], [ 69.3008056, 41.3563415 ], [ 69.3005692, 41.3567782 ], [ 69.3010161, 41.3570064 ], [ 69.3010608, 41.3591724 ], [ 69.3010608, 41.3591746 ], [ 69.3011647, 41.3592776 ] ] ] } },
{ "type": "Feature", "properties": { "osm_id": "r9585211", "kind": "military" }, "geometry": { "type": "Polygon", "coordinates": [ [ [ 69.2986733, 41.3631552 ], [ 69.2988101, 41.363278 ], [ 69.2995638, 41.3639584 ], [ 69.2999312, 41.3639503 ], [ 69.3008834, 41.3633706 ], [ 69.301039, 41.3635136 ], [ 69.3017269, 41.3631048 ], [ 69.3007631, 41.3621862 ], [ 69.3006876, 41.3621144 ], [ 69.3005696, 41.3619856 ], [ 69.3005174, 41.3620175 ], [ 69.2998253, 41.3624456 ], [ 69.2986733, 41.3631552 ] ] ] } },
{ "type": "Feature", "properties": { "osm_id": "r9599072", "kind": "industrial" }, "geometry": { "type": "Polygon", "coordinates": [ [ [ 69.3770069, 41.2473079 ], [ 69.3766531, 41.2471511 ], [ 69.3756639, 41.2479462 ], [ 69.3769132, 41.2487411 ], [ 69.3767032, 41.248894 ], [ 69.377178, 41.2491952 ], [ 69.3773469, 41.2493054 ], [ 69.3775819, 41.2491324 ], [ 69.378924, 41.2482089 ], [ 69.3785991, 41.2480076 ], [ 69.3772295, 41.2474027 ], [ 69.3770069, 41.2473079 ] ] ] } },
{ "type": "Feature", "properties": { "osm_id": "r9599075", "kind": "industrial" }, "geometry": { "type": "Polygon", "coordinates": [ [ [ 69.3764411, 41.2505181 ], [ 69.3765708, 41.2506071 ], [ 69.3766617, 41.2505326 ], [ 69.3766916, 41.2505532 ], [ 69.3772397, 41.250119 ], [ 69.3763969, 41.2495298 ], [ 69.3760185, 41.2492627 ], [ 69.3759308, 41.2492013 ], [ 69.3752557, 41.2497025 ], [ 69.3764411, 41.2505181 ] ] ] } },
{ "type": "Feature", "properties": { "osm_id": "r9606188", "kind": "military" }, "geometry": { "type": "Polygon", "coordinates": [ [ [ 69.2884124, 41.352749 ], [ 69.2884193, 41.3527889 ], [ 69.2884566, 41.3530048 ], [ 69.2889047, 41.352951 ], [ 69.2889368, 41.3531231 ], [ 69.2892223, 41.3530975 ], [ 69.2893229, 41.3531341 ], [ 69.2894406, 41.3529481 ], [ 69.2898145, 41.3527148 ], [ 69.2898003, 41.3522382 ], [ 69.2897896, 41.3520832 ], [ 69.2897283, 41.3520829 ], [ 69.2892122, 41.3521305 ], [ 69.2892911, 41.352671 ], [ 69.2884124, 41.352749 ] ] ] } },
{ "type": "Feature", "properties": { "osm_id": "r9632150", "kind": "cemetery" }, "geometry": { "type": "Polygon", "coordinates": [ [ [ 69.1570159, 41.1959254 ], [ 69.1570781, 41.1959978 ], [ 69.1573736, 41.1962678 ], [ 69.157408, 41.1962979 ], [ 69.1574724, 41.1963541 ], [ 69.1578208, 41.1966681 ], [ 69.1578035, 41.196679 ], [ 69.1578341, 41.1967058 ], [ 69.1579561, 41.1968135 ], [ 69.1579443, 41.19685 ], [ 69.1580518, 41.1969098 ], [ 69.1582231, 41.1967417 ], [ 69.1583024, 41.1968041 ], [ 69.1583661, 41.1967592 ], [ 69.1584315, 41.1968101 ], [ 69.1585275, 41.1967401 ], [ 69.1586101, 41.1968043 ], [ 69.1585171, 41.196872 ], [ 69.1585592, 41.1969047 ], [ 69.1588165, 41.197099 ], [ 69.1587659, 41.1971364 ], [ 69.1589465, 41.1972816 ], [ 69.1596463, 41.1965089 ], [ 69.1595678, 41.19634 ], [ 69.1601964, 41.1960354 ], [ 69.1601609, 41.1959962 ], [ 69.1598218, 41.1956216 ], [ 69.1592936, 41.1950382 ], [ 69.1592139, 41.1949532 ], [ 69.1588447, 41.1951517 ], [ 69.1588109, 41.1951675 ], [ 69.1578725, 41.1955074 ], [ 69.1573559, 41.1957595 ], [ 69.1570159, 41.1959254 ] ] ] } },
{ "type": "Feature", "properties": { "osm_id": "r9644001", "kind": "industrial" }, "geometry": { "type": "Polygon", "coordinates": [ [ [ 69.3400157, 41.2325344 ], [ 69.3399248, 41.2326936 ], [ 69.3406129, 41.232916 ], [ 69.3411991, 41.2331055 ], [ 69.3412571, 41.2330936 ], [ 69.3415564, 41.2326808 ], [ 69.3418202, 41.2321255 ], [ 69.340951, 41.2317879 ], [ 69.3406419, 41.2316776 ], [ 69.3400839, 41.2322491 ], [ 69.3400157, 41.2325344 ] ] ] } },
{ "type": "Feature", "properties": { "osm_id": "r9695393", "kind": "industrial" }, "geometry": { "type": "Polygon", "coordinates": [ [ [ 69.4294533, 41.1837969 ], [ 69.4295614, 41.1838385 ], [ 69.4293408, 41.1842061 ], [ 69.4294528, 41.18432 ], [ 69.4316304, 41.1849674 ], [ 69.4319093, 41.1851168 ], [ 69.4324632, 41.1844446 ], [ 69.4324256, 41.1844153 ], [ 69.4325202, 41.1842287 ], [ 69.4325396, 41.1841883 ], [ 69.4326335, 41.1842105 ], [ 69.4330197, 41.1836695 ], [ 69.4315008, 41.1819767 ], [ 69.4309715, 41.1824439 ], [ 69.4303062, 41.1829896 ], [ 69.4295946, 41.1835777 ], [ 69.4294533, 41.1837969 ] ] ] } },
{ "type": "Feature", "properties": { "osm_id": "r9695394", "kind": "industrial" }, "geometry": { "type": "Polygon", "coordinates": [ [ [ 69.4279541, 41.1841966 ], [ 69.4287606, 41.1844354 ], [ 69.4290001, 41.1845109 ], [ 69.4291675, 41.1842289 ], [ 69.4294533, 41.1837969 ], [ 69.4295946, 41.1835777 ], [ 69.4303062, 41.1829896 ], [ 69.4309715, 41.1824439 ], [ 69.4288462, 41.1817568 ], [ 69.4287014, 41.1817527 ], [ 69.428098, 41.1822981 ], [ 69.4272044, 41.1839656 ], [ 69.4272419, 41.1839771 ], [ 69.4279541, 41.1841966 ] ] ] } },
{ "type": "Feature", "properties": { "osm_id": "r10244554", "kind": "industrial" }, "geometry": { "type": "Polygon", "coordinates": [ [ [ 69.3509728, 41.2410467 ], [ 69.3517897, 41.241514 ], [ 69.3531826, 41.2423078 ], [ 69.3533742, 41.2423724 ], [ 69.3535003, 41.2423744 ], [ 69.3546134, 41.2427757 ], [ 69.3551338, 41.2422987 ], [ 69.3553229, 41.2421556 ], [ 69.3550453, 41.2418056 ], [ 69.3540032, 41.2408426 ], [ 69.3539797, 41.2408825 ], [ 69.353395, 41.2414301 ], [ 69.3517629, 41.2405406 ], [ 69.3516295, 41.2404634 ], [ 69.3509728, 41.2410467 ] ] ] } },
{ "type": "Feature", "properties": { "osm_id": "r10368061", "kind": "military" }, "geometry": { "type": "Polygon", "coordinates": [ [ [ 69.2115438, 41.2579627 ], [ 69.2126594, 41.258583 ], [ 69.2129984, 41.2587715 ], [ 69.2132682, 41.258873 ], [ 69.2133752, 41.2589127 ], [ 69.2133869, 41.258917 ], [ 69.2138112, 41.2590564 ], [ 69.2142078, 41.259148 ], [ 69.2146785, 41.2592257 ], [ 69.2151638, 41.2592713 ], [ 69.2152165, 41.2592614 ], [ 69.2152955, 41.2585245 ], [ 69.2151334, 41.2578923 ], [ 69.2144516, 41.2570194 ], [ 69.2138872, 41.25614 ], [ 69.2137539, 41.2557341 ], [ 69.2137684, 41.2555701 ], [ 69.2136446, 41.2552788 ], [ 69.2135855, 41.2552303 ], [ 69.2135212, 41.2552284 ], [ 69.2133978, 41.2551911 ], [ 69.2132263, 41.2551563 ], [ 69.2127444, 41.2555156 ], [ 69.2123759, 41.2558282 ], [ 69.213151, 41.2563505 ], [ 69.2130947, 41.2563888 ], [ 69.213114, 41.2564433 ], [ 69.2130102, 41.2565905 ], [ 69.2122726, 41.2571772 ], [ 69.2119682, 41.2569867 ], [ 69.2111428, 41.2577116 ], [ 69.2114952, 41.2579323 ], [ 69.2115438, 41.2579627 ] ] ] } },
{ "type": "Feature", "properties": { "osm_id": "r10368111", "kind": "railway" }, "geometry": { "type": "Polygon", "coordinates": [ [ [ 69.1960483, 41.2527943 ], [ 69.1959487, 41.2527962 ], [ 69.1959496, 41.2532532 ], [ 69.1965683, 41.2530833 ], [ 69.1968667, 41.252704 ], [ 69.1970194, 41.2525109 ], [ 69.1996655, 41.2499993 ], [ 69.1998607, 41.249814 ], [ 69.1999841, 41.2498826 ], [ 69.2003971, 41.2494611 ], [ 69.2008692, 41.2494026 ], [ 69.2008466, 41.2493097 ], [ 69.2007595, 41.2489606 ], [ 69.1991016, 41.2480071 ], [ 69.1981681, 41.2474409 ], [ 69.19743, 41.2482027 ], [ 69.1972174, 41.248422 ], [ 69.1967004, 41.2487541 ], [ 69.1972597, 41.2495101 ], [ 69.1972885, 41.2496325 ], [ 69.1970833, 41.2503293 ], [ 69.1968017, 41.2511478 ], [ 69.1961698, 41.2526739 ], [ 69.1960483, 41.2527943 ] ] ] } },
{ "type": "Feature", "properties": { "osm_id": "r10380966", "kind": "railway" }, "geometry": { "type": "Polygon", "coordinates": [ [ [ 69.2443057, 41.2645235 ], [ 69.2441756, 41.2652966 ], [ 69.2445474, 41.2653609 ], [ 69.2447259, 41.2649395 ], [ 69.2468524, 41.2655336 ], [ 69.2469491, 41.2655622 ], [ 69.2474495, 41.2656786 ], [ 69.2477242, 41.2657319 ], [ 69.2485567, 41.2659773 ], [ 69.2484682, 41.2661906 ], [ 69.2485488, 41.2662189 ], [ 69.2486122, 41.2662328 ], [ 69.2486573, 41.2662318 ], [ 69.2487845, 41.2660634 ], [ 69.2490511, 41.2661153 ], [ 69.2494522, 41.2662745 ], [ 69.2498925, 41.2664493 ], [ 69.2510216, 41.266944 ], [ 69.2512854, 41.2670864 ], [ 69.2516564, 41.267262 ], [ 69.2519089, 41.267393 ], [ 69.2521697, 41.2675953 ], [ 69.2525312, 41.2678575 ], [ 69.2530128, 41.2681191 ], [ 69.2528926, 41.2683779 ], [ 69.2535152, 41.2686987 ], [ 69.2546961, 41.2690382 ], [ 69.255129, 41.2691504 ], [ 69.2558187, 41.2692307 ], [ 69.2560032, 41.2692358 ], [ 69.2561876, 41.2692326 ], [ 69.2571198, 41.2690975 ], [ 69.257296, 41.2690719 ], [ 69.2578402, 41.2689555 ], [ 69.2581337, 41.2688947 ], [ 69.258793, 41.2687967 ], [ 69.259296, 41.2687315 ], [ 69.2596641, 41.2687109 ], [ 69.2598711, 41.2687115 ], [ 69.2601243, 41.2687111 ], [ 69.2604946, 41.2687315 ], [ 69.260688, 41.2687537 ], [ 69.2607635, 41.2687696 ], [ 69.2608731, 41.2687997 ], [ 69.2610388, 41.2688389 ], [ 69.2613244, 41.2683714 ], [ 69.2619796, 41.267612 ], [ 69.2616267, 41.2675033 ], [ 69.2613696, 41.2674363 ], [ 69.2611258, 41.2673798 ], [ 69.2576393, 41.2667415 ], [ 69.2576242, 41.2668245 ], [ 69.2557584, 41.2664921 ], [ 69.2557245, 41.2665488 ], [ 69.2513321, 41.2657205 ], [ 69.2513277, 41.2656998 ], [ 69.2503602, 41.2655275 ], [ 69.2502967, 41.2657403 ], [ 69.2499462, 41.2657434 ], [ 69.2487107, 41.2655586 ], [ 69.2487833, 41.265291 ], [ 69.2467028, 41.2648763 ], [ 69.2443057, 41.2645235 ] ] ] } },
{ "type": "Feature", "properties": { "osm_id": "r10380967", "kind": "railway" }, "geometry": { "type": "Polygon", "coordinates": [ [ [ 69.2455852, 41.2638802 ], [ 69.2463326, 41.2637815 ], [ 69.2472634, 41.2637392 ], [ 69.2478104, 41.2637583 ], [ 69.248225, 41.2638228 ], [ 69.2504889, 41.2642342 ], [ 69.2505136, 41.2641839 ], [ 69.2505269, 41.2641544 ], [ 69.2505314, 41.264145 ], [ 69.2506081, 41.2639851 ], [ 69.2502487, 41.2639065 ], [ 69.250262, 41.2634902 ], [ 69.250364, 41.2633299 ], [ 69.2500515, 41.2632059 ], [ 69.2499926, 41.2633229 ], [ 69.2494906, 41.2633855 ], [ 69.2493478, 41.2634158 ], [ 69.2492759, 41.2636668 ], [ 69.2482981, 41.2634932 ], [ 69.2481781, 41.2634827 ], [ 69.2481639, 41.2633485 ], [ 69.2481317, 41.2633475 ], [ 69.2481124, 41.2631728 ], [ 69.2469033, 41.2632795 ], [ 69.2461878, 41.2632503 ], [ 69.2457949, 41.2632412 ], [ 69.2454579, 41.2635094 ], [ 69.2454883, 41.2636078 ], [ 69.2455599, 41.2638148 ], [ 69.2455852, 41.2638802 ] ] ] } },
{ "type": "Feature", "properties": { "osm_id": "r10380968", "kind": "industrial" }, "geometry": { "type": "Polygon", "coordinates": [ [ [ 69.2481124, 41.2631728 ], [ 69.2481317, 41.2633475 ], [ 69.2481639, 41.2633485 ], [ 69.2481781, 41.2634827 ], [ 69.2482981, 41.2634932 ], [ 69.2492759, 41.2636668 ], [ 69.2493478, 41.2634158 ], [ 69.2494906, 41.2633855 ], [ 69.2495188, 41.2629654 ], [ 69.2494044, 41.2629321 ], [ 69.2491943, 41.2628882 ], [ 69.2491382, 41.2630953 ], [ 69.2485055, 41.2631392 ], [ 69.2481124, 41.2631728 ] ] ] } },
{ "type": "Feature", "properties": { "osm_id": "r10380969", "kind": "railway" }, "geometry": { "type": "Polygon", "coordinates": [ [ [ 69.2443057, 41.2645235 ], [ 69.2467028, 41.2648763 ], [ 69.2487833, 41.265291 ], [ 69.2487107, 41.2655586 ], [ 69.2499462, 41.2657434 ], [ 69.2502967, 41.2657403 ], [ 69.2503602, 41.2655275 ], [ 69.2513277, 41.2656998 ], [ 69.2513321, 41.2657205 ], [ 69.2557245, 41.2665488 ], [ 69.2557584, 41.2664921 ], [ 69.2576242, 41.2668245 ], [ 69.2576393, 41.2667415 ], [ 69.2611258, 41.2673798 ], [ 69.2613696, 41.2674363 ], [ 69.2616267, 41.2675033 ], [ 69.2619796, 41.267612 ], [ 69.2626706, 41.2676426 ], [ 69.2628523, 41.2673943 ], [ 69.2622907, 41.2672598 ], [ 69.2610279, 41.2670487 ], [ 69.2606181, 41.2669494 ], [ 69.2597275, 41.2666554 ], [ 69.2596691, 41.2667247 ], [ 69.2587931, 41.266366 ], [ 69.2580165, 41.2660183 ], [ 69.2574252, 41.2657281 ], [ 69.2567229, 41.2654443 ], [ 69.2554867, 41.2652246 ], [ 69.2548298, 41.2651036 ], [ 69.2518155, 41.2645486 ], [ 69.2511928, 41.2643688 ], [ 69.2504889, 41.2642342 ], [ 69.248225, 41.2638228 ], [ 69.2478104, 41.2637583 ], [ 69.2472634, 41.2637392 ], [ 69.2463326, 41.2637815 ], [ 69.2455852, 41.2638802 ], [ 69.2454883, 41.2636078 ], [ 69.2454579, 41.2635094 ], [ 69.2454056, 41.2634744 ], [ 69.2451219, 41.2636367 ], [ 69.2449343, 41.2637071 ], [ 69.2447837, 41.2637603 ], [ 69.2446416, 41.2637937 ], [ 69.244469, 41.2638219 ], [ 69.2443098, 41.2638452 ], [ 69.2436854, 41.2638265 ], [ 69.243484, 41.2638028 ], [ 69.2423449, 41.2635986 ], [ 69.2420498, 41.2635212 ], [ 69.2418246, 41.2634628 ], [ 69.2415629, 41.2640192 ], [ 69.2443057, 41.2645235 ] ] ] } },
{ "type": "Feature", "properties": { "osm_id": "r10383679", "kind": "industrial" }, "geometry": { "type": "Polygon", "coordinates": [ [ [ 69.269802, 41.3951022 ], [ 69.2698537, 41.39574 ], [ 69.2700048, 41.395736 ], [ 69.2704655, 41.3957131 ], [ 69.2710653, 41.3956681 ], [ 69.2711377, 41.3954966 ], [ 69.2711525, 41.3953235 ], [ 69.2711002, 41.3951515 ], [ 69.2709937, 41.3951517 ], [ 69.2709475, 41.3951551 ], [ 69.2709137, 41.394901 ], [ 69.2708703, 41.3949042 ], [ 69.2708467, 41.3948089 ], [ 69.2706921, 41.3948222 ], [ 69.2700173, 41.3948803 ], [ 69.2697882, 41.3948887 ], [ 69.269802, 41.3951022 ] ] ] } },
{ "type": "Feature", "properties": { "osm_id": "r10751499", "kind": "industrial" }, "geometry": { "type": "Polygon", "coordinates": [ [ [ 69.1488241, 41.2078281 ], [ 69.149061, 41.2079805 ], [ 69.1497946, 41.2073347 ], [ 69.1492669, 41.2069954 ], [ 69.1489416, 41.2068181 ], [ 69.1482174, 41.2074134 ], [ 69.1481945, 41.2075037 ], [ 69.1481694, 41.2076024 ], [ 69.1481531, 41.2076667 ], [ 69.1486479, 41.2079815 ], [ 69.1488241, 41.2078281 ] ] ] } },
{ "type": "Feature", "properties": { "osm_id": "r11186796", "kind": "industrial" }, "geometry": { "type": "Polygon", "coordinates": [ [ [ 69.3149094, 41.234869 ], [ 69.3148791, 41.2348923 ], [ 69.3150923, 41.2350709 ], [ 69.3154751, 41.2353842 ], [ 69.3155259, 41.2353495 ], [ 69.315668, 41.2354653 ], [ 69.3171926, 41.2342824 ], [ 69.3172368, 41.2340736 ], [ 69.3165582, 41.2336833 ], [ 69.3162923, 41.2339673 ], [ 69.3161698, 41.2339157 ], [ 69.3161648, 41.2339214 ], [ 69.3160194, 41.2341191 ], [ 69.3159899, 41.2341591 ], [ 69.3159087, 41.2340996 ], [ 69.3152627, 41.234597 ], [ 69.3149309, 41.2348524 ], [ 69.3149094, 41.234869 ] ] ] } },
{ "type": "Feature", "properties": { "osm_id": "r11552836", "kind": "military" }, "geometry": { "type": "Polygon", "coordinates": [ [ [ 69.3265585, 41.3411736 ], [ 69.3283601, 41.3414124 ], [ 69.3293261, 41.3415255 ], [ 69.3293887, 41.3412414 ], [ 69.3315609, 41.3412743 ], [ 69.331942, 41.3408425 ], [ 69.3319709, 41.3407931 ], [ 69.3320314, 41.3405887 ], [ 69.332283, 41.3392672 ], [ 69.3325313, 41.3381883 ], [ 69.3325657, 41.3380242 ], [ 69.3325714, 41.3379811 ], [ 69.3313942, 41.3378749 ], [ 69.3313365, 41.3381024 ], [ 69.330202, 41.3379552 ], [ 69.3302194, 41.3378844 ], [ 69.3300561, 41.3378645 ], [ 69.3299927, 41.3378543 ], [ 69.3299801, 41.3379189 ], [ 69.3289447, 41.3377852 ], [ 69.3289884, 41.3375779 ], [ 69.3272951, 41.3373324 ], [ 69.3272284, 41.3377311 ], [ 69.3272179, 41.3377809 ], [ 69.3272072, 41.337832 ], [ 69.3268836, 41.3393223 ], [ 69.3268642, 41.3394172 ], [ 69.3265585, 41.3411736 ] ] ] } },
{ "type": "Feature", "properties": { "osm_id": "r11760756", "kind": "industrial" }, "geometry": { "type": "Polygon", "coordinates": [ [ [ 69.1207892, 41.1962111 ], [ 69.1195366, 41.1974382 ], [ 69.1196146, 41.1974584 ], [ 69.1231388, 41.1983726 ], [ 69.1232434, 41.1981324 ], [ 69.1234446, 41.1981909 ], [ 69.1236296, 41.1976198 ], [ 69.1215429, 41.1971536 ], [ 69.1215732, 41.197109 ], [ 69.1215986, 41.1970718 ], [ 69.1217273, 41.1968326 ], [ 69.1218835, 41.1965602 ], [ 69.120863, 41.1962346 ], [ 69.1207892, 41.1962111 ] ] ] } },
{ "type": "Feature", "properties": { "osm_id": "r11771118", "kind": "industrial" }, "geometry": { "type": "Polygon", "coordinates": [ [ [ 69.2946593, 41.2519289 ], [ 69.2946607, 41.2522505 ], [ 69.2947921, 41.25225 ], [ 69.294855, 41.2522167 ], [ 69.2957224, 41.2522249 ], [ 69.2957872, 41.2522642 ], [ 69.2958646, 41.2522652 ], [ 69.2968078, 41.2522773 ], [ 69.2968065, 41.2522359 ], [ 69.296793, 41.2513497 ], [ 69.2967904, 41.2511883 ], [ 69.296785, 41.2506398 ], [ 69.2964172, 41.2506419 ], [ 69.2962874, 41.2506217 ], [ 69.2956511, 41.2506257 ], [ 69.2956512, 41.2506351 ], [ 69.2956496, 41.2508408 ], [ 69.2958222, 41.2508416 ], [ 69.2958219, 41.250892 ], [ 69.2958261, 41.2514061 ], [ 69.2958342, 41.2519274 ], [ 69.2957204, 41.2519238 ], [ 69.2946593, 41.2519289 ] ] ] } },
{ "type": "Feature", "properties": { "osm_id": "r11771119", "kind": "industrial" }, "geometry": { "type": "Polygon", "coordinates": [ [ [ 69.296793, 41.2513497 ], [ 69.2968065, 41.2522359 ], [ 69.2969849, 41.252239 ], [ 69.2970398, 41.25224 ], [ 69.2970425, 41.2521099 ], [ 69.2973432, 41.2521066 ], [ 69.2973284, 41.2513464 ], [ 69.2970277, 41.2513497 ], [ 69.296793, 41.2513497 ] ] ] } },
{ "type": "Feature", "properties": { "osm_id": "r11771123", "kind": "industrial" }, "geometry": { "type": "Polygon", "coordinates": [ [ [ 69.2944354, 41.2506307 ], [ 69.2945132, 41.252251 ], [ 69.2945521, 41.2522509 ], [ 69.2945793, 41.2522509 ], [ 69.2946514, 41.252251 ], [ 69.2946607, 41.2522505 ], [ 69.2946593, 41.2519289 ], [ 69.2957204, 41.2519238 ], [ 69.2958342, 41.2519274 ], [ 69.2958261, 41.2514061 ], [ 69.2957266, 41.2514068 ], [ 69.294967, 41.2514005 ], [ 69.2949783, 41.2506209 ], [ 69.2944354, 41.2506307 ] ] ] } },
{ "type": "Feature", "properties": { "osm_id": "r11771125", "kind": "industrial" }, "geometry": { "type": "Polygon", "coordinates": [ [ [ 69.2949783, 41.2506209 ], [ 69.294967, 41.2514005 ], [ 69.2957266, 41.2514068 ], [ 69.2958261, 41.2514061 ], [ 69.2958219, 41.250892 ], [ 69.2958222, 41.2508416 ], [ 69.2956496, 41.2508408 ], [ 69.2956512, 41.2506351 ], [ 69.2956511, 41.2506257 ], [ 69.2954607, 41.2506252 ], [ 69.2953728, 41.2506243 ], [ 69.2952952, 41.2506235 ], [ 69.2949783, 41.2506209 ] ] ] } },
{ "type": "Feature", "properties": { "osm_id": "r11771128", "kind": "industrial" }, "geometry": { "type": "Polygon", "coordinates": [ [ [ 69.2929119, 41.2521684 ], [ 69.2929159, 41.2522591 ], [ 69.2930273, 41.2522567 ], [ 69.293293, 41.2522519 ], [ 69.2944429, 41.2522487 ], [ 69.2945132, 41.252251 ], [ 69.2944354, 41.2506307 ], [ 69.2941605, 41.2506439 ], [ 69.2940103, 41.2507185 ], [ 69.292928, 41.2514233 ], [ 69.2929119, 41.2521684 ] ] ] } },
{ "type": "Feature", "properties": { "osm_id": "r12031236", "kind": "industrial" }, "geometry": { "type": "Polygon", "coordinates": [ [ [ 69.3134532, 41.2222289 ], [ 69.313298, 41.2224854 ], [ 69.3143626, 41.2229173 ], [ 69.3159387, 41.2235567 ], [ 69.3167688, 41.2223765 ], [ 69.3142352, 41.2213604 ], [ 69.3141242, 41.2213143 ], [ 69.3134532, 41.2222289 ] ] ] } },
{ "type": "Feature", "properties": { "osm_id": "r12190389", "kind": "industrial" }, "geometry": { "type": "Polygon", "coordinates": [ [ [ 69.3084715, 41.2669822 ], [ 69.3083507, 41.2669408 ], [ 69.3080905, 41.2673692 ], [ 69.3085036, 41.2674992 ], [ 69.309323, 41.2677617 ], [ 69.3097482, 41.2679051 ], [ 69.3099558, 41.2675573 ], [ 69.3100076, 41.2674579 ], [ 69.3090519, 41.2671619 ], [ 69.3084715, 41.2669822 ] ] ] } },
{ "type": "Feature", "properties": { "osm_id": "r12356510", "kind": "industrial" }, "geometry": { "type": "Polygon", "coordinates": [ [ [ 69.3984568, 41.3473605 ], [ 69.3980169, 41.3479444 ], [ 69.398092, 41.3479766 ], [ 69.3967724, 41.3497566 ], [ 69.3965685, 41.3501754 ], [ 69.3969575, 41.3501896 ], [ 69.3972257, 41.3501553 ], [ 69.397451, 41.350113 ], [ 69.3981564, 41.3499157 ], [ 69.3985185, 41.3497687 ], [ 69.3995873, 41.3488431 ], [ 69.400021, 41.3490712 ], [ 69.399877, 41.3492593 ], [ 69.4001603, 41.3493784 ], [ 69.4010555, 41.348196 ], [ 69.4011216, 41.3482292 ], [ 69.4012806, 41.3479817 ], [ 69.4018636, 41.3476398 ], [ 69.4025468, 41.3469244 ], [ 69.4034593, 41.3458338 ], [ 69.4027666, 41.3455277 ], [ 69.4038591, 41.344212 ], [ 69.4052314, 41.3448988 ], [ 69.4054284, 41.344689 ], [ 69.4056587, 41.3444538 ], [ 69.4068949, 41.3450015 ], [ 69.4076439, 41.3440195 ], [ 69.4065903, 41.3434494 ], [ 69.404916, 41.3427956 ], [ 69.4026419, 41.3419522 ], [ 69.4012829, 41.3414417 ], [ 69.4009888, 41.3418632 ], [ 69.4022441, 41.3423868 ], [ 69.4015682, 41.3433332 ], [ 69.4010078, 41.3430661 ], [ 69.4007188, 41.3429377 ], [ 69.4005319, 41.3431749 ], [ 69.4002807, 41.3430835 ], [ 69.4001144, 41.3432809 ], [ 69.3999858, 41.3432244 ], [ 69.3978345, 41.3460195 ], [ 69.3990254, 41.3465108 ], [ 69.399063, 41.3466115 ], [ 69.3984568, 41.3473605 ] ] ] } },
{ "type": "Feature", "properties": { "osm_id": "r12356511", "kind": "industrial" }, "geometry": { "type": "Polygon", "coordinates": [ [ [ 69.3891051, 41.3524199 ], [ 69.3886882, 41.3522597 ], [ 69.3885354, 41.3524768 ], [ 69.3890512, 41.3526797 ], [ 69.38912, 41.3527104 ], [ 69.3892086, 41.3525897 ], [ 69.3899247, 41.3528806 ], [ 69.3894948, 41.3534588 ], [ 69.3893761, 41.3536006 ], [ 69.3896887, 41.3537351 ], [ 69.390369, 41.3540241 ], [ 69.3906815, 41.3541565 ], [ 69.390745, 41.3541838 ], [ 69.3908276, 41.3542263 ], [ 69.3923907, 41.354889 ], [ 69.3924886, 41.3549304 ], [ 69.3924134, 41.3550303 ], [ 69.392387, 41.3550661 ], [ 69.3947335, 41.3560093 ], [ 69.3949476, 41.3556726 ], [ 69.3949136, 41.3555261 ], [ 69.3944818, 41.3552211 ], [ 69.3943369, 41.3548507 ], [ 69.3935859, 41.3545124 ], [ 69.3938595, 41.3541621 ], [ 69.3934572, 41.354005 ], [ 69.3944067, 41.3527648 ], [ 69.3946534, 41.3528373 ], [ 69.395045, 41.3530708 ], [ 69.3954742, 41.3529742 ], [ 69.3954742, 41.3532319 ], [ 69.3955386, 41.3534051 ], [ 69.3958604, 41.3536467 ], [ 69.3959731, 41.3537876 ], [ 69.3952221, 41.3548305 ], [ 69.3949002, 41.3549715 ], [ 69.3950343, 41.3556721 ], [ 69.394986, 41.3558895 ], [ 69.3948895, 41.3560426 ], [ 69.3951416, 41.3561432 ], [ 69.3952301, 41.3561354 ], [ 69.3954363, 41.3561022 ], [ 69.3953702, 41.3551739 ], [ 69.3963828, 41.3537727 ], [ 69.3964314, 41.3537197 ], [ 69.3968998, 41.3538796 ], [ 69.397485, 41.3530574 ], [ 69.3973705, 41.3530124 ], [ 69.4001603, 41.3493784 ], [ 69.399877, 41.3492593 ], [ 69.400021, 41.3490712 ], [ 69.3995873, 41.3488431 ], [ 69.3985185, 41.3497687 ], [ 69.3981564, 41.3499157 ], [ 69.397451, 41.350113 ], [ 69.3972257, 41.3501553 ], [ 69.3969575, 41.3501896 ], [ 69.3965685, 41.3501754 ], [ 69.3967724, 41.3497566 ], [ 69.398092, 41.3479766 ], [ 69.3980169, 41.3479444 ], [ 69.3984568, 41.3473605 ], [ 69.3950182, 41.3459187 ], [ 69.3948251, 41.3462007 ], [ 69.3947446, 41.3461564 ], [ 69.3940419, 41.3470826 ], [ 69.3935752, 41.3468893 ], [ 69.3927544, 41.3479726 ], [ 69.3916601, 41.3475095 ], [ 69.3894627, 41.3503359 ], [ 69.3925345, 41.3516332 ], [ 69.3915359, 41.3529666 ], [ 69.3909882, 41.35273 ], [ 69.3911137, 41.3525663 ], [ 69.3900646, 41.3521122 ], [ 69.3896538, 41.35265 ], [ 69.3891051, 41.3524199 ] ] ] } },
{ "type": "Feature", "properties": { "osm_id": "r12692737", "kind": "military" }, "geometry": { "type": "Polygon", "coordinates": [ [ [ 69.3690969, 41.3488613 ], [ 69.3691537, 41.3488385 ], [ 69.3692341, 41.3489452 ], [ 69.3701166, 41.3486573 ], [ 69.3702335, 41.348656 ], [ 69.3707067, 41.3486593 ], [ 69.3706959, 41.3482727 ], [ 69.3711868, 41.3482707 ], [ 69.3718412, 41.3481861 ], [ 69.3719754, 41.3481337 ], [ 69.3729973, 41.3481076 ], [ 69.3729866, 41.3478961 ], [ 69.3725601, 41.3477028 ], [ 69.372552, 41.3475921 ], [ 69.3721846, 41.3473766 ], [ 69.3708583, 41.3461675 ], [ 69.3704894, 41.3458529 ], [ 69.369645, 41.3463156 ], [ 69.3693734, 41.3467565 ], [ 69.369138, 41.3474824 ], [ 69.3689535, 41.3481384 ], [ 69.3688487, 41.3484631 ], [ 69.368807, 41.3486985 ], [ 69.3690969, 41.3488613 ] ] ] } },
{ "type": "Feature", "properties": { "osm_id": "r12743109", "kind": "industrial" }, "geometry": { "type": "Polygon", "coordinates": [ [ [ 69.230635, 41.3108149 ], [ 69.2311349, 41.3108904 ], [ 69.2311364, 41.3107682 ], [ 69.2311382, 41.3106422 ], [ 69.2309739, 41.3106419 ], [ 69.2303907, 41.3106365 ], [ 69.2302732, 41.310638 ], [ 69.2297269, 41.3106243 ], [ 69.2296836, 41.3107711 ], [ 69.2295581, 41.3108239 ], [ 69.2296085, 41.3109141 ], [ 69.2297377, 41.3108622 ], [ 69.2302715, 41.3109962 ], [ 69.2304284, 41.3110212 ], [ 69.2305238, 41.3110415 ], [ 69.230635, 41.3108149 ] ] ] } },
{ "type": "Feature", "properties": { "osm_id": "r13007899", "kind": "industrial" }, "geometry": { "type": "Polygon", "coordinates": [ [ [ 69.1966909, 41.2465434 ], [ 69.1968832, 41.2465286 ], [ 69.1972133, 41.2462324 ], [ 69.1973078, 41.2462669 ], [ 69.1976371, 41.2459397 ], [ 69.1985057, 41.245057 ], [ 69.1969144, 41.2441989 ], [ 69.1967688, 41.2439214 ], [ 69.1964954, 41.2440663 ], [ 69.196179, 41.2442674 ], [ 69.1955982, 41.2449198 ], [ 69.1954246, 41.245177 ], [ 69.1953088, 41.2456719 ], [ 69.1953381, 41.2458825 ], [ 69.195686, 41.245931 ], [ 69.1958214, 41.2460097 ], [ 69.1957836, 41.246043 ], [ 69.1963718, 41.2464106 ], [ 69.1964578, 41.2464062 ], [ 69.1966909, 41.2465434 ] ] ] } },
{ "type": "Feature", "properties": { "osm_id": "r13072647", "kind": "industrial" }, "geometry": { "type": "Polygon", "coordinates": [ [ [ 69.1266797, 41.1799202 ], [ 69.1264045, 41.1801378 ], [ 69.1252046, 41.1810719 ], [ 69.1252459, 41.1825453 ], [ 69.1293129, 41.1855957 ], [ 69.1317552, 41.1837369 ], [ 69.1266797, 41.1799202 ] ] ] } },
{ "type": "Feature", "properties": { "osm_id": "r13770743", "kind": "industrial" }, "geometry": { "type": "Polygon", "coordinates": [ [ [ 69.2992737, 41.2555197 ], [ 69.2996885, 41.2556932 ], [ 69.2997659, 41.255544 ], [ 69.299803, 41.2554724 ], [ 69.2998132, 41.2554528 ], [ 69.3000414, 41.2551253 ], [ 69.2998119, 41.2550333 ], [ 69.2997031, 41.2549871 ], [ 69.2994283, 41.2553055 ], [ 69.2993046, 41.2554768 ], [ 69.2992737, 41.2555197 ] ] ] } },
{ "type": "Feature", "properties": { "osm_id": "r13770746", "kind": "industrial" }, "geometry": { "type": "Polygon", "coordinates": [ [ [ 69.2975006, 41.2563707 ], [ 69.2974515, 41.2566409 ], [ 69.298562, 41.2567548 ], [ 69.2987582, 41.2564959 ], [ 69.2987636, 41.2564845 ], [ 69.2988342, 41.2563354 ], [ 69.2987028, 41.2562769 ], [ 69.2989737, 41.2558857 ], [ 69.2991775, 41.2556226 ], [ 69.2990582, 41.2555612 ], [ 69.2987748, 41.2554435 ], [ 69.298563, 41.2553556 ], [ 69.2983487, 41.2552717 ], [ 69.2981831, 41.2554187 ], [ 69.2975006, 41.2563707 ] ] ] } },
{ "type": "Feature", "properties": { "osm_id": "r13773083", "kind": "industrial" }, "geometry": { "type": "Polygon", "coordinates": [ [ [ 69.3026239, 41.2548594 ], [ 69.3022878, 41.2548576 ], [ 69.302219, 41.2550614 ], [ 69.3021816, 41.2552042 ], [ 69.3025839, 41.255434 ], [ 69.3031526, 41.2552243 ], [ 69.3039197, 41.2550207 ], [ 69.3043247, 41.2549783 ], [ 69.304896, 41.2549622 ], [ 69.3051267, 41.2549985 ], [ 69.3056644, 41.2551588 ], [ 69.3069559, 41.2556488 ], [ 69.3074172, 41.2549823 ], [ 69.3060963, 41.2544813 ], [ 69.3060594, 41.2545019 ], [ 69.3051623, 41.2544914 ], [ 69.3051622, 41.2545344 ], [ 69.3051618, 41.2546638 ], [ 69.3051566, 41.254846 ], [ 69.3026239, 41.2548594 ] ] ] } },
{ "type": "Feature", "properties": { "osm_id": "r13773084", "kind": "industrial" }, "geometry": { "type": "Polygon", "coordinates": [ [ [ 69.3026239, 41.2548594 ], [ 69.3051566, 41.254846 ], [ 69.3051618, 41.2546638 ], [ 69.3051622, 41.2545344 ], [ 69.3051623, 41.2544914 ], [ 69.3051652, 41.2534912 ], [ 69.3051672, 41.2528241 ], [ 69.3041189, 41.2528275 ], [ 69.3033593, 41.25283 ], [ 69.3033419, 41.2531613 ], [ 69.3026036, 41.2531631 ], [ 69.3026039, 41.2533226 ], [ 69.3025969, 41.2535636 ], [ 69.3026038, 41.2545588 ], [ 69.3026269, 41.2546746 ], [ 69.3026239, 41.2548594 ] ] ] } },
{ "type": "Feature", "properties": { "osm_id": "r14341642", "kind": "industrial" }, "geometry": { "type": "Polygon", "coordinates": [ [ [ 69.3891051, 41.3524199 ], [ 69.3896538, 41.35265 ], [ 69.3900646, 41.3521122 ], [ 69.3911137, 41.3525663 ], [ 69.3909882, 41.35273 ], [ 69.3915359, 41.3529666 ], [ 69.3925345, 41.3516332 ], [ 69.3894627, 41.3503359 ], [ 69.3893862, 41.3504345 ], [ 69.389043, 41.3508765 ], [ 69.3895411, 41.3510815 ], [ 69.3893802, 41.3513231 ], [ 69.3896645, 41.3514278 ], [ 69.3893184, 41.3519249 ], [ 69.3894204, 41.3519654 ], [ 69.3891051, 41.3524199 ] ] ] } },
{ "type": "Feature", "properties": { "osm_id": "r14345545", "kind": "industrial" }, "geometry": { "type": "Polygon", "coordinates": [ [ [ 69.3933043, 41.3452563 ], [ 69.3939158, 41.3457477 ], [ 69.3947446, 41.3461564 ], [ 69.3948251, 41.3462007 ], [ 69.3950182, 41.3459187 ], [ 69.3984568, 41.3473605 ], [ 69.399063, 41.3466115 ], [ 69.3990254, 41.3465108 ], [ 69.3978345, 41.3460195 ], [ 69.3999858, 41.3432244 ], [ 69.3974376, 41.3420968 ], [ 69.3975019, 41.3419921 ], [ 69.3974322, 41.3419639 ], [ 69.3971607, 41.3415149 ], [ 69.3962576, 41.3411417 ], [ 69.3960089, 41.3414715 ], [ 69.3971275, 41.3419476 ], [ 69.3972969, 41.3420149 ], [ 69.3964788, 41.3430903 ], [ 69.3963203, 41.3429988 ], [ 69.3957481, 41.3438098 ], [ 69.3948713, 41.3430563 ], [ 69.394817, 41.3431317 ], [ 69.3937272, 41.3446429 ], [ 69.3934852, 41.344994 ], [ 69.3933043, 41.3452563 ] ] ] } },
{ "type": "Feature", "properties": { "osm_id": "r14345546", "kind": "industrial" }, "geometry": { "type": "Polygon", "coordinates": [ [ [ 69.3948713, 41.3430563 ], [ 69.3957481, 41.3438098 ], [ 69.3963203, 41.3429988 ], [ 69.3962654, 41.3429265 ], [ 69.3963164, 41.3428802 ], [ 69.3956727, 41.3422398 ], [ 69.3955134, 41.3421597 ], [ 69.3954948, 41.3421916 ], [ 69.3948713, 41.3430563 ] ] ] } },
{ "type": "Feature", "properties": { "osm_id": "r14345547", "kind": "industrial" }, "geometry": { "type": "Polygon", "coordinates": [ [ [ 69.3955134, 41.3421597 ], [ 69.3956727, 41.3422398 ], [ 69.3963164, 41.3428802 ], [ 69.3962654, 41.3429265 ], [ 69.3963203, 41.3429988 ], [ 69.3964788, 41.3430903 ], [ 69.3972969, 41.3420149 ], [ 69.3971275, 41.3419476 ], [ 69.3960089, 41.3414715 ], [ 69.3956443, 41.341984 ], [ 69.3955134, 41.3421597 ] ] ] } },
{ "type": "Feature", "properties": { "osm_id": "r14345548", "kind": "industrial" }, "geometry": { "type": "Polygon", "coordinates": [ [ [ 69.3971607, 41.3415149 ], [ 69.3974322, 41.3419639 ], [ 69.3975019, 41.3419921 ], [ 69.3974376, 41.3420968 ], [ 69.3999858, 41.3432244 ], [ 69.4001144, 41.3432809 ], [ 69.4002807, 41.3430835 ], [ 69.4005319, 41.3431749 ], [ 69.4007188, 41.3429377 ], [ 69.4010078, 41.3430661 ], [ 69.4015682, 41.3433332 ], [ 69.4022441, 41.3423868 ], [ 69.4009888, 41.3418632 ], [ 69.4012829, 41.3414417 ], [ 69.3984596, 41.3404661 ], [ 69.3981905, 41.3408403 ], [ 69.3977338, 41.341458 ], [ 69.3976436, 41.3414173 ], [ 69.3974924, 41.3416134 ], [ 69.397187, 41.3414807 ], [ 69.3971607, 41.3415149 ] ] ] } },
{ "type": "Feature", "properties": { "osm_id": "r14345549", "kind": "industrial" }, "geometry": { "type": "Polygon", "coordinates": [ [ [ 69.3916601, 41.3475095 ], [ 69.3927544, 41.3479726 ], [ 69.3935752, 41.3468893 ], [ 69.3940419, 41.3470826 ], [ 69.3947446, 41.3461564 ], [ 69.3939158, 41.3457477 ], [ 69.3933043, 41.3452563 ], [ 69.3916601, 41.3475095 ] ] ] } },
{ "type": "Feature", "properties": { "osm_id": "r14370788", "kind": "industrial" }, "geometry": { "type": "Polygon", "coordinates": [ [ [ 69.5671586, 41.4229418 ], [ 69.566996, 41.4227538 ], [ 69.56696, 41.4221339 ], [ 69.5672234, 41.421587 ], [ 69.5669663, 41.4212579 ], [ 69.5668295, 41.4208143 ], [ 69.5666534, 41.4206515 ], [ 69.5665437, 41.4207291 ], [ 69.5656032, 41.4199327 ], [ 69.5657208, 41.4198752 ], [ 69.5656601, 41.4198168 ], [ 69.5642105, 41.4207651 ], [ 69.5668603, 41.4231324 ], [ 69.5671586, 41.4229418 ] ] ] } },
{ "type": "Feature", "properties": { "osm_id": "r16003336", "kind": "industrial" }, "geometry": { "type": "Polygon", "coordinates": [ [ [ 69.2579908, 41.1707762 ], [ 69.2579957, 41.170838 ], [ 69.2584905, 41.1708167 ], [ 69.2590825, 41.1707721 ], [ 69.2588907, 41.1698777 ], [ 69.2586842, 41.1694173 ], [ 69.2587457, 41.1693857 ], [ 69.2588264, 41.1693507 ], [ 69.2584026, 41.1673478 ], [ 69.2582443, 41.1661423 ], [ 69.2579372, 41.1661575 ], [ 69.2569381, 41.1662332 ], [ 69.2575711, 41.1692639 ], [ 69.2578299, 41.1707418 ], [ 69.2579134, 41.17076 ], [ 69.2579908, 41.1707762 ] ] ] } },
{ "type": "Feature", "properties": { "osm_id": "r16237648", "kind": "industrial" }, "geometry": { "type": "Polygon", "coordinates": [ [ [ 69.0746462, 41.1495658 ], [ 69.076232, 41.1515084 ], [ 69.0802354, 41.1495391 ], [ 69.0792043, 41.1483046 ], [ 69.0786517, 41.1476253 ], [ 69.077658, 41.1481067 ], [ 69.0777069, 41.1481621 ], [ 69.0772392, 41.1483762 ], [ 69.0770626, 41.1484618 ], [ 69.0770471, 41.1484437 ], [ 69.0768707, 41.1485291 ], [ 69.0768862, 41.1485473 ], [ 69.0767017, 41.1486366 ], [ 69.0761669, 41.1489074 ], [ 69.0761177, 41.148852 ], [ 69.0746462, 41.1495658 ] ] ] } },
{ "type": "Feature", "properties": { "osm_id": "r16237649", "kind": "industrial" }, "geometry": { "type": "Polygon", "coordinates": [ [ [ 69.0720695, 41.1494643 ], [ 69.0719596, 41.149518 ], [ 69.0723057, 41.1499199 ], [ 69.0723475, 41.1499695 ], [ 69.0724019, 41.1500334 ], [ 69.0726677, 41.1503454 ], [ 69.0735765, 41.1499117 ], [ 69.0735305, 41.149859 ], [ 69.0729015, 41.1491327 ], [ 69.0728632, 41.1490859 ], [ 69.0720695, 41.1494643 ] ] ] } },
{ "type": "Feature", "properties": { "osm_id": "r16237665", "kind": "industrial" }, "geometry": { "type": "Polygon", "coordinates": [ [ [ 69.0728632, 41.1490859 ], [ 69.0729015, 41.1491327 ], [ 69.0735305, 41.149859 ], [ 69.0735765, 41.1499117 ], [ 69.0736164, 41.149892 ], [ 69.0744916, 41.1494638 ], [ 69.0737714, 41.1486357 ], [ 69.0729064, 41.1490659 ], [ 69.0728632, 41.1490859 ] ] ] } },
{ "type": "Feature", "properties": { "osm_id": "r16836593", "kind": "industrial" }, "geometry": { "type": "Polygon", "coordinates": [ [ [ 69.5869839, 41.4303311 ], [ 69.587091, 41.4305088 ], [ 69.587149, 41.430551 ], [ 69.5872412, 41.4305932 ], [ 69.5876757, 41.4306777 ], [ 69.58808, 41.4307828 ], [ 69.5884475, 41.4309035 ], [ 69.5887158, 41.4310615 ], [ 69.5889436, 41.4312241 ], [ 69.5890362, 41.4311574 ], [ 69.5890634, 41.4311338 ], [ 69.589114, 41.43109 ], [ 69.5892425, 41.4309786 ], [ 69.587937, 41.4298608 ], [ 69.5878254, 41.4297824 ], [ 69.5877052, 41.4297201 ], [ 69.5875423, 41.4296576 ], [ 69.5874549, 41.4296298 ], [ 69.5873665, 41.4296052 ], [ 69.587297, 41.4295897 ], [ 69.5872262, 41.4295766 ], [ 69.5868783, 41.4295212 ], [ 69.586031, 41.4296064 ], [ 69.5863768, 41.4303665 ], [ 69.5864003, 41.4303918 ], [ 69.586417, 41.4304027 ], [ 69.5865493, 41.4304043 ], [ 69.5869839, 41.4303311 ] ] ] } },
{ "type": "Feature", "properties": { "osm_id": "r16898283", "kind": "industrial" }, "geometry": { "type": "Polygon", "coordinates": [ [ [ 69.2491704, 41.3574096 ], [ 69.2483946, 41.357534 ], [ 69.2491482, 41.3613526 ], [ 69.2492306, 41.3618562 ], [ 69.2493129, 41.361934 ], [ 69.2494926, 41.3619888 ], [ 69.2497181, 41.36203 ], [ 69.2512564, 41.3620904 ], [ 69.2544786, 41.3622232 ], [ 69.2549818, 41.3623215 ], [ 69.2551535, 41.362414 ], [ 69.2552829, 41.3627599 ], [ 69.2554446, 41.3629025 ], [ 69.2555861, 41.3630451 ], [ 69.2563178, 41.3636398 ], [ 69.2565037, 41.363928 ], [ 69.2565927, 41.364195 ], [ 69.2566776, 41.3647107 ], [ 69.2565929, 41.3651647 ], [ 69.2565373, 41.3652766 ], [ 69.2555718, 41.3659094 ], [ 69.2558644, 41.3661756 ], [ 69.2580156, 41.3647077 ], [ 69.2587509, 41.3642049 ], [ 69.2591986, 41.3638773 ], [ 69.2599762, 41.3633286 ], [ 69.2606048, 41.3628254 ], [ 69.2609471, 41.3629671 ], [ 69.261117, 41.3627674 ], [ 69.261199, 41.3627952 ], [ 69.2639634, 41.3604196 ], [ 69.2630015, 41.360123 ], [ 69.2608105, 41.3593068 ], [ 69.2597352, 41.3588456 ], [ 69.2588139, 41.3584119 ], [ 69.2574937, 41.3576516 ], [ 69.2547522, 41.3557324 ], [ 69.2545054, 41.3558861 ], [ 69.2537498, 41.3554332 ], [ 69.2535881, 41.3560643 ], [ 69.2531555, 41.3562221 ], [ 69.2527674, 41.3555546 ], [ 69.2519468, 41.3557336 ], [ 69.2517407, 41.3558186 ], [ 69.2512392, 41.3559091 ], [ 69.2513447, 41.3566182 ], [ 69.249635, 41.3568938 ], [ 69.2496008, 41.3571454 ], [ 69.2491704, 41.3574096 ] ] ] } },
{ "type": "Feature", "properties": { "osm_id": "r17017271", "kind": "industrial" }, "geometry": { "type": "Polygon", "coordinates": [ [ [ 69.190304, 41.3390817 ], [ 69.1901013, 41.3405554 ], [ 69.1903334, 41.3405828 ], [ 69.191347, 41.3406777 ], [ 69.1914767, 41.3401848 ], [ 69.191609, 41.3392048 ], [ 69.1913782, 41.3391928 ], [ 69.1908361, 41.3391545 ], [ 69.190304, 41.3390817 ] ] ] } },
{ "type": "Feature", "properties": { "osm_id": "r17947326", "kind": "industrial" }, "geometry": { "type": "Polygon", "coordinates": [ [ [ 69.1595429, 41.2179169 ], [ 69.1596609, 41.2179959 ], [ 69.1599725, 41.2181993 ], [ 69.1600793, 41.2181118 ], [ 69.1601282, 41.2180717 ], [ 69.1602228, 41.2179943 ], [ 69.1602527, 41.2179687 ], [ 69.1603609, 41.2178773 ], [ 69.1598494, 41.2175187 ], [ 69.1596509, 41.2173834 ], [ 69.1592494, 41.2177169 ], [ 69.1595429, 41.2179169 ] ] ] } },
{ "type": "Feature", "properties": { "osm_id": "r19686848", "kind": "industrial" }, "geometry": { "type": "Polygon", "coordinates": [ [ [ 69.2551637, 41.2600516 ], [ 69.2543394, 41.2608887 ], [ 69.2542647, 41.2610028 ], [ 69.2542274, 41.2610563 ], [ 69.2541917, 41.2611162 ], [ 69.2541675, 41.2611714 ], [ 69.2541519, 41.2612279 ], [ 69.254148, 41.2612869 ], [ 69.254151, 41.2613484 ], [ 69.2541555, 41.2613957 ], [ 69.2541717, 41.2614423 ], [ 69.2541951, 41.2614939 ], [ 69.2542416, 41.2615476 ], [ 69.2542789, 41.261587 ], [ 69.2543273, 41.2616352 ], [ 69.2543797, 41.2616805 ], [ 69.2544907, 41.2617688 ], [ 69.2546175, 41.2618496 ], [ 69.255182, 41.2621696 ], [ 69.2571375, 41.2630566 ], [ 69.2575003, 41.2625584 ], [ 69.2575974, 41.2621669 ], [ 69.2578895, 41.2618541 ], [ 69.2588304, 41.2622875 ], [ 69.2594125, 41.2616292 ], [ 69.2580832, 41.2608157 ], [ 69.2576543, 41.2612232 ], [ 69.257966, 41.2613902 ], [ 69.2574418, 41.2620273 ], [ 69.2569215, 41.261775 ], [ 69.2564154, 41.2615356 ], [ 69.2561796, 41.2614302 ], [ 69.2561459, 41.2614707 ], [ 69.2560058, 41.2614042 ], [ 69.2552834, 41.2610341 ], [ 69.2555888, 41.2608453 ], [ 69.2558498, 41.2608145 ], [ 69.2556336, 41.2605935 ], [ 69.255722, 41.2605217 ], [ 69.2558937, 41.2604184 ], [ 69.2551637, 41.2600516 ] ] ] } },
{ "type": "Feature", "properties": { "osm_id": "r19686851", "kind": "industrial" }, "geometry": { "type": "Polygon", "coordinates": [ [ [ 69.2558498, 41.2608145 ], [ 69.2560322, 41.2607929 ], [ 69.2560753, 41.2607595 ], [ 69.2562962, 41.2608729 ], [ 69.2562998, 41.2608727 ], [ 69.2563399, 41.2608407 ], [ 69.2567959, 41.2610503 ], [ 69.2568197, 41.2610287 ], [ 69.2573387, 41.2613157 ], [ 69.2574575, 41.2611973 ], [ 69.257557, 41.261221 ], [ 69.2576172, 41.2612544 ], [ 69.2576543, 41.2612232 ], [ 69.2580832, 41.2608157 ], [ 69.2594125, 41.2616292 ], [ 69.2588304, 41.2622875 ], [ 69.2578895, 41.2618541 ], [ 69.2575974, 41.2621669 ], [ 69.2575003, 41.2625584 ], [ 69.2571375, 41.2630566 ], [ 69.2570971, 41.2631301 ], [ 69.2571476, 41.2631528 ], [ 69.2575897, 41.262583 ], [ 69.2578704, 41.2627035 ], [ 69.2579658, 41.2625754 ], [ 69.2586963, 41.2628429 ], [ 69.2588532, 41.2628726 ], [ 69.2589219, 41.2628469 ], [ 69.2595231, 41.2630537 ], [ 69.2600496, 41.2626682 ], [ 69.2601054, 41.2626437 ], [ 69.2608818, 41.2623035 ], [ 69.2612911, 41.2620788 ], [ 69.2615046, 41.2619022 ], [ 69.2614014, 41.2599653 ], [ 69.2613305, 41.2599169 ], [ 69.2612626, 41.2599172 ], [ 69.2599559, 41.2605164 ], [ 69.2590812, 41.2602827 ], [ 69.2582514, 41.2600719 ], [ 69.2582292, 41.2600676 ], [ 69.2576326, 41.2599391 ], [ 69.2575828, 41.2598711 ], [ 69.257176, 41.2600258 ], [ 69.2567326, 41.2601615 ], [ 69.2558937, 41.2604184 ], [ 69.255722, 41.2605217 ], [ 69.2556336, 41.2605935 ], [ 69.2558498, 41.2608145 ] ] ] } },
{ "type": "Feature", "properties": { "osm_id": "r19693942", "kind": "industrial" }, "geometry": { "type": "Polygon", "coordinates": [ [ [ 69.2569348, 41.2074611 ], [ 69.2568898, 41.2077302 ], [ 69.2558894, 41.2076576 ], [ 69.2552403, 41.2074406 ], [ 69.2553065, 41.2073301 ], [ 69.2533311, 41.2067994 ], [ 69.2531713, 41.2069498 ], [ 69.2532013, 41.2069686 ], [ 69.2581747, 41.2100129 ], [ 69.2570483, 41.2109798 ], [ 69.2573898, 41.2111015 ], [ 69.2632323, 41.2116318 ], [ 69.2649729, 41.209618 ], [ 69.2635015, 41.209557 ], [ 69.2635557, 41.2092288 ], [ 69.2635802, 41.2090624 ], [ 69.2636013, 41.2088341 ], [ 69.2637444, 41.2088451 ], [ 69.2640556, 41.2084031 ], [ 69.2640759, 41.2083203 ], [ 69.2635994, 41.20815 ], [ 69.2635591, 41.2081863 ], [ 69.2630643, 41.2079154 ], [ 69.2621566, 41.2071993 ], [ 69.2614357, 41.2063987 ], [ 69.261402, 41.2062525 ], [ 69.2613575, 41.2061646 ], [ 69.2611479, 41.2060918 ], [ 69.2602779, 41.206729 ], [ 69.2591166, 41.2058003 ], [ 69.2586976, 41.2060634 ], [ 69.2578938, 41.2060407 ], [ 69.257846, 41.2062622 ], [ 69.2571102, 41.2062145 ], [ 69.2569348, 41.2074611 ] ] ] } },
{ "type": "Feature", "properties": { "osm_id": "r19693943", "kind": "industrial" }, "geometry": { "type": "Polygon", "coordinates": [ [ [ 69.2477296, 41.2012776 ], [ 69.2474394, 41.2013273 ], [ 69.2473902, 41.2016516 ], [ 69.2476587, 41.2017637 ], [ 69.2477126, 41.20176 ], [ 69.2479085, 41.2023163 ], [ 69.2478978, 41.2026923 ], [ 69.2479191, 41.2028196 ], [ 69.2482122, 41.2032148 ], [ 69.2489663, 41.2042503 ], [ 69.2492912, 41.2045642 ], [ 69.2496277, 41.2048063 ], [ 69.2503343, 41.2051893 ], [ 69.251734, 41.2060466 ], [ 69.252516, 41.2064759 ], [ 69.2552244, 41.2072166 ], [ 69.2554387, 41.2071536 ], [ 69.2568557, 41.2043557 ], [ 69.2515883, 41.2028543 ], [ 69.2514315, 41.2031858 ], [ 69.2500421, 41.2029971 ], [ 69.2500247, 41.2030284 ], [ 69.2494078, 41.2029648 ], [ 69.2494091, 41.2029123 ], [ 69.2492872, 41.2028968 ], [ 69.2486887, 41.2026202 ], [ 69.2481103, 41.202111 ], [ 69.2478225, 41.2016631 ], [ 69.2477296, 41.2012776 ] ] ] } },
{ "type": "Feature", "properties": { "osm_id": "r19697931", "kind": "industrial" }, "geometry": { "type": "Polygon", "coordinates": [ [ [ 69.2574343, 41.1822978 ], [ 69.2572975, 41.1824138 ], [ 69.2577046, 41.1828337 ], [ 69.2578601, 41.1829382 ], [ 69.2582671, 41.1826289 ], [ 69.2598161, 41.1838804 ], [ 69.2601299, 41.1841671 ], [ 69.2605484, 41.1845011 ], [ 69.2607415, 41.1846515 ], [ 69.260948, 41.1849039 ], [ 69.2609936, 41.1849039 ], [ 69.2610097, 41.1843548 ], [ 69.2611733, 41.1843427 ], [ 69.2610714, 41.1836281 ], [ 69.2608488, 41.1816781 ], [ 69.2606811, 41.1811633 ], [ 69.2603204, 41.1808655 ], [ 69.2596244, 41.1809362 ], [ 69.2594832, 41.1810408 ], [ 69.2588961, 41.1814096 ], [ 69.2579627, 41.1818961 ], [ 69.2574343, 41.1822978 ] ] ] } },
{ "type": "Feature", "properties": { "osm_id": "r19697932", "kind": "industrial" }, "geometry": { "type": "Polygon", "coordinates": [ [ [ 69.2553638, 41.1783631 ], [ 69.2554473, 41.178408 ], [ 69.2577617, 41.179826 ], [ 69.2580219, 41.1795272 ], [ 69.2589877, 41.1799023 ], [ 69.2589245, 41.179986 ], [ 69.2590974, 41.180138 ], [ 69.2592429, 41.1803081 ], [ 69.2593559, 41.1805219 ], [ 69.2594243, 41.1808067 ], [ 69.2600833, 41.1807319 ], [ 69.2593652, 41.1790433 ], [ 69.2592682, 41.1788573 ], [ 69.2592046, 41.17878 ], [ 69.2591072, 41.178707 ], [ 69.2587614, 41.1785104 ], [ 69.2582452, 41.1782559 ], [ 69.2562218, 41.1773686 ], [ 69.255509, 41.178197 ], [ 69.2553638, 41.1783631 ] ] ] } },
{ "type": "Feature", "properties": { "osm_id": "r19749347", "kind": "industrial" }, "geometry": { "type": "Polygon", "coordinates": [ [ [ 69.3227928, 41.2231338 ], [ 69.322983, 41.223842 ], [ 69.3254191, 41.2226145 ], [ 69.3247227, 41.2218907 ], [ 69.324401, 41.2216179 ], [ 69.324342, 41.2214041 ], [ 69.3241312, 41.2211247 ], [ 69.3235292, 41.2215547 ], [ 69.3232729, 41.2218391 ], [ 69.3227219, 41.2228695 ], [ 69.3227928, 41.2231338 ] ] ] } },
{ "type": "Feature", "properties": { "osm_id": "r19749348", "kind": "industrial" }, "geometry": { "type": "Polygon", "coordinates": [ [ [ 69.322983, 41.223842 ], [ 69.3237256, 41.2245407 ], [ 69.3239824, 41.2245474 ], [ 69.3256657, 41.2234712 ], [ 69.3258639, 41.2236616 ], [ 69.326215, 41.2234604 ], [ 69.3258883, 41.2231552 ], [ 69.3257877, 41.2230059 ], [ 69.3254484, 41.2226625 ], [ 69.3254191, 41.2226145 ], [ 69.322983, 41.223842 ] ] ] } },
{ "type": "Feature", "properties": { "osm_id": "r19765306", "kind": "industrial" }, "geometry": { "type": "Polygon", "coordinates": [ [ [ 69.2340889, 41.1966522 ], [ 69.2336381, 41.1983126 ], [ 69.2331132, 41.1999224 ], [ 69.2324307, 41.2020152 ], [ 69.2326987, 41.2020155 ], [ 69.2342505, 41.2027061 ], [ 69.2340242, 41.2030271 ], [ 69.2343005, 41.203143 ], [ 69.2342175, 41.2032659 ], [ 69.2345613, 41.2033986 ], [ 69.2341847, 41.2039218 ], [ 69.2348376, 41.2042099 ], [ 69.2351827, 41.2043582 ], [ 69.2355263, 41.2044479 ], [ 69.2367456, 41.205143 ], [ 69.2375546, 41.2054665 ], [ 69.237953, 41.2055699 ], [ 69.2387082, 41.2059983 ], [ 69.2392652, 41.2056422 ], [ 69.2394347, 41.2055288 ], [ 69.2405359, 41.2047572 ], [ 69.2416495, 41.2040172 ], [ 69.2418688, 41.203878 ], [ 69.243863, 41.2025299 ], [ 69.2441851, 41.2023222 ], [ 69.2434466, 41.2013655 ], [ 69.2432454, 41.2012989 ], [ 69.2443156, 41.1996642 ], [ 69.2427814, 41.1990648 ], [ 69.2423925, 41.1987681 ], [ 69.241856, 41.1985441 ], [ 69.2402628, 41.197971 ], [ 69.2398149, 41.1975734 ], [ 69.2394045, 41.1973897 ], [ 69.2386374, 41.1971818 ], [ 69.2374384, 41.1969316 ], [ 69.2356065, 41.1965865 ], [ 69.2350969, 41.1966127 ], [ 69.2347214, 41.1967177 ], [ 69.2343472, 41.1966955 ], [ 69.2340889, 41.1966522 ] ] ] } },
{ "type": "Feature", "properties": { "osm_id": "r19777356", "kind": "industrial" }, "geometry": { "type": "Polygon", "coordinates": [ [ [ 69.4316392, 41.3020191 ], [ 69.4321775, 41.3029687 ], [ 69.4322061, 41.3030249 ], [ 69.4330412, 41.3026598 ], [ 69.4330493, 41.3026702 ], [ 69.4331604, 41.3026065 ], [ 69.4334033, 41.3024683 ], [ 69.4333646, 41.3024283 ], [ 69.4333005, 41.3022647 ], [ 69.43327, 41.3022718 ], [ 69.4330437, 41.3023246 ], [ 69.4328505, 41.3023697 ], [ 69.4328561, 41.3023817 ], [ 69.4327381, 41.3024069 ], [ 69.4324886, 41.3024432 ], [ 69.4323251, 41.3018578 ], [ 69.4319346, 41.3019497 ], [ 69.4316392, 41.3020191 ] ] ] } },
{ "type": "Feature", "properties": { "osm_id": "r19777359", "kind": "industrial" }, "geometry": { "type": "Polygon", "coordinates": [ [ [ 69.4313649, 41.3015939 ], [ 69.4314959, 41.3017969 ], [ 69.4316392, 41.3020191 ], [ 69.4319346, 41.3019497 ], [ 69.4323251, 41.3018578 ], [ 69.4323521, 41.3018345 ], [ 69.4320421, 41.3010486 ], [ 69.4321453, 41.3009803 ], [ 69.432781, 41.300812 ], [ 69.4327433, 41.3007572 ], [ 69.4325557, 41.3005119 ], [ 69.4324466, 41.3003618 ], [ 69.4323983, 41.3002856 ], [ 69.4324605, 41.3002548 ], [ 69.4317993, 41.299472 ], [ 69.4301773, 41.3001492 ], [ 69.4303563, 41.3004856 ], [ 69.4304234, 41.3004654 ], [ 69.4309759, 41.3009309 ], [ 69.4311771, 41.301211 ], [ 69.4315231, 41.301074 ], [ 69.4316706, 41.3013057 ], [ 69.4313649, 41.3015939 ] ] ] } },
{ "type": "Feature", "properties": { "osm_id": "r19777503", "kind": "industrial" }, "geometry": { "type": "Polygon", "coordinates": [ [ [ 69.3485337, 41.3060338 ], [ 69.3487781, 41.306843 ], [ 69.349653, 41.3067155 ], [ 69.351664, 41.3064103 ], [ 69.351839, 41.3063996 ], [ 69.351858, 41.3063607 ], [ 69.3518702, 41.3063131 ], [ 69.3516787, 41.30625 ], [ 69.3511884, 41.3059868 ], [ 69.3508068, 41.3056129 ], [ 69.3506055, 41.3054081 ], [ 69.350572, 41.3054222 ], [ 69.3504301, 41.3054826 ], [ 69.3497585, 41.3057723 ], [ 69.3496532, 41.3056293 ], [ 69.3494591, 41.3056617 ], [ 69.3484764, 41.305795 ], [ 69.3485337, 41.3060338 ] ] ] } },
{ "type": "Feature", "properties": { "osm_id": "r19777504", "kind": "industrial" }, "geometry": { "type": "Polygon", "coordinates": [ [ [ 69.3482471, 41.3068639 ], [ 69.3484446, 41.3068788 ], [ 69.3487781, 41.306843 ], [ 69.3485337, 41.3060338 ], [ 69.3478412, 41.3061408 ], [ 69.3482471, 41.3068639 ] ] ] } },
{ "type": "Feature", "properties": { "osm_id": "r19796705", "kind": "industrial" }, "geometry": { "type": "Polygon", "coordinates": [ [ [ 69.3413349, 41.2273583 ], [ 69.3413242, 41.227377 ], [ 69.3412291, 41.2275227 ], [ 69.3408557, 41.2280332 ], [ 69.340775, 41.2282851 ], [ 69.3407163, 41.2285334 ], [ 69.3404253, 41.2289785 ], [ 69.3405158, 41.2293739 ], [ 69.340846, 41.2300544 ], [ 69.3412519, 41.2303376 ], [ 69.3426507, 41.2309924 ], [ 69.3428121, 41.231099 ], [ 69.3431813, 41.2314944 ], [ 69.3438392, 41.2305859 ], [ 69.3436582, 41.2305068 ], [ 69.3442842, 41.2296811 ], [ 69.3443894, 41.2297344 ], [ 69.3449072, 41.229004 ], [ 69.3449112, 41.2289539 ], [ 69.3433514, 41.2281004 ], [ 69.3433365, 41.2281145 ], [ 69.3425354, 41.2276731 ], [ 69.3425368, 41.227661 ], [ 69.3424274, 41.2276198 ], [ 69.3413349, 41.2273583 ] ] ] } },
{ "type": "Feature", "properties": { "osm_id": "r19798765", "kind": "industrial" }, "geometry": { "type": "Polygon", "coordinates": [ [ [ 69.315668, 41.2354653 ], [ 69.3156357, 41.2354866 ], [ 69.3168983, 41.2365356 ], [ 69.3169303, 41.2365618 ], [ 69.3170008, 41.2365173 ], [ 69.3170544, 41.2365576 ], [ 69.3187571, 41.235615 ], [ 69.3186732, 41.2355047 ], [ 69.3183671, 41.2352225 ], [ 69.3177142, 41.2347645 ], [ 69.317758, 41.2347256 ], [ 69.3176911, 41.2346764 ], [ 69.3173023, 41.2344119 ], [ 69.3171926, 41.2342824 ], [ 69.315668, 41.2354653 ] ] ] } },
{ "type": "Feature", "properties": { "osm_id": "r19798768", "kind": "industrial" }, "geometry": { "type": "Polygon", "coordinates": [ [ [ 69.3134043, 41.2318792 ], [ 69.3130861, 41.2320601 ], [ 69.3128407, 41.2322975 ], [ 69.3123983, 41.2327704 ], [ 69.3128901, 41.2330857 ], [ 69.3128096, 41.2331561 ], [ 69.3134972, 41.2337408 ], [ 69.3135165, 41.2337258 ], [ 69.3136059, 41.2336565 ], [ 69.3135589, 41.2336223 ], [ 69.3142396, 41.2330945 ], [ 69.3146483, 41.2326921 ], [ 69.314671, 41.2326644 ], [ 69.3150328, 41.2322229 ], [ 69.3152291, 41.2323301 ], [ 69.315594, 41.2320712 ], [ 69.3164123, 41.2316364 ], [ 69.3158079, 41.2310291 ], [ 69.3158543, 41.2309427 ], [ 69.3155971, 41.230697 ], [ 69.3154022, 41.2308038 ], [ 69.3150571, 41.2310557 ], [ 69.3149431, 41.2311113 ], [ 69.3148127, 41.231144 ], [ 69.3141541, 41.231475 ], [ 69.3134043, 41.2318792 ] ] ] } },
{ "type": "Feature", "properties": { "osm_id": "r19798769", "kind": "industrial" }, "geometry": { "type": "Polygon", "coordinates": [ [ [ 69.3135165, 41.2337258 ], [ 69.3149094, 41.234869 ], [ 69.3149309, 41.2348524 ], [ 69.3152627, 41.234597 ], [ 69.3159087, 41.2340996 ], [ 69.3159899, 41.2341591 ], [ 69.3160194, 41.2341191 ], [ 69.3161648, 41.2339214 ], [ 69.3161698, 41.2339157 ], [ 69.3160633, 41.2338709 ], [ 69.3160503, 41.2338858 ], [ 69.3151132, 41.2334852 ], [ 69.3155347, 41.2331161 ], [ 69.314671, 41.2326644 ], [ 69.3146483, 41.2326921 ], [ 69.3142396, 41.2330945 ], [ 69.3135589, 41.2336223 ], [ 69.3136059, 41.2336565 ], [ 69.3135165, 41.2337258 ] ] ] } },
{ "type": "Feature", "properties": { "osm_id": "r19798777", "kind": "industrial" }, "geometry": { "type": "Polygon", "coordinates": [ [ [ 69.3122741, 41.2313122 ], [ 69.3123316, 41.2313204 ], [ 69.3123103, 41.2314055 ], [ 69.3123388, 41.2314095 ], [ 69.3123335, 41.2314309 ], [ 69.3123765, 41.231437 ], [ 69.3126693, 41.2314784 ], [ 69.3126552, 41.2315348 ], [ 69.3127967, 41.2315971 ], [ 69.3127903, 41.2316054 ], [ 69.3129428, 41.2316726 ], [ 69.3131017, 41.2317427 ], [ 69.3130941, 41.2317524 ], [ 69.3132543, 41.2318231 ], [ 69.3134043, 41.2318792 ], [ 69.3141541, 41.231475 ], [ 69.3148127, 41.231144 ], [ 69.3149431, 41.2311113 ], [ 69.3147966, 41.2309392 ], [ 69.3131966, 41.2302645 ], [ 69.3125421, 41.2300336 ], [ 69.3124373, 41.2305112 ], [ 69.3124075, 41.2305093 ], [ 69.3122555, 41.2313104 ], [ 69.3122741, 41.2313122 ] ] ] } },
{ "type": "Feature", "properties": { "osm_id": "r19876774", "kind": "industrial" }, "geometry": { "type": "Polygon", "coordinates": [ [ [ 69.243811, 41.1716485 ], [ 69.243769, 41.1732182 ], [ 69.2441792, 41.1737373 ], [ 69.2445718, 41.1737233 ], [ 69.2450832, 41.1744166 ], [ 69.2457559, 41.1741073 ], [ 69.2465585, 41.1739876 ], [ 69.2470748, 41.1748388 ], [ 69.2481964, 41.174677 ], [ 69.2489611, 41.1759123 ], [ 69.2496928, 41.1758411 ], [ 69.2503676, 41.1759753 ], [ 69.2513281, 41.1755559 ], [ 69.249789, 41.1733419 ], [ 69.2486527, 41.1714018 ], [ 69.246652, 41.1715046 ], [ 69.243811, 41.1716485 ] ] ] } },
{ "type": "Feature", "properties": { "osm_id": "r19891695", "kind": "industrial" }, "geometry": { "type": "Polygon", "coordinates": [ [ [ 69.1948007, 41.1892831 ], [ 69.1961862, 41.1899809 ], [ 69.196922, 41.1891392 ], [ 69.1960976, 41.188693 ], [ 69.1953609, 41.1886465 ], [ 69.1950517, 41.1890018 ], [ 69.1949608, 41.1891036 ], [ 69.1949328, 41.189135 ], [ 69.1948146, 41.1892676 ], [ 69.1948063, 41.1892769 ], [ 69.1948007, 41.1892831 ] ] ] } },
{ "type": "Feature", "properties": { "osm_id": "r19891696", "kind": "industrial" }, "geometry": { "type": "Polygon", "coordinates": [ [ [ 69.1960976, 41.188693 ], [ 69.1966523, 41.1889926 ], [ 69.196922, 41.1891392 ], [ 69.1976056, 41.1895096 ], [ 69.198193, 41.1889363 ], [ 69.1966961, 41.1870676 ], [ 69.196319, 41.1872049 ], [ 69.1963393, 41.1877854 ], [ 69.1960976, 41.188693 ] ] ] } },
{ "type": "Feature", "properties": { "osm_id": "r19891697", "kind": "industrial" }, "geometry": { "type": "Polygon", "coordinates": [ [ [ 69.1976056, 41.1895096 ], [ 69.1988796, 41.1901736 ], [ 69.1997486, 41.1891079 ], [ 69.1987428, 41.1890494 ], [ 69.1982823, 41.1889017 ], [ 69.1982493, 41.1889484 ], [ 69.198193, 41.1889363 ], [ 69.1976056, 41.1895096 ] ] ] } },
{ "type": "Feature", "properties": { "osm_id": "r19893512", "kind": "industrial" }, "geometry": { "type": "Polygon", "coordinates": [ [ [ 69.2075204, 41.1875189 ], [ 69.2073154, 41.1873949 ], [ 69.1981792, 41.1869701 ], [ 69.1971692, 41.1869494 ], [ 69.1970007, 41.1869579 ], [ 69.1969008, 41.1869777 ], [ 69.196882, 41.1870033 ], [ 69.1968763, 41.1870784 ], [ 69.1980885, 41.1886221 ], [ 69.1982751, 41.1887705 ], [ 69.2038271, 41.1890139 ], [ 69.2038263, 41.1890284 ], [ 69.2065087, 41.1891314 ], [ 69.2065051, 41.1891771 ], [ 69.207457, 41.1893021 ], [ 69.208288, 41.1879834 ], [ 69.2075204, 41.1875189 ] ] ] } },
{ "type": "Feature", "properties": { "osm_id": "r19893513", "kind": "industrial" }, "geometry": { "type": "Polygon", "coordinates": [ [ [ 69.2145718, 41.1908227 ], [ 69.2145608, 41.1908607 ], [ 69.2155739, 41.1912669 ], [ 69.2160124, 41.1914425 ], [ 69.2166406, 41.1917026 ], [ 69.2172329, 41.1919289 ], [ 69.2176223, 41.1920846 ], [ 69.2180789, 41.1914383 ], [ 69.2187512, 41.19046 ], [ 69.2172431, 41.1899109 ], [ 69.2148725, 41.1898114 ], [ 69.2148441, 41.1898824 ], [ 69.2145718, 41.1908227 ] ] ] } },
{ "type": "Feature", "properties": { "osm_id": "r19920625", "kind": "industrial" }, "geometry": { "type": "Polygon", "coordinates": [ [ [ 69.2235568, 41.2425378 ], [ 69.2236385, 41.2427384 ], [ 69.2245182, 41.2435643 ], [ 69.2249931, 41.2434189 ], [ 69.2248188, 41.2432446 ], [ 69.2251239, 41.2430329 ], [ 69.2238984, 41.2422624 ], [ 69.2235568, 41.2425378 ] ] ] } },
{ "type": "Feature", "properties": { "osm_id": "r20459239", "kind": "industrial" }, "geometry": { "type": "Polygon", "coordinates": [ [ [ 69.2543454, 41.1695721 ], [ 69.254632, 41.170967 ], [ 69.2555246, 41.1709245 ], [ 69.2563135, 41.1708697 ], [ 69.2560125, 41.1693768 ], [ 69.2543454, 41.1695721 ] ] ] } },
{ "type": "Feature", "properties": { "osm_id": "r20459240", "kind": "industrial" }, "geometry": { "type": "Polygon", "coordinates": [ [ [ 69.2543454, 41.1695721 ], [ 69.2539504, 41.1696184 ], [ 69.250082, 41.1700716 ], [ 69.2504237, 41.1711671 ], [ 69.254632, 41.170967 ], [ 69.2543454, 41.1695721 ] ] ] } },
{ "type": "Feature", "properties": { "osm_id": "r20591507", "kind": "industrial" }, "geometry": { "type": "Polygon", "coordinates": [ [ [ 69.3088548, 41.3096306 ], [ 69.3087245, 41.3097538 ], [ 69.3086059, 41.3098665 ], [ 69.3085679, 41.3099101 ], [ 69.3086108, 41.3099726 ], [ 69.3086652, 41.3100357 ], [ 69.3088494, 41.3102498 ], [ 69.3088759, 41.3102805 ], [ 69.3089824, 41.310492 ], [ 69.3088515, 41.310525 ], [ 69.3089889, 41.31073 ], [ 69.309004, 41.3107555 ], [ 69.3090444, 41.3108237 ], [ 69.310126, 41.310462 ], [ 69.3100706, 41.3103687 ], [ 69.3100606, 41.3103517 ], [ 69.3100408, 41.3103182 ], [ 69.3102977, 41.310228 ], [ 69.3097008, 41.3092779 ], [ 69.3095809, 41.309284 ], [ 69.3093722, 41.3093774 ], [ 69.3088548, 41.3096306 ] ] ] } },
{ "type": "Feature", "properties": { "osm_id": "r20798424", "kind": "industrial" }, "geometry": { "type": "Polygon", "coordinates": [ [ [ 69.2032094, 41.1916804 ], [ 69.2045197, 41.192345 ], [ 69.2045723, 41.1922882 ], [ 69.205559, 41.1912228 ], [ 69.2044459, 41.1906637 ], [ 69.2042716, 41.1905244 ], [ 69.2032094, 41.1916804 ] ] ] } },
{ "type": "Feature", "properties": { "osm_id": "w201100358", "kind": "aerodrome" }, "geometry": { "type": "Polygon", "coordinates": [ [ [ 69.4057684, 41.311186 ], [ 69.3978325, 41.310336 ], [ 69.3967913, 41.3092697 ], [ 69.3956755, 41.3081615 ], [ 69.3923186, 41.3078225 ], [ 69.3895444, 41.3094281 ], [ 69.388068, 41.3092821 ], [ 69.3839759, 41.3088301 ], [ 69.3830503, 41.3079007 ], [ 69.3819362, 41.3077595 ], [ 69.3807314, 41.3084666 ], [ 69.3745292, 41.3078077 ], [ 69.3751526, 41.3045417 ], [ 69.3747852, 41.3041917 ], [ 69.3748025, 41.3041012 ], [ 69.3718755, 41.3038037 ], [ 69.3707217, 41.3036865 ], [ 69.3703517, 41.3036524 ], [ 69.3673466, 41.3033173 ], [ 69.3675658, 41.3021825 ], [ 69.366311, 41.3020422 ], [ 69.3663216, 41.301996 ], [ 69.3631735, 41.3016717 ], [ 69.3624923, 41.3016919 ], [ 69.3618277, 41.3018834 ], [ 69.3614241, 41.3020655 ], [ 69.3609604, 41.3024871 ], [ 69.3611075, 41.3025721 ], [ 69.3612584, 41.3025851 ], [ 69.3607732, 41.3053179 ], [ 69.3607441, 41.3055007 ], [ 69.3607418, 41.305515 ], [ 69.3607288, 41.3055966 ], [ 69.3599979, 41.3093053 ], [ 69.3626074, 41.3102255 ], [ 69.3654142, 41.3111976 ], [ 69.367802, 41.3120191 ], [ 69.3688262, 41.312378 ], [ 69.3705492, 41.3129678 ], [ 69.3725905, 41.3137897 ], [ 69.3744952, 41.3145863 ], [ 69.3806799, 41.317147 ], [ 69.3827758, 41.3180339 ], [ 69.3838958, 41.3184373 ], [ 69.3854376, 41.3189153 ], [ 69.3869498, 41.3195509 ], [ 69.3874467, 41.3196678 ], [ 69.3874533, 41.3196693 ], [ 69.3880505, 41.3198028 ], [ 69.3881785, 41.3198273 ], [ 69.388208, 41.319833 ], [ 69.3885239, 41.3198695 ], [ 69.3886794, 41.3198882 ], [ 69.3887698, 41.3198991 ], [ 69.3896504, 41.3200038 ], [ 69.3899549, 41.3200764 ], [ 69.3899991, 41.3200869 ], [ 69.3920346, 41.3204474 ], [ 69.3987379, 41.3215746 ], [ 69.4054437, 41.3228427 ], [ 69.4079081, 41.3232515 ], [ 69.4096871, 41.3235225 ], [ 69.4109052, 41.3216767 ], [ 69.4111701, 41.321621 ], [ 69.4111525, 41.3215629 ], [ 69.4111375, 41.3214838 ], [ 69.4110736, 41.3213622 ], [ 69.4223993, 41.3191263 ], [ 69.4254038, 41.3185418 ], [ 69.4259801, 41.3156431 ], [ 69.4231377, 41.3138935 ], [ 69.4157695, 41.3129731 ], [ 69.4157301, 41.3129648 ], [ 69.4090061, 41.3115479 ], [ 69.4080904, 41.3106287 ], [ 69.4069734, 41.3104864 ], [ 69.4057684, 41.311186 ] ] ] } },
{ "type": "Feature", "properties": { "osm_id": "r12345328", "kind": "aerodrome" }, "geometry": { "type": "Polygon", "coordinates": [ [ [ 69.2505012, 41.2553335 ], [ 69.2507931, 41.2553793 ], [ 69.2510607, 41.2554209 ], [ 69.2512033, 41.2554462 ], [ 69.2512982, 41.2554804 ], [ 69.2512252, 41.2555802 ], [ 69.2513693, 41.255663 ], [ 69.2519595, 41.2557621 ], [ 69.2526696, 41.2559124 ], [ 69.2524335, 41.2564631 ], [ 69.2535705, 41.2568434 ], [ 69.2539697, 41.2570928 ], [ 69.2542457, 41.2567923 ], [ 69.2546122, 41.2569806 ], [ 69.2547164, 41.2568768 ], [ 69.2554867, 41.2572591 ], [ 69.2554672, 41.2573232 ], [ 69.2558965, 41.2573252 ], [ 69.2567885, 41.2572799 ], [ 69.2574342, 41.2573645 ], [ 69.2575045, 41.2573804 ], [ 69.2576298, 41.2574264 ], [ 69.2573272, 41.2579161 ], [ 69.2580932, 41.2578189 ], [ 69.2581331, 41.2578096 ], [ 69.258199, 41.2579698 ], [ 69.2583039, 41.2579713 ], [ 69.2591362, 41.2578557 ], [ 69.2591585, 41.2578882 ], [ 69.2592015, 41.2579263 ], [ 69.2594358, 41.2583753 ], [ 69.2595074, 41.258481 ], [ 69.2595868, 41.2585715 ], [ 69.2596651, 41.2586013 ], [ 69.2598805, 41.2585836 ], [ 69.2602319, 41.2585927 ], [ 69.2611688, 41.2586478 ], [ 69.2612387, 41.2586556 ], [ 69.2612694, 41.2586902 ], [ 69.2612923, 41.2587422 ], [ 69.2612906, 41.2587943 ], [ 69.2611757, 41.2594686 ], [ 69.2610996, 41.2594972 ], [ 69.2607424, 41.2595199 ], [ 69.260787, 41.2598549 ], [ 69.2615018, 41.2597889 ], [ 69.2615378, 41.2600699 ], [ 69.2615763, 41.2603683 ], [ 69.2616002, 41.2608719 ], [ 69.2616058, 41.2609798 ], [ 69.2616114, 41.2610877 ], [ 69.2616192, 41.2613141 ], [ 69.2616208, 41.2614362 ], [ 69.2616254, 41.261569 ], [ 69.2616354, 41.2619188 ], [ 69.2615904, 41.2619988 ], [ 69.2614927, 41.2620583 ], [ 69.2615628, 41.2621169 ], [ 69.2615832, 41.262132 ], [ 69.2615335, 41.262169 ], [ 69.2614983, 41.2621951 ], [ 69.2614367, 41.2622408 ], [ 69.2612917, 41.2622385 ], [ 69.2612756, 41.2622248 ], [ 69.2607267, 41.2624972 ], [ 69.2604177, 41.2627212 ], [ 69.2603742, 41.2627588 ], [ 69.2603546, 41.2627787 ], [ 69.2603367, 41.2628018 ], [ 69.2603259, 41.2628171 ], [ 69.2603159, 41.262835 ], [ 69.2603101, 41.2628536 ], [ 69.2603086, 41.2628716 ], [ 69.2603104, 41.2628891 ], [ 69.2603156, 41.2629105 ], [ 69.2611992, 41.2647058 ], [ 69.2614958, 41.2653464 ], [ 69.2616052, 41.2655523 ], [ 69.2616617, 41.2655935 ], [ 69.2627295, 41.2660824 ], [ 69.2635564, 41.2650876 ], [ 69.2637272, 41.2648799 ], [ 69.2637597, 41.2648148 ], [ 69.2640575, 41.2644925 ], [ 69.2641899, 41.2638642 ], [ 69.2642371, 41.2636402 ], [ 69.264165, 41.2633585 ], [ 69.2640868, 41.2630517 ], [ 69.2640728, 41.2630378 ], [ 69.2640677, 41.2629876 ], [ 69.2642072, 41.2629396 ], [ 69.2642709, 41.2629191 ], [ 69.2643277, 41.2629 ], [ 69.2643511, 41.2628921 ], [ 69.2643789, 41.2628827 ], [ 69.2644818, 41.2629518 ], [ 69.2645737, 41.2628275 ], [ 69.2646647, 41.2627026 ], [ 69.2647189, 41.2627219 ], [ 69.2650431, 41.2623173 ], [ 69.2650753, 41.2622782 ], [ 69.2650923, 41.2622591 ], [ 69.2651087, 41.2622406 ], [ 69.2651272, 41.2622227 ], [ 69.2651445, 41.2622063 ], [ 69.2651643, 41.2621892 ], [ 69.2651856, 41.2621728 ], [ 69.2652096, 41.262158 ], [ 69.2652353, 41.2621443 ], [ 69.2652635, 41.2621325 ], [ 69.2652921, 41.2621223 ], [ 69.2653244, 41.2621114 ], [ 69.2653582, 41.2621028 ], [ 69.2653878, 41.2620994 ], [ 69.2654178, 41.2620986 ], [ 69.2654156, 41.262078 ], [ 69.2655076, 41.2619746 ], [ 69.265753, 41.2620974 ], [ 69.2657264, 41.2621276 ], [ 69.265715, 41.2621405 ], [ 69.2656153, 41.2622536 ], [ 69.2657296, 41.2623105 ], [ 69.2655965, 41.2624597 ], [ 69.2655163, 41.2624211 ], [ 69.2653346, 41.2626263 ], [ 69.265826, 41.2628627 ], [ 69.2658694, 41.2628836 ], [ 69.2660376, 41.2629646 ], [ 69.2661171, 41.2630027 ], [ 69.2661605, 41.2630236 ], [ 69.2664183, 41.2631476 ], [ 69.2664617, 41.2631685 ], [ 69.2665708, 41.263221 ], [ 69.2666452, 41.2631349 ], [ 69.2668529, 41.2632347 ], [ 69.2666632, 41.2634545 ], [ 69.2664766, 41.2636771 ], [ 69.2664459, 41.2637082 ], [ 69.2664132, 41.2637363 ], [ 69.2663418, 41.2637864 ], [ 69.2663622, 41.2638048 ], [ 69.2663228, 41.2638295 ], [ 69.2662405, 41.2639289 ], [ 69.2661727, 41.2640312 ], [ 69.2663268, 41.2640074 ], [ 69.2665794, 41.2637138 ], [ 69.267053, 41.2637784 ], [ 69.2671699, 41.2638041 ], [ 69.2672657, 41.2638337 ], [ 69.2674912, 41.2639046 ], [ 69.2675942, 41.2638351 ], [ 69.267608, 41.2638404 ], [ 69.2677818, 41.2638951 ], [ 69.2677864, 41.2638969 ], [ 69.2679428, 41.2639585 ], [ 69.2680964, 41.2640301 ], [ 69.2682439, 41.2641133 ], [ 69.2683085, 41.2641592 ], [ 69.2683731, 41.2642051 ], [ 69.2684938, 41.2643047 ], [ 69.2685519, 41.2643549 ], [ 69.2686047, 41.2644062 ], [ 69.2686665, 41.2644717 ], [ 69.2687244, 41.2645411 ], [ 69.268885, 41.2643423 ], [ 69.2687971, 41.2645985 ], [ 69.2686738, 41.2649581 ], [ 69.2686462, 41.2650386 ], [ 69.268891, 41.2650803 ], [ 69.2689417, 41.2650889 ], [ 69.2693681, 41.2651616 ], [ 69.2691792, 41.2657185 ], [ 69.268975, 41.2663203 ], [ 69.268788, 41.266281 ], [ 69.2686962, 41.2665403 ], [ 69.2685936, 41.2668532 ], [ 69.2684963, 41.2671201 ], [ 69.2683145, 41.2676828 ], [ 69.2685554, 41.2677271 ], [ 69.2689814, 41.267815 ], [ 69.2689674, 41.2678587 ], [ 69.2688916, 41.2678454 ], [ 69.2688675, 41.2679315 ], [ 69.2688582, 41.2679654 ], [ 69.2689138, 41.2679754 ], [ 69.2688923, 41.2680562 ], [ 69.2688379, 41.2680469 ], [ 69.268801, 41.2681946 ], [ 69.2687652, 41.2683383 ], [ 69.2701587, 41.2686009 ], [ 69.2701828, 41.2685321 ], [ 69.2726197, 41.2689884 ], [ 69.2742556, 41.2692991 ], [ 69.2745256, 41.2693416 ], [ 69.274554, 41.2692398 ], [ 69.274717, 41.268655 ], [ 69.2748605, 41.2686822 ], [ 69.2749564, 41.2687004 ], [ 69.2749026, 41.2688596 ], [ 69.2750786, 41.2688932 ], [ 69.275083, 41.2688802 ], [ 69.2751867, 41.2689 ], [ 69.2752145, 41.2689053 ], [ 69.2751299, 41.2691879 ], [ 69.2755445, 41.2692547 ], [ 69.2754611, 41.2695103 ], [ 69.2756557, 41.2695458 ], [ 69.2758897, 41.2695884 ], [ 69.2760826, 41.2689729 ], [ 69.2762134, 41.268498 ], [ 69.2763451, 41.2680652 ], [ 69.2765076, 41.2675258 ], [ 69.2768368, 41.2675905 ], [ 69.276958, 41.267182 ], [ 69.2771816, 41.2672235 ], [ 69.277242, 41.2670396 ], [ 69.2772553, 41.2670419 ], [ 69.2773814, 41.2670638 ], [ 69.2774354, 41.2670722 ], [ 69.2774926, 41.2670594 ], [ 69.277638, 41.2668158 ], [ 69.2777815, 41.2666672 ], [ 69.2778194, 41.2666848 ], [ 69.277847, 41.2666493 ], [ 69.2780484, 41.2667079 ], [ 69.2781054, 41.2667061 ], [ 69.278181, 41.2667337 ], [ 69.2782159, 41.2667487 ], [ 69.2783026, 41.2667737 ], [ 69.2783612, 41.2666779 ], [ 69.2784829, 41.2666635 ], [ 69.2791513, 41.2667956 ], [ 69.2795513, 41.2668718 ], [ 69.2813582, 41.2671868 ], [ 69.2815645, 41.2664616 ], [ 69.2817184, 41.2664964 ], [ 69.2818334, 41.2663634 ], [ 69.2819361, 41.2662326 ], [ 69.2820192, 41.2662498 ], [ 69.2820598, 41.2661484 ], [ 69.2821121, 41.265995 ], [ 69.2821867, 41.2657763 ], [ 69.2835, 41.2659655 ], [ 69.2840933, 41.2653016 ], [ 69.2841617, 41.2657017 ], [ 69.2852697, 41.2662642 ], [ 69.2881366, 41.2630029 ], [ 69.2886131, 41.2624609 ], [ 69.2886223, 41.2624423 ], [ 69.2901171, 41.2625998 ], [ 69.2902354, 41.2626282 ], [ 69.2912332, 41.2629743 ], [ 69.29227, 41.2632904 ], [ 69.2930827, 41.2635337 ], [ 69.2943575, 41.2639109 ], [ 69.2947433, 41.2640158 ], [ 69.2947849, 41.2640187 ], [ 69.2950804, 41.2639405 ], [ 69.2960081, 41.2636833 ], [ 69.2962306, 41.2636168 ], [ 69.2967652, 41.2635837 ], [ 69.2972808, 41.2635497 ], [ 69.297308, 41.2632189 ], [ 69.2973666, 41.2631808 ], [ 69.2978452, 41.2628685 ], [ 69.2978588, 41.2628596 ], [ 69.2989091, 41.2629133 ], [ 69.2995543, 41.2629079 ], [ 69.3001223, 41.2628712 ], [ 69.3002906, 41.2628497 ], [ 69.3007696, 41.262784 ], [ 69.3009152, 41.2627558 ], [ 69.301027, 41.2627118 ], [ 69.3013796, 41.2625244 ], [ 69.3022215, 41.2620515 ], [ 69.3026008, 41.2618479 ], [ 69.3036205, 41.2622896 ], [ 69.3045513, 41.2627469 ], [ 69.3059126, 41.2634968 ], [ 69.3065375, 41.2638329 ], [ 69.3076247, 41.2643797 ], [ 69.3076366, 41.2643852 ], [ 69.3076724, 41.2644018 ], [ 69.3077008, 41.2644124 ], [ 69.3078282, 41.2644596 ], [ 69.3078583, 41.2644693 ], [ 69.3078733, 41.2644728 ], [ 69.3078883, 41.2644751 ], [ 69.3079041, 41.2644761 ], [ 69.3079199, 41.2644763 ], [ 69.3079359, 41.2644757 ], [ 69.3079521, 41.2644735 ], [ 69.3079674, 41.2644704 ], [ 69.3079827, 41.2644661 ], [ 69.3079976, 41.2644613 ], [ 69.3080117, 41.2644551 ], [ 69.3080265, 41.2644481 ], [ 69.3080404, 41.2644399 ], [ 69.3080536, 41.2644311 ], [ 69.3080659, 41.2644212 ], [ 69.308153, 41.2643369 ], [ 69.3083277, 41.2641338 ], [ 69.3084685, 41.2639492 ], [ 69.3090983, 41.2631117 ], [ 69.3093431, 41.2627489 ], [ 69.309592, 41.2623897 ], [ 69.309891, 41.2619927 ], [ 69.3100287, 41.2618363 ], [ 69.3101299, 41.2616993 ], [ 69.3105301, 41.2611466 ], [ 69.3105738, 41.2610892 ], [ 69.3105837, 41.2610738 ], [ 69.3105926, 41.2610582 ], [ 69.3105996, 41.2610417 ], [ 69.310605, 41.2610243 ], [ 69.3106091, 41.2610055 ], [ 69.310611, 41.2609861 ], [ 69.310612, 41.2609675 ], [ 69.310613, 41.2609488 ], [ 69.3106121, 41.26093 ], [ 69.3106094, 41.2609107 ], [ 69.3106059, 41.2608922 ], [ 69.3106011, 41.2608716 ], [ 69.3105922, 41.2608459 ], [ 69.3105849, 41.2608338 ], [ 69.3105776, 41.2608218 ], [ 69.3105676, 41.2608098 ], [ 69.3105508, 41.2607933 ], [ 69.3105353, 41.260778 ], [ 69.3105178, 41.2607649 ], [ 69.3104941, 41.2607492 ], [ 69.3103825, 41.2606987 ], [ 69.3092626, 41.2602219 ], [ 69.3080583, 41.2596563 ], [ 69.3072568, 41.2593166 ], [ 69.3067765, 41.2591291 ], [ 69.3052474, 41.2584838 ], [ 69.3044722, 41.258142 ], [ 69.3039157, 41.2579009 ], [ 69.3031476, 41.2575936 ], [ 69.3028017, 41.2574569 ], [ 69.3026491, 41.2574038 ], [ 69.3024587, 41.2573581 ], [ 69.3022322, 41.2573246 ], [ 69.3015871, 41.257278 ], [ 69.3011687, 41.2572424 ], [ 69.3004543, 41.2571833 ], [ 69.2996912, 41.2571093 ], [ 69.2986264, 41.2570134 ], [ 69.2980755, 41.2569812 ], [ 69.2977425, 41.2569494 ], [ 69.2975748, 41.2569371 ], [ 69.2974318, 41.2569175 ], [ 69.2973838, 41.2568954 ], [ 69.2972254, 41.2568654 ], [ 69.2970144, 41.2568361 ], [ 69.2969705, 41.2569025 ], [ 69.2969523, 41.2569093 ], [ 69.2969322, 41.2569133 ], [ 69.2969087, 41.2569159 ], [ 69.2968851, 41.2569179 ], [ 69.2968602, 41.2569184 ], [ 69.2968352, 41.2569175 ], [ 69.2968021, 41.2569116 ], [ 69.2967689, 41.2569029 ], [ 69.2966979, 41.2568784 ], [ 69.2965453, 41.2568365 ], [ 69.296333, 41.256794 ], [ 69.2959562, 41.2567452 ], [ 69.293047, 41.2564659 ], [ 69.2928819, 41.2564501 ], [ 69.2916024, 41.2563276 ], [ 69.2915578, 41.2563386 ], [ 69.2913474, 41.2563241 ], [ 69.2905996, 41.2562629 ], [ 69.2891558, 41.2561094 ], [ 69.2883271, 41.2560269 ], [ 69.2870099, 41.255882 ], [ 69.2858263, 41.2557857 ], [ 69.2857075, 41.2557845 ], [ 69.285626, 41.2557774 ], [ 69.2850245, 41.255699 ], [ 69.2831078, 41.2554131 ], [ 69.2809115, 41.2550991 ], [ 69.2797481, 41.2549229 ], [ 69.2780525, 41.2546879 ], [ 69.2757412, 41.254399 ], [ 69.2733414, 41.2540881 ], [ 69.2721739, 41.2539342 ], [ 69.2711739, 41.2538038 ], [ 69.2708287, 41.2537511 ], [ 69.2708364, 41.2532653 ], [ 69.2702717, 41.2529334 ], [ 69.270243, 41.2529166 ], [ 69.2684219, 41.2518464 ], [ 69.2684093, 41.2508369 ], [ 69.2665061, 41.2508489 ], [ 69.2665029, 41.250667 ], [ 69.2660478, 41.2506699 ], [ 69.2659904, 41.2506702 ], [ 69.2659771, 41.2506703 ], [ 69.2659129, 41.2506706 ], [ 69.2659122, 41.2505341 ], [ 69.2658886, 41.2505342 ], [ 69.26546, 41.2505354 ], [ 69.2654598, 41.2504926 ], [ 69.265316, 41.2504931 ], [ 69.2653132, 41.250442 ], [ 69.2646514, 41.2504438 ], [ 69.2646531, 41.250495 ], [ 69.2645104, 41.2504954 ], [ 69.2645107, 41.2505384 ], [ 69.2641231, 41.2505395 ], [ 69.2640597, 41.2505397 ], [ 69.264063, 41.2506524 ], [ 69.2640055, 41.2506535 ], [ 69.2639738, 41.2506541 ], [ 69.2638788, 41.2506559 ], [ 69.263455, 41.2506558 ], [ 69.2634559, 41.2509121 ], [ 69.2623588, 41.2509194 ], [ 69.2615898, 41.2509204 ], [ 69.261605, 41.2522222 ], [ 69.2609453, 41.2524194 ], [ 69.2598212, 41.2527558 ], [ 69.2589013, 41.2526932 ], [ 69.2587151, 41.2527578 ], [ 69.2583418, 41.2528375 ], [ 69.2582072, 41.2528876 ], [ 69.2579752, 41.2529768 ], [ 69.2579577, 41.2530063 ], [ 69.2575184, 41.2531554 ], [ 69.2574682, 41.2531719 ], [ 69.2574555, 41.2531759 ], [ 69.2574428, 41.253179 ], [ 69.2574359, 41.2531802 ], [ 69.2574289, 41.2531813 ], [ 69.2574218, 41.253182 ], [ 69.2574149, 41.2531825 ], [ 69.2574079, 41.2531828 ], [ 69.2574009, 41.2531828 ], [ 69.257387, 41.2531827 ], [ 69.2573581, 41.2531808 ], [ 69.2572989, 41.2531738 ], [ 69.255878, 41.2530047 ], [ 69.2558539, 41.2530036 ], [ 69.2558298, 41.2530039 ], [ 69.2558057, 41.2530045 ], [ 69.2557809, 41.2530061 ], [ 69.2557571, 41.253008 ], [ 69.2557333, 41.2530107 ], [ 69.2557092, 41.2530141 ], [ 69.2556841, 41.253018 ], [ 69.2556613, 41.2530224 ], [ 69.2556381, 41.253028 ], [ 69.2556166, 41.2530349 ], [ 69.255595, 41.2530427 ], [ 69.2555147, 41.2530819 ], [ 69.2549489, 41.2533954 ], [ 69.2538898, 41.2532815 ], [ 69.2530523, 41.2531961 ], [ 69.2529911, 41.2531889 ], [ 69.2516686, 41.2530459 ], [ 69.2513509, 41.2532301 ], [ 69.251312, 41.2532302 ], [ 69.2512575, 41.2532663 ], [ 69.251251, 41.2532872 ], [ 69.2499972, 41.254045 ], [ 69.2494896, 41.2543502 ], [ 69.2493569, 41.2544288 ], [ 69.2491909, 41.2545549 ], [ 69.248988, 41.2547454 ], [ 69.2492006, 41.2548425 ], [ 69.2494091, 41.2549693 ], [ 69.2500741, 41.2552325 ], [ 69.2502712, 41.255286 ], [ 69.2503116, 41.2552947 ], [ 69.2503075, 41.2553131 ], [ 69.2504971, 41.255348 ], [ 69.2505012, 41.2553335 ] ] ] } }
]
}
